2025-11-19 14:14:51 - ai_model - INFO - ✅ AI模型初始化完成
2025-11-19 14:14:51 - ai_model - DEBUG -    模型: deepseek-ai/DeepSeek-V3
2025-11-19 14:14:51 - ai_model - DEBUG -    Base URL: https://api.siliconflow.cn/v1
2025-11-19 14:14:51 - ai_model - DEBUG -    API Key: sk-gsaohhwdtofontqfo...rolhikfqmy
2025-11-19 14:16:15 - ai_model - INFO - ✅ AI模型初始化完成
2025-11-19 14:16:15 - ai_model - DEBUG -    模型: deepseek-ai/DeepSeek-V3.2-Exp
2025-11-19 14:16:15 - ai_model - DEBUG -    Base URL: https://api.siliconflow.cn/v1
2025-11-19 14:16:15 - ai_model - DEBUG -    API Key: sk-gsaohhwdtofontqfo...rolhikfqmy
2025-11-19 14:16:17 - ai_model - INFO - ✅ AI模型初始化完成
2025-11-19 14:16:17 - ai_model - DEBUG -    模型: deepseek-ai/DeepSeek-V3.2-Exp
2025-11-19 14:16:17 - ai_model - DEBUG -    Base URL: https://api.siliconflow.cn/v1
2025-11-19 14:16:17 - ai_model - DEBUG -    API Key: sk-gsaohhwdtofontqfo...rolhikfqmy
2025-11-19 14:19:17 - ai_model - INFO - ✅ AI模型初始化完成
2025-11-19 14:19:17 - ai_model - DEBUG -    模型: deepseek-ai/DeepSeek-V3.2-Exp
2025-11-19 14:19:17 - ai_model - DEBUG -    Base URL: https://api.siliconflow.cn/v1
2025-11-19 14:19:17 - ai_model - DEBUG -    API Key: sk-gsaohhwdtofontqfo...rolhikfqmy
2025-11-19 14:19:20 - ai_model - INFO - ✅ AI模型初始化完成
2025-11-19 14:19:20 - ai_model - DEBUG -    模型: deepseek-ai/DeepSeek-V3.2-Exp
2025-11-19 14:19:20 - ai_model - DEBUG -    Base URL: https://api.siliconflow.cn/v1
2025-11-19 14:19:20 - ai_model - DEBUG -    API Key: sk-gsaohhwdtofontqfo...rolhikfqmy
2025-11-19 14:19:25 - ai_model - INFO - ✅ AI模型初始化完成
2025-11-19 14:19:25 - ai_model - DEBUG -    模型: deepseek-ai/DeepSeek-V3.2-Exp
2025-11-19 14:19:25 - ai_model - DEBUG -    Base URL: https://api.siliconflow.cn/v1
2025-11-19 14:19:25 - ai_model - DEBUG -    API Key: sk-gsaohhwdtofontqfo...rolhikfqmy
2025-11-19 14:19:26 - ai_model - INFO - ✅ AI模型初始化完成
2025-11-19 14:19:26 - ai_model - DEBUG -    模型: deepseek-ai/DeepSeek-V3.2-Exp
2025-11-19 14:19:26 - ai_model - DEBUG -    Base URL: https://api.siliconflow.cn/v1
2025-11-19 14:19:26 - ai_model - DEBUG -    API Key: sk-gsaohhwdtofontqfo...rolhikfqmy
2025-11-19 14:19:57 - ai_model - DEBUG - ✅ AI模型初始化完成
2025-11-19 14:19:57 - ai_model - DEBUG -    模型: deepseek-ai/DeepSeek-V3.2-Exp
2025-11-19 14:19:57 - ai_model - DEBUG -    Base URL: https://api.siliconflow.cn/v1
2025-11-19 14:19:57 - ai_model - DEBUG -    API Key: sk-gsaohhwdtofontqfo...rolhikfqmy
2025-11-19 14:20:00 - ai_model - DEBUG - ✅ AI模型初始化完成
2025-11-19 14:20:00 - ai_model - DEBUG -    模型: deepseek-ai/DeepSeek-V3.2-Exp
2025-11-19 14:20:00 - ai_model - DEBUG -    Base URL: https://api.siliconflow.cn/v1
2025-11-19 14:20:00 - ai_model - DEBUG -    API Key: sk-gsaohhwdtofontqfo...rolhikfqmy
2025-11-19 14:20:04 - ai_model - DEBUG - ✅ AI模型初始化完成
2025-11-19 14:20:04 - ai_model - DEBUG -    模型: deepseek-ai/DeepSeek-V3.2-Exp
2025-11-19 14:20:04 - ai_model - DEBUG -    Base URL: https://api.siliconflow.cn/v1
2025-11-19 14:20:04 - ai_model - DEBUG -    API Key: sk-gsaohhwdtofontqfo...rolhikfqmy
2025-11-19 14:20:05 - ai_model - DEBUG - ✅ AI模型初始化完成
2025-11-19 14:20:05 - ai_model - DEBUG -    模型: deepseek-ai/DeepSeek-V3.2-Exp
2025-11-19 14:20:05 - ai_model - DEBUG -    Base URL: https://api.siliconflow.cn/v1
2025-11-19 14:20:05 - ai_model - DEBUG -    API Key: sk-gsaohhwdtofontqfo...rolhikfqmy
2025-11-19 14:22:00 - ai_model - DEBUG - ✅ AI模型初始化完成
2025-11-19 14:22:00 - ai_model - DEBUG -    模型: deepseek-ai/DeepSeek-V3.2-Exp
2025-11-19 14:22:00 - ai_model - DEBUG -    Base URL: https://api.siliconflow.cn/v1
2025-11-19 14:22:00 - ai_model - DEBUG -    API Key: sk-gsaohhwdtofontqfo...rolhikfqmy
2025-11-19 14:22:03 - ai_model - DEBUG - ✅ AI模型初始化完成
2025-11-19 14:22:03 - ai_model - DEBUG -    模型: deepseek-ai/DeepSeek-V3.2-Exp
2025-11-19 14:22:03 - ai_model - DEBUG -    Base URL: https://api.siliconflow.cn/v1
2025-11-19 14:22:03 - ai_model - DEBUG -    API Key: sk-gsaohhwdtofontqfo...rolhikfqmy
2025-11-19 14:22:04 - ai_model - DEBUG - ✅ AI模型初始化完成
2025-11-19 14:22:04 - ai_model - DEBUG -    模型: deepseek-ai/DeepSeek-V3.2-Exp
2025-11-19 14:22:04 - ai_model - DEBUG -    Base URL: https://api.siliconflow.cn/v1
2025-11-19 14:22:04 - ai_model - DEBUG -    API Key: sk-gsaohhwdtofontqfo...rolhikfqmy
2025-11-19 14:22:53 - ai_model - DEBUG - ✅ AI模型初始化完成
2025-11-19 14:22:53 - ai_model - DEBUG -    模型: deepseek-ai/DeepSeek-V3.2-Exp
2025-11-19 14:22:53 - ai_model - DEBUG -    Base URL: https://api.siliconflow.cn/v1
2025-11-19 14:22:53 - ai_model - DEBUG -    API Key: sk-gsaohhwdtofontqfo...rolhikfqmy
2025-11-19 14:22:55 - ai_model - DEBUG - ✅ AI模型初始化完成
2025-11-19 14:22:55 - ai_model - DEBUG -    模型: deepseek-ai/DeepSeek-V3.2-Exp
2025-11-19 14:22:55 - ai_model - DEBUG -    Base URL: https://api.siliconflow.cn/v1
2025-11-19 14:22:55 - ai_model - DEBUG -    API Key: sk-gsaohhwdtofontqfo...rolhikfqmy
2025-11-19 14:22:55 - ai_model - DEBUG - ✅ AI模型初始化完成
2025-11-19 14:22:55 - ai_model - DEBUG -    模型: deepseek-ai/DeepSeek-V3.2-Exp
2025-11-19 14:22:55 - ai_model - DEBUG -    Base URL: https://api.siliconflow.cn/v1
2025-11-19 14:22:55 - ai_model - DEBUG -    API Key: sk-gsaohhwdtofontqfo...rolhikfqmy
2025-11-19 14:24:10 - ai_model - DEBUG - ✅ AI模型初始化完成
2025-11-19 14:24:10 - ai_model - DEBUG -    模型: deepseek-ai/DeepSeek-V3
2025-11-19 14:24:10 - ai_model - DEBUG -    Base URL: https://api.siliconflow.cn/v1
2025-11-19 14:24:10 - ai_model - DEBUG -    API Key: sk-gsaohhwdtofontqfo...rolhikfqmy
2025-11-19 14:24:12 - ai_model - DEBUG - ✅ AI模型初始化完成
2025-11-19 14:24:12 - ai_model - DEBUG -    模型: deepseek-ai/DeepSeek-V3
2025-11-19 14:24:12 - ai_model - DEBUG -    Base URL: https://api.siliconflow.cn/v1
2025-11-19 14:24:12 - ai_model - DEBUG -    API Key: sk-gsaohhwdtofontqfo...rolhikfqmy
2025-11-19 14:24:13 - ai_model - DEBUG - ✅ AI模型初始化完成
2025-11-19 14:24:13 - ai_model - DEBUG -    模型: deepseek-ai/DeepSeek-V3
2025-11-19 14:24:13 - ai_model - DEBUG -    Base URL: https://api.siliconflow.cn/v1
2025-11-19 14:24:13 - ai_model - DEBUG -    API Key: sk-gsaohhwdtofontqfo...rolhikfqmy
2025-11-19 14:24:39 - ai_model - DEBUG - ✅ AI模型初始化完成
2025-11-19 14:24:39 - ai_model - DEBUG -    模型: deepseek-ai/DeepSeek-V3
2025-11-19 14:24:39 - ai_model - DEBUG -    Base URL: https://api.siliconflow.cn/v1
2025-11-19 14:24:39 - ai_model - DEBUG -    API Key: sk-gsaohhwdtofontqfo...rolhikfqmy
2025-11-19 14:24:44 - ai_model - DEBUG - ✅ AI模型初始化完成
2025-11-19 14:24:44 - ai_model - DEBUG -    模型: deepseek-ai/DeepSeek-V3
2025-11-19 14:24:44 - ai_model - DEBUG -    Base URL: https://api.siliconflow.cn/v1
2025-11-19 14:24:44 - ai_model - DEBUG -    API Key: sk-gsaohhwdtofontqfo...rolhikfqmy
2025-11-19 14:24:48 - ai_model - DEBUG - ✅ AI模型初始化完成
2025-11-19 14:24:48 - ai_model - DEBUG -    模型: deepseek-ai/DeepSeek-V3
2025-11-19 14:24:48 - ai_model - DEBUG -    Base URL: https://api.siliconflow.cn/v1
2025-11-19 14:24:48 - ai_model - DEBUG -    API Key: sk-gsaohhwdtofontqfo...rolhikfqmy
2025-11-19 14:24:48 - ai_model - DEBUG - ✅ AI模型初始化完成
2025-11-19 14:24:48 - ai_model - DEBUG -    模型: deepseek-ai/DeepSeek-V3
2025-11-19 14:24:48 - ai_model - DEBUG -    Base URL: https://api.siliconflow.cn/v1
2025-11-19 14:24:48 - ai_model - DEBUG -    API Key: sk-gsaohhwdtofontqfo...rolhikfqmy
2025-11-19 14:25:04 - ai_model - DEBUG - ✅ AI模型初始化完成
2025-11-19 14:25:04 - ai_model - DEBUG -    模型: deepseek-ai/DeepSeek-V3
2025-11-19 14:25:04 - ai_model - DEBUG -    Base URL: https://api.siliconflow.cn/v1
2025-11-19 14:25:04 - ai_model - DEBUG -    API Key: sk-gsaohhwdtofontqfo...rolhikfqmy
2025-11-19 14:25:06 - ai_model - DEBUG - ✅ AI模型初始化完成
2025-11-19 14:25:06 - ai_model - DEBUG -    模型: deepseek-ai/DeepSeek-V3
2025-11-19 14:25:06 - ai_model - DEBUG -    Base URL: https://api.siliconflow.cn/v1
2025-11-19 14:25:06 - ai_model - DEBUG -    API Key: sk-gsaohhwdtofontqfo...rolhikfqmy
2025-11-19 14:25:07 - ai_model - DEBUG - ✅ AI模型初始化完成
2025-11-19 14:25:07 - ai_model - DEBUG -    模型: deepseek-ai/DeepSeek-V3
2025-11-19 14:25:07 - ai_model - DEBUG -    Base URL: https://api.siliconflow.cn/v1
2025-11-19 14:25:07 - ai_model - DEBUG -    API Key: sk-gsaohhwdtofontqfo...rolhikfqmy
2025-11-19 14:27:19 - ai_model - DEBUG - ✅ AI模型初始化完成
2025-11-19 14:27:19 - ai_model - DEBUG -    模型: deepseek-ai/DeepSeek-V3
2025-11-19 14:27:19 - ai_model - DEBUG -    Base URL: https://api.siliconflow.cn/v1
2025-11-19 14:27:19 - ai_model - DEBUG -    API Key: sk-gsaohhwdtofontqfo...rolhikfqmy
2025-11-19 14:27:21 - ai_model - DEBUG - ✅ AI模型初始化完成
2025-11-19 14:27:21 - ai_model - DEBUG -    模型: deepseek-ai/DeepSeek-V3
2025-11-19 14:27:21 - ai_model - DEBUG -    Base URL: https://api.siliconflow.cn/v1
2025-11-19 14:27:21 - ai_model - DEBUG -    API Key: sk-gsaohhwdtofontqfo...rolhikfqmy
2025-11-19 14:27:27 - ai_model - DEBUG - ✅ AI模型初始化完成
2025-11-19 14:27:27 - ai_model - DEBUG -    模型: deepseek-ai/DeepSeek-V3
2025-11-19 14:27:27 - ai_model - DEBUG -    Base URL: https://api.siliconflow.cn/v1
2025-11-19 14:27:27 - ai_model - DEBUG -    API Key: sk-gsaohhwdtofontqfo...rolhikfqmy
2025-11-19 14:27:31 - ai_model - DEBUG - ✅ AI模型初始化完成
2025-11-19 14:27:31 - ai_model - DEBUG -    模型: deepseek-ai/DeepSeek-V3
2025-11-19 14:27:31 - ai_model - DEBUG -    Base URL: https://api.siliconflow.cn/v1
2025-11-19 14:27:31 - ai_model - DEBUG -    API Key: sk-gsaohhwdtofontqfo...rolhikfqmy
2025-11-19 14:27:35 - ai_model - DEBUG - ✅ AI模型初始化完成
2025-11-19 14:27:35 - ai_model - DEBUG -    模型: deepseek-ai/DeepSeek-V3
2025-11-19 14:27:35 - ai_model - DEBUG -    Base URL: https://api.siliconflow.cn/v1
2025-11-19 14:27:35 - ai_model - DEBUG -    API Key: sk-gsaohhwdtofontqfo...rolhikfqmy
2025-11-19 14:27:35 - ai_model - DEBUG - ✅ AI模型初始化完成
2025-11-19 14:27:35 - ai_model - DEBUG -    模型: deepseek-ai/DeepSeek-V3
2025-11-19 14:27:35 - ai_model - DEBUG -    Base URL: https://api.siliconflow.cn/v1
2025-11-19 14:27:35 - ai_model - DEBUG -    API Key: sk-gsaohhwdtofontqfo...rolhikfqmy
2025-11-19 14:33:04 - ai_model - DEBUG - ✅ AI模型初始化完成
2025-11-19 14:33:04 - ai_model - DEBUG -    模型: deepseek-ai/DeepSeek-V3
2025-11-19 14:33:04 - ai_model - DEBUG -    Base URL: https://api.siliconflow.cn/v1
2025-11-19 14:33:04 - ai_model - DEBUG -    API Key: sk-gsaohhwdtofontqfo...rolhikfqmy
2025-11-19 14:33:05 - ai_model - DEBUG - ✅ AI模型初始化完成
2025-11-19 14:33:05 - ai_model - DEBUG -    模型: deepseek-ai/DeepSeek-V3
2025-11-19 14:33:05 - ai_model - DEBUG -    Base URL: https://api.siliconflow.cn/v1
2025-11-19 14:33:05 - ai_model - DEBUG -    API Key: sk-gsaohhwdtofontqfo...rolhikfqmy
2025-11-19 14:33:05 - ai_model - DEBUG - ✅ AI模型初始化完成
2025-11-19 14:33:05 - ai_model - DEBUG -    模型: deepseek-ai/DeepSeek-V3
2025-11-19 14:33:05 - ai_model - DEBUG -    Base URL: https://api.siliconflow.cn/v1
2025-11-19 14:33:05 - ai_model - DEBUG -    API Key: sk-gsaohhwdtofontqfo...rolhikfqmy
2025-11-19 14:33:08 - ai_model - DEBUG - ✅ AI模型初始化完成
2025-11-19 14:33:08 - ai_model - DEBUG -    模型: deepseek-ai/DeepSeek-V3
2025-11-19 14:33:08 - ai_model - DEBUG -    Base URL: https://api.siliconflow.cn/v1
2025-11-19 14:33:08 - ai_model - DEBUG -    API Key: sk-gsaohhwdtofontqfo...rolhikfqmy
2025-11-19 14:34:21 - ai_model - DEBUG - ✅ AI模型初始化完成
2025-11-19 14:34:21 - ai_model - DEBUG -    模型: deepseek-ai/DeepSeek-V3
2025-11-19 14:34:21 - ai_model - DEBUG -    Base URL: https://api.siliconflow.cn/v1
2025-11-19 14:34:21 - ai_model - DEBUG -    API Key: sk-gsaohhwdtofontqfo...rolhikfqmy
2025-11-19 14:34:24 - ai_model - DEBUG - ✅ AI模型初始化完成
2025-11-19 14:34:24 - ai_model - DEBUG -    模型: deepseek-ai/DeepSeek-V3
2025-11-19 14:34:24 - ai_model - DEBUG -    Base URL: https://api.siliconflow.cn/v1
2025-11-19 14:34:24 - ai_model - DEBUG -    API Key: sk-gsaohhwdtofontqfo...rolhikfqmy
2025-11-19 14:34:24 - ai_model - DEBUG - ✅ AI模型初始化完成
2025-11-19 14:34:24 - ai_model - DEBUG -    模型: deepseek-ai/DeepSeek-V3
2025-11-19 14:34:24 - ai_model - DEBUG -    Base URL: https://api.siliconflow.cn/v1
2025-11-19 14:34:24 - ai_model - DEBUG -    API Key: sk-gsaohhwdtofontqfo...rolhikfqmy
2025-11-19 14:35:56 - ai_model - DEBUG - ✅ AI模型初始化完成
2025-11-19 14:35:56 - ai_model - DEBUG -    模型: deepseek-ai/DeepSeek-V3
2025-11-19 14:35:56 - ai_model - DEBUG -    Base URL: https://api.siliconflow.cn/v1
2025-11-19 14:35:56 - ai_model - DEBUG -    API Key: sk-gsaohhwdtofontqfo...rolhikfqmy
2025-11-19 14:35:58 - ai_model - DEBUG - ✅ AI模型初始化完成
2025-11-19 14:35:58 - ai_model - DEBUG -    模型: deepseek-ai/DeepSeek-V3
2025-11-19 14:35:58 - ai_model - DEBUG -    Base URL: https://api.siliconflow.cn/v1
2025-11-19 14:35:58 - ai_model - DEBUG -    API Key: sk-gsaohhwdtofontqfo...rolhikfqmy
2025-11-19 14:36:02 - ai_model - DEBUG - ✅ AI模型初始化完成
2025-11-19 14:36:02 - ai_model - DEBUG -    模型: deepseek-ai/DeepSeek-V3
2025-11-19 14:36:02 - ai_model - DEBUG -    Base URL: https://api.siliconflow.cn/v1
2025-11-19 14:36:02 - ai_model - DEBUG -    API Key: sk-gsaohhwdtofontqfo...rolhikfqmy
2025-11-19 14:36:03 - ai_model - DEBUG - ✅ AI模型初始化完成
2025-11-19 14:36:03 - ai_model - DEBUG -    模型: deepseek-ai/DeepSeek-V3
2025-11-19 14:36:03 - ai_model - DEBUG -    Base URL: https://api.siliconflow.cn/v1
2025-11-19 14:36:03 - ai_model - DEBUG -    API Key: sk-gsaohhwdtofontqfo...rolhikfqmy
2025-11-19 14:50:45 - ai_model - DEBUG - ✅ AI模型初始化完成
2025-11-19 14:50:45 - ai_model - DEBUG -    模型: deepseek-ai/DeepSeek-V3
2025-11-19 14:50:45 - ai_model - DEBUG -    Base URL: https://api.siliconflow.cn/v1
2025-11-19 14:50:45 - ai_model - DEBUG -    API Key: sk-gsaohhwdtofontqfo...rolhikfqmy
2025-11-19 14:50:49 - ai_model - DEBUG - ✅ AI模型初始化完成
2025-11-19 14:50:49 - ai_model - DEBUG -    模型: deepseek-ai/DeepSeek-V3
2025-11-19 14:50:49 - ai_model - DEBUG -    Base URL: https://api.siliconflow.cn/v1
2025-11-19 14:50:49 - ai_model - DEBUG -    API Key: sk-gsaohhwdtofontqfo...rolhikfqmy
2025-11-19 14:50:54 - ai_model - DEBUG - ✅ AI模型初始化完成
2025-11-19 14:50:54 - ai_model - DEBUG -    模型: deepseek-ai/DeepSeek-V3
2025-11-19 14:50:54 - ai_model - DEBUG -    Base URL: https://api.siliconflow.cn/v1
2025-11-19 14:50:54 - ai_model - DEBUG -    API Key: sk-gsaohhwdtofontqfo...rolhikfqmy
2025-11-19 14:50:54 - ai_model - DEBUG - ✅ AI模型初始化完成
2025-11-19 14:50:54 - ai_model - DEBUG -    模型: deepseek-ai/DeepSeek-V3
2025-11-19 14:50:54 - ai_model - DEBUG -    Base URL: https://api.siliconflow.cn/v1
2025-11-19 14:50:54 - ai_model - DEBUG -    API Key: sk-gsaohhwdtofontqfo...rolhikfqmy
2025-11-19 15:03:17 - ai_model - DEBUG - ✅ AI模型初始化完成
2025-11-19 15:03:17 - ai_model - DEBUG -    模型: deepseek-ai/DeepSeek-V3
2025-11-19 15:03:17 - ai_model - DEBUG -    Base URL: https://api.siliconflow.cn/v1
2025-11-19 15:03:17 - ai_model - DEBUG -    API Key: sk-gsaohhwdtofontqfo...rolhikfqmy
2025-11-19 15:03:20 - ai_model - DEBUG - ✅ AI模型初始化完成
2025-11-19 15:03:20 - ai_model - DEBUG -    模型: deepseek-ai/DeepSeek-V3
2025-11-19 15:03:20 - ai_model - DEBUG -    Base URL: https://api.siliconflow.cn/v1
2025-11-19 15:03:20 - ai_model - DEBUG -    API Key: sk-gsaohhwdtofontqfo...rolhikfqmy
2025-11-19 15:03:25 - ai_model - DEBUG - ✅ AI模型初始化完成
2025-11-19 15:03:25 - ai_model - DEBUG -    模型: deepseek-ai/DeepSeek-V3
2025-11-19 15:03:25 - ai_model - DEBUG -    Base URL: https://api.siliconflow.cn/v1
2025-11-19 15:03:25 - ai_model - DEBUG -    API Key: sk-gsaohhwdtofontqfo...rolhikfqmy
2025-11-19 15:03:26 - ai_model - DEBUG - ✅ AI模型初始化完成
2025-11-19 15:03:26 - ai_model - DEBUG -    模型: deepseek-ai/DeepSeek-V3
2025-11-19 15:03:26 - ai_model - DEBUG -    Base URL: https://api.siliconflow.cn/v1
2025-11-19 15:03:26 - ai_model - DEBUG -    API Key: sk-gsaohhwdtofontqfo...rolhikfqmy
2025-11-19 15:03:51 - ai_model - DEBUG - ✅ AI模型初始化完成
2025-11-19 15:03:51 - ai_model - DEBUG -    模型: deepseek-ai/DeepSeek-V3
2025-11-19 15:03:51 - ai_model - DEBUG -    Base URL: https://api.siliconflow.cn/v1
2025-11-19 15:03:51 - ai_model - DEBUG -    API Key: sk-gsaohhwdtofontqfo...rolhikfqmy
2025-11-19 15:03:55 - ai_model - DEBUG - ✅ AI模型初始化完成
2025-11-19 15:03:55 - ai_model - DEBUG -    模型: deepseek-ai/DeepSeek-V3
2025-11-19 15:03:55 - ai_model - DEBUG -    Base URL: https://api.siliconflow.cn/v1
2025-11-19 15:03:55 - ai_model - DEBUG -    API Key: sk-gsaohhwdtofontqfo...rolhikfqmy
2025-11-19 15:03:55 - ai_model - DEBUG - ✅ AI模型初始化完成
2025-11-19 15:03:55 - ai_model - DEBUG -    模型: deepseek-ai/DeepSeek-V3
2025-11-19 15:03:55 - ai_model - DEBUG -    Base URL: https://api.siliconflow.cn/v1
2025-11-19 15:03:55 - ai_model - DEBUG -    API Key: sk-gsaohhwdtofontqfo...rolhikfqmy
2025-11-19 15:19:10 - ai_model - DEBUG - ✅ AI模型初始化完成
2025-11-19 15:19:10 - ai_model - DEBUG -    模型: deepseek-ai/DeepSeek-V3
2025-11-19 15:19:10 - ai_model - DEBUG -    Base URL: https://api.siliconflow.cn/v1
2025-11-19 15:19:10 - ai_model - DEBUG -    API Key: sk-gsaohhwdtofontqfo...rolhikfqmy
2025-11-19 15:19:13 - ai_model - DEBUG - ✅ AI模型初始化完成
2025-11-19 15:19:13 - ai_model - DEBUG -    模型: deepseek-ai/DeepSeek-V3
2025-11-19 15:19:13 - ai_model - DEBUG -    Base URL: https://api.siliconflow.cn/v1
2025-11-19 15:19:13 - ai_model - DEBUG -    API Key: sk-gsaohhwdtofontqfo...rolhikfqmy
2025-11-19 15:19:27 - ai_model - DEBUG - ✅ AI模型初始化完成
2025-11-19 15:19:27 - ai_model - DEBUG -    模型: deepseek-ai/DeepSeek-V3
2025-11-19 15:19:27 - ai_model - DEBUG -    Base URL: https://api.siliconflow.cn/v1
2025-11-19 15:19:27 - ai_model - DEBUG -    API Key: sk-gsaohhwdtofontqfo...rolhikfqmy
2025-11-19 15:19:27 - ai_model - DEBUG - ✅ AI模型初始化完成
2025-11-19 15:19:27 - ai_model - DEBUG -    模型: deepseek-ai/DeepSeek-V3
2025-11-19 15:19:27 - ai_model - DEBUG -    Base URL: https://api.siliconflow.cn/v1
2025-11-19 15:19:27 - ai_model - DEBUG -    API Key: sk-gsaohhwdtofontqfo...rolhikfqmy
2025-11-19 15:42:16 - ai_model - DEBUG - ✅ AI模型初始化完成
2025-11-19 15:42:16 - ai_model - DEBUG -    模型: deepseek-ai/DeepSeek-V3
2025-11-19 15:42:16 - ai_model - DEBUG -    Base URL: https://api.siliconflow.cn/v1
2025-11-19 15:42:16 - ai_model - DEBUG -    API Key: sk-gsaohhwdtofontqfo...rolhikfqmy
2025-11-19 15:42:19 - ai_model - DEBUG - ✅ AI模型初始化完成
2025-11-19 15:42:19 - ai_model - DEBUG -    模型: deepseek-ai/DeepSeek-V3
2025-11-19 15:42:19 - ai_model - DEBUG -    Base URL: https://api.siliconflow.cn/v1
2025-11-19 15:42:19 - ai_model - DEBUG -    API Key: sk-gsaohhwdtofontqfo...rolhikfqmy
2025-11-19 15:49:42 - ai_model - DEBUG - ✅ AI模型初始化完成
2025-11-19 15:49:42 - ai_model - DEBUG -    模型: deepseek-ai/DeepSeek-V3
2025-11-19 15:49:42 - ai_model - DEBUG -    Base URL: https://api.siliconflow.cn/v1
2025-11-19 15:49:42 - ai_model - DEBUG -    API Key: sk-gsaohhwdtofontqfo...rolhikfqmy
2025-11-19 15:51:10 - ai_model - DEBUG - ✅ AI模型初始化完成
2025-11-19 15:51:10 - ai_model - DEBUG -    模型: deepseek-ai/DeepSeek-V3
2025-11-19 15:51:10 - ai_model - DEBUG -    Base URL: https://api.siliconflow.cn/v1
2025-11-19 15:51:10 - ai_model - DEBUG -    API Key: sk-gsaohhwdtofontqfo...rolhikfqmy
2025-11-19 15:51:12 - ai_model - DEBUG - ✅ AI模型初始化完成
2025-11-19 15:51:12 - ai_model - DEBUG -    模型: deepseek-ai/DeepSeek-V3
2025-11-19 15:51:12 - ai_model - DEBUG -    Base URL: https://api.siliconflow.cn/v1
2025-11-19 15:51:12 - ai_model - DEBUG -    API Key: sk-gsaohhwdtofontqfo...rolhikfqmy
2025-11-19 15:51:15 - ai_model - DEBUG - ✅ AI模型初始化完成
2025-11-19 15:51:15 - ai_model - DEBUG -    模型: deepseek-ai/DeepSeek-V3
2025-11-19 15:51:15 - ai_model - DEBUG -    Base URL: https://api.siliconflow.cn/v1
2025-11-19 15:51:15 - ai_model - DEBUG -    API Key: sk-gsaohhwdtofontqfo...rolhikfqmy
2025-11-19 15:51:31 - ai_model - DEBUG - ✅ AI模型初始化完成
2025-11-19 15:51:31 - ai_model - DEBUG -    模型: deepseek-ai/DeepSeek-V3
2025-11-19 15:51:31 - ai_model - DEBUG -    Base URL: https://api.siliconflow.cn/v1
2025-11-19 15:51:31 - ai_model - DEBUG -    API Key: sk-gsaohhwdtofontqfo...rolhikfqmy
2025-11-19 15:51:33 - ai_model - DEBUG - ✅ AI模型初始化完成
2025-11-19 15:51:33 - ai_model - DEBUG -    模型: deepseek-ai/DeepSeek-V3
2025-11-19 15:51:33 - ai_model - DEBUG -    Base URL: https://api.siliconflow.cn/v1
2025-11-19 15:51:33 - ai_model - DEBUG -    API Key: sk-gsaohhwdtofontqfo...rolhikfqmy
2025-11-19 15:51:46 - ai_model - DEBUG - ✅ AI模型初始化完成
2025-11-19 15:51:46 - ai_model - DEBUG -    模型: deepseek-ai/DeepSeek-V3
2025-11-19 15:51:46 - ai_model - DEBUG -    Base URL: https://api.siliconflow.cn/v1
2025-11-19 15:51:46 - ai_model - DEBUG -    API Key: sk-gsaohhwdtofontqfo...rolhikfqmy
2025-11-19 15:51:46 - ai_model - DEBUG - ✅ AI模型初始化完成
2025-11-19 15:51:46 - ai_model - DEBUG -    模型: deepseek-ai/DeepSeek-V3
2025-11-19 15:51:46 - ai_model - DEBUG -    Base URL: https://api.siliconflow.cn/v1
2025-11-19 15:51:46 - ai_model - DEBUG -    API Key: sk-gsaohhwdtofontqfo...rolhikfqmy
2025-11-19 15:52:57 - ai_model - DEBUG - ✅ AI模型初始化完成
2025-11-19 15:52:57 - ai_model - DEBUG -    模型: deepseek-ai/DeepSeek-V3
2025-11-19 15:52:57 - ai_model - DEBUG -    Base URL: https://api.siliconflow.cn/v1
2025-11-19 15:52:57 - ai_model - DEBUG -    API Key: sk-gsaohhwdtofontqfo...rolhikfqmy
2025-11-19 15:52:59 - ai_model - DEBUG - ✅ AI模型初始化完成
2025-11-19 15:52:59 - ai_model - DEBUG -    模型: deepseek-ai/DeepSeek-V3
2025-11-19 15:52:59 - ai_model - DEBUG -    Base URL: https://api.siliconflow.cn/v1
2025-11-19 15:52:59 - ai_model - DEBUG -    API Key: sk-gsaohhwdtofontqfo...rolhikfqmy
2025-11-19 15:53:05 - ai_model - DEBUG - ✅ AI模型初始化完成
2025-11-19 15:53:05 - ai_model - DEBUG -    模型: deepseek-ai/DeepSeek-V3
2025-11-19 15:53:05 - ai_model - DEBUG -    Base URL: https://api.siliconflow.cn/v1
2025-11-19 15:53:05 - ai_model - DEBUG -    API Key: sk-gsaohhwdtofontqfo...rolhikfqmy
2025-11-19 15:53:05 - ai_model - DEBUG - ✅ AI模型初始化完成
2025-11-19 15:53:05 - ai_model - DEBUG -    模型: deepseek-ai/DeepSeek-V3
2025-11-19 15:53:05 - ai_model - DEBUG -    Base URL: https://api.siliconflow.cn/v1
2025-11-19 15:53:05 - ai_model - DEBUG -    API Key: sk-gsaohhwdtofontqfo...rolhikfqmy
2025-11-19 15:55:11 - ai_model - DEBUG - ✅ AI模型初始化完成
2025-11-19 15:55:11 - ai_model - DEBUG -    模型: deepseek-ai/DeepSeek-V3
2025-11-19 15:55:11 - ai_model - DEBUG -    Base URL: https://api.siliconflow.cn/v1
2025-11-19 15:55:11 - ai_model - DEBUG -    API Key: sk-gsaohhwdtofontqfo...rolhikfqmy
2025-11-19 15:55:13 - ai_model - DEBUG - ✅ AI模型初始化完成
2025-11-19 15:55:13 - ai_model - DEBUG -    模型: deepseek-ai/DeepSeek-V3
2025-11-19 15:55:13 - ai_model - DEBUG -    Base URL: https://api.siliconflow.cn/v1
2025-11-19 15:55:13 - ai_model - DEBUG -    API Key: sk-gsaohhwdtofontqfo...rolhikfqmy
2025-11-19 15:55:16 - ai_model - DEBUG - ✅ AI模型初始化完成
2025-11-19 15:55:16 - ai_model - DEBUG -    模型: deepseek-ai/DeepSeek-V3
2025-11-19 15:55:16 - ai_model - DEBUG -    Base URL: https://api.siliconflow.cn/v1
2025-11-19 15:55:16 - ai_model - DEBUG -    API Key: sk-gsaohhwdtofontqfo...rolhikfqmy
2025-11-19 15:55:16 - ai_model - DEBUG - ✅ AI模型初始化完成
2025-11-19 15:55:16 - ai_model - DEBUG -    模型: deepseek-ai/DeepSeek-V3
2025-11-19 15:55:16 - ai_model - DEBUG -    Base URL: https://api.siliconflow.cn/v1
2025-11-19 15:55:16 - ai_model - DEBUG -    API Key: sk-gsaohhwdtofontqfo...rolhikfqmy
2025-11-19 15:55:29 - ai_model - DEBUG - ✅ AI模型初始化完成
2025-11-19 15:55:29 - ai_model - DEBUG -    模型: deepseek-ai/DeepSeek-V3
2025-11-19 15:55:29 - ai_model - DEBUG -    Base URL: https://api.siliconflow.cn/v1
2025-11-19 15:55:29 - ai_model - DEBUG -    API Key: sk-gsaohhwdtofontqfo...rolhikfqmy
2025-11-19 15:55:31 - ai_model - DEBUG - ✅ AI模型初始化完成
2025-11-19 15:55:31 - ai_model - DEBUG -    模型: deepseek-ai/DeepSeek-V3
2025-11-19 15:55:31 - ai_model - DEBUG -    Base URL: https://api.siliconflow.cn/v1
2025-11-19 15:55:31 - ai_model - DEBUG -    API Key: sk-gsaohhwdtofontqfo...rolhikfqmy
2025-11-19 15:55:36 - ai_model - DEBUG - ✅ AI模型初始化完成
2025-11-19 15:55:36 - ai_model - DEBUG -    模型: deepseek-ai/DeepSeek-V3
2025-11-19 15:55:36 - ai_model - DEBUG -    Base URL: https://api.siliconflow.cn/v1
2025-11-19 15:55:36 - ai_model - DEBUG -    API Key: sk-gsaohhwdtofontqfo...rolhikfqmy
2025-11-19 15:55:36 - ai_model - DEBUG - ✅ AI模型初始化完成
2025-11-19 15:55:36 - ai_model - DEBUG -    模型: deepseek-ai/DeepSeek-V3
2025-11-19 15:55:36 - ai_model - DEBUG -    Base URL: https://api.siliconflow.cn/v1
2025-11-19 15:55:36 - ai_model - DEBUG -    API Key: sk-gsaohhwdtofontqfo...rolhikfqmy
2025-11-19 15:57:12 - ai_model - DEBUG - ✅ AI模型初始化完成
2025-11-19 15:57:12 - ai_model - DEBUG -    模型: deepseek-ai/DeepSeek-V3
2025-11-19 15:57:12 - ai_model - DEBUG -    Base URL: https://api.siliconflow.cn/v1
2025-11-19 15:57:12 - ai_model - DEBUG -    API Key: sk-gsaohhwdtofontqfo...rolhikfqmy
2025-11-19 15:57:15 - ai_model - DEBUG - ✅ AI模型初始化完成
2025-11-19 15:57:15 - ai_model - DEBUG -    模型: deepseek-ai/DeepSeek-V3
2025-11-19 15:57:15 - ai_model - DEBUG -    Base URL: https://api.siliconflow.cn/v1
2025-11-19 15:57:15 - ai_model - DEBUG -    API Key: sk-gsaohhwdtofontqfo...rolhikfqmy
2025-11-19 15:57:15 - ai_model - DEBUG - ✅ AI模型初始化完成
2025-11-19 15:57:15 - ai_model - DEBUG -    模型: deepseek-ai/DeepSeek-V3
2025-11-19 15:57:15 - ai_model - DEBUG -    Base URL: https://api.siliconflow.cn/v1
2025-11-19 15:57:15 - ai_model - DEBUG -    API Key: sk-gsaohhwdtofontqfo...rolhikfqmy
2025-11-19 15:59:51 - ai_model - DEBUG - ✅ AI模型初始化完成
2025-11-19 15:59:51 - ai_model - DEBUG -    模型: deepseek-ai/DeepSeek-V3
2025-11-19 15:59:51 - ai_model - DEBUG -    Base URL: https://api.siliconflow.cn/v1
2025-11-19 15:59:51 - ai_model - DEBUG -    API Key: sk-gsaohhwdtofontqfo...rolhikfqmy
2025-11-19 15:59:54 - ai_model - DEBUG - ✅ AI模型初始化完成
2025-11-19 15:59:54 - ai_model - DEBUG -    模型: deepseek-ai/DeepSeek-V3
2025-11-19 15:59:54 - ai_model - DEBUG -    Base URL: https://api.siliconflow.cn/v1
2025-11-19 15:59:54 - ai_model - DEBUG -    API Key: sk-gsaohhwdtofontqfo...rolhikfqmy
2025-11-19 16:00:00 - ai_model - DEBUG - ✅ AI模型初始化完成
2025-11-19 16:00:00 - ai_model - DEBUG -    模型: deepseek-ai/DeepSeek-V3
2025-11-19 16:00:00 - ai_model - DEBUG -    Base URL: https://api.siliconflow.cn/v1
2025-11-19 16:00:00 - ai_model - DEBUG -    API Key: sk-gsaohhwdtofontqfo...rolhikfqmy
2025-11-19 16:00:01 - ai_model - DEBUG - ✅ AI模型初始化完成
2025-11-19 16:00:01 - ai_model - DEBUG -    模型: deepseek-ai/DeepSeek-V3
2025-11-19 16:00:01 - ai_model - DEBUG -    Base URL: https://api.siliconflow.cn/v1
2025-11-19 16:00:01 - ai_model - DEBUG -    API Key: sk-gsaohhwdtofontqfo...rolhikfqmy
2025-11-19 16:00:36 - ai_model - DEBUG - ✅ AI模型初始化完成
2025-11-19 16:00:36 - ai_model - DEBUG -    模型: deepseek-ai/DeepSeek-V3
2025-11-19 16:00:36 - ai_model - DEBUG -    Base URL: https://api.siliconflow.cn/v1
2025-11-19 16:00:36 - ai_model - DEBUG -    API Key: sk-gsaohhwdtofontqfo...rolhikfqmy
2025-11-19 16:00:38 - ai_model - DEBUG - ✅ AI模型初始化完成
2025-11-19 16:00:38 - ai_model - DEBUG -    模型: deepseek-ai/DeepSeek-V3
2025-11-19 16:00:38 - ai_model - DEBUG -    Base URL: https://api.siliconflow.cn/v1
2025-11-19 16:00:38 - ai_model - DEBUG -    API Key: sk-gsaohhwdtofontqfo...rolhikfqmy
2025-11-19 16:00:42 - ai_model - DEBUG - ✅ AI模型初始化完成
2025-11-19 16:00:42 - ai_model - DEBUG -    模型: deepseek-ai/DeepSeek-V3
2025-11-19 16:00:42 - ai_model - DEBUG -    Base URL: https://api.siliconflow.cn/v1
2025-11-19 16:00:42 - ai_model - DEBUG -    API Key: sk-gsaohhwdtofontqfo...rolhikfqmy
2025-11-19 16:00:42 - ai_model - DEBUG - ✅ AI模型初始化完成
2025-11-19 16:00:42 - ai_model - DEBUG -    模型: deepseek-ai/DeepSeek-V3
2025-11-19 16:00:42 - ai_model - DEBUG -    Base URL: https://api.siliconflow.cn/v1
2025-11-19 16:00:42 - ai_model - DEBUG -    API Key: sk-gsaohhwdtofontqfo...rolhikfqmy
2025-11-19 16:29:23 - ai_model - DEBUG - ✅ AI模型初始化完成
2025-11-19 16:29:23 - ai_model - DEBUG -    模型: deepseek-ai/DeepSeek-V3
2025-11-19 16:29:23 - ai_model - DEBUG -    Base URL: https://api.siliconflow.cn/v1
2025-11-19 16:29:23 - ai_model - DEBUG -    API Key: sk-gsaohhwdtofontqfo...rolhikfqmy
2025-11-19 16:29:42 - ai_model - DEBUG - ✅ AI模型初始化完成
2025-11-19 16:29:42 - ai_model - DEBUG -    模型: deepseek-ai/DeepSeek-V3
2025-11-19 16:29:42 - ai_model - DEBUG -    Base URL: https://api.siliconflow.cn/v1
2025-11-19 16:29:42 - ai_model - DEBUG -    API Key: sk-gsaohhwdtofontqfo...rolhikfqmy
2025-11-19 16:30:37 - ai_model - DEBUG - ✅ AI模型初始化完成
2025-11-19 16:30:37 - ai_model - DEBUG -    模型: deepseek-ai/DeepSeek-V3
2025-11-19 16:30:37 - ai_model - DEBUG -    Base URL: https://api.siliconflow.cn/v1
2025-11-19 16:30:37 - ai_model - DEBUG -    API Key: sk-gsaohhwdtofontqfo...rolhikfqmy
2025-11-19 16:54:54 - ai_model - DEBUG - ✅ AI模型初始化完成
2025-11-19 16:54:54 - ai_model - DEBUG -    模型: deepseek-ai/DeepSeek-V3
2025-11-19 16:54:54 - ai_model - DEBUG -    Base URL: https://api.siliconflow.cn/v1
2025-11-19 16:54:54 - ai_model - DEBUG -    API Key: sk-gsaohhwdtofontqfo...rolhikfqmy
2025-11-19 16:54:57 - ai_model - DEBUG - ✅ AI模型初始化完成
2025-11-19 16:54:57 - ai_model - DEBUG -    模型: deepseek-ai/DeepSeek-V3
2025-11-19 16:54:57 - ai_model - DEBUG -    Base URL: https://api.siliconflow.cn/v1
2025-11-19 16:54:57 - ai_model - DEBUG -    API Key: sk-gsaohhwdtofontqfo...rolhikfqmy
2025-11-19 16:55:00 - ai_model - DEBUG - ✅ AI模型初始化完成
2025-11-19 16:55:00 - ai_model - DEBUG -    模型: deepseek-ai/DeepSeek-V3
2025-11-19 16:55:00 - ai_model - DEBUG -    Base URL: https://api.siliconflow.cn/v1
2025-11-19 16:55:00 - ai_model - DEBUG -    API Key: sk-gsaohhwdtofontqfo...rolhikfqmy
2025-11-19 16:55:01 - ai_model - DEBUG - ✅ AI模型初始化完成
2025-11-19 16:55:01 - ai_model - DEBUG -    模型: deepseek-ai/DeepSeek-V3
2025-11-19 16:55:01 - ai_model - DEBUG -    Base URL: https://api.siliconflow.cn/v1
2025-11-19 16:55:01 - ai_model - DEBUG -    API Key: sk-gsaohhwdtofontqfo...rolhikfqmy
2025-11-19 16:58:26 - ai_model - DEBUG - ✅ AI模型初始化完成
2025-11-19 16:58:26 - ai_model - DEBUG -    模型: deepseek-ai/DeepSeek-V3
2025-11-19 16:58:26 - ai_model - DEBUG -    Base URL: https://api.siliconflow.cn/v1
2025-11-19 16:58:26 - ai_model - DEBUG -    API Key: sk-gsaohhwdtofontqfo...rolhikfqmy
2025-11-19 16:58:28 - ai_model - DEBUG - ✅ AI模型初始化完成
2025-11-19 16:58:28 - ai_model - DEBUG -    模型: deepseek-ai/DeepSeek-V3
2025-11-19 16:58:28 - ai_model - DEBUG -    Base URL: https://api.siliconflow.cn/v1
2025-11-19 16:58:28 - ai_model - DEBUG -    API Key: sk-gsaohhwdtofontqfo...rolhikfqmy
2025-11-19 16:58:32 - ai_model - DEBUG - ✅ AI模型初始化完成
2025-11-19 16:58:32 - ai_model - DEBUG -    模型: deepseek-ai/DeepSeek-V3
2025-11-19 16:58:32 - ai_model - DEBUG -    Base URL: https://api.siliconflow.cn/v1
2025-11-19 16:58:32 - ai_model - DEBUG -    API Key: sk-gsaohhwdtofontqfo...rolhikfqmy
2025-11-19 16:58:32 - ai_model - DEBUG - ✅ AI模型初始化完成
2025-11-19 16:58:32 - ai_model - DEBUG -    模型: deepseek-ai/DeepSeek-V3
2025-11-19 16:58:32 - ai_model - DEBUG -    Base URL: https://api.siliconflow.cn/v1
2025-11-19 16:58:32 - ai_model - DEBUG -    API Key: sk-gsaohhwdtofontqfo...rolhikfqmy
2025-11-19 17:01:14 - ai_model - DEBUG - ✅ AI模型初始化完成
2025-11-19 17:01:14 - ai_model - DEBUG -    模型: deepseek-ai/DeepSeek-V3
2025-11-19 17:01:14 - ai_model - DEBUG -    Base URL: https://api.siliconflow.cn/v1
2025-11-19 17:01:14 - ai_model - DEBUG -    API Key: sk-gsaohhwdtofontqfo...rolhikfqmy
2025-11-19 17:01:41 - ai_model - DEBUG - ✅ AI模型初始化完成
2025-11-19 17:01:41 - ai_model - DEBUG -    模型: deepseek-ai/DeepSeek-V3
2025-11-19 17:01:41 - ai_model - DEBUG -    Base URL: https://api.siliconflow.cn/v1
2025-11-19 17:01:41 - ai_model - DEBUG -    API Key: sk-gsaohhwdtofontqfo...rolhikfqmy
2025-11-19 17:06:02 - ai_model - DEBUG - ✅ AI模型初始化完成
2025-11-19 17:06:02 - ai_model - DEBUG -    模型: deepseek-ai/DeepSeek-V3
2025-11-19 17:06:02 - ai_model - DEBUG -    Base URL: https://api.siliconflow.cn/v1
2025-11-19 17:06:02 - ai_model - DEBUG -    API Key: sk-gsaohhwdtofontqfo...rolhikfqmy
2025-11-19 17:06:04 - ai_model - DEBUG - ✅ AI模型初始化完成
2025-11-19 17:06:04 - ai_model - DEBUG -    模型: deepseek-ai/DeepSeek-V3
2025-11-19 17:06:04 - ai_model - DEBUG -    Base URL: https://api.siliconflow.cn/v1
2025-11-19 17:06:04 - ai_model - DEBUG -    API Key: sk-gsaohhwdtofontqfo...rolhikfqmy
2025-11-19 17:06:08 - ai_model - DEBUG - ✅ AI模型初始化完成
2025-11-19 17:06:08 - ai_model - DEBUG -    模型: deepseek-ai/DeepSeek-V3
2025-11-19 17:06:08 - ai_model - DEBUG -    Base URL: https://api.siliconflow.cn/v1
2025-11-19 17:06:08 - ai_model - DEBUG -    API Key: sk-gsaohhwdtofontqfo...rolhikfqmy
2025-11-19 17:06:09 - ai_model - DEBUG - ✅ AI模型初始化完成
2025-11-19 17:06:09 - ai_model - DEBUG -    模型: deepseek-ai/DeepSeek-V3
2025-11-19 17:06:09 - ai_model - DEBUG -    Base URL: https://api.siliconflow.cn/v1
2025-11-19 17:06:09 - ai_model - DEBUG -    API Key: sk-gsaohhwdtofontqfo...rolhikfqmy
2025-11-19 17:06:19 - ai_model - DEBUG - ✅ AI模型初始化完成
2025-11-19 17:06:19 - ai_model - DEBUG -    模型: deepseek-ai/DeepSeek-V3
2025-11-19 17:06:19 - ai_model - DEBUG -    Base URL: https://api.siliconflow.cn/v1
2025-11-19 17:06:19 - ai_model - DEBUG -    API Key: sk-gsaohhwdtofontqfo...rolhikfqmy
2025-11-19 17:06:22 - ai_model - DEBUG - ✅ AI模型初始化完成
2025-11-19 17:06:22 - ai_model - DEBUG -    模型: deepseek-ai/DeepSeek-V3
2025-11-19 17:06:22 - ai_model - DEBUG -    Base URL: https://api.siliconflow.cn/v1
2025-11-19 17:06:22 - ai_model - DEBUG -    API Key: sk-gsaohhwdtofontqfo...rolhikfqmy
2025-11-19 17:06:27 - ai_model - DEBUG - ✅ AI模型初始化完成
2025-11-19 17:06:27 - ai_model - DEBUG -    模型: deepseek-ai/DeepSeek-V3
2025-11-19 17:06:27 - ai_model - DEBUG -    Base URL: https://api.siliconflow.cn/v1
2025-11-19 17:06:27 - ai_model - DEBUG -    API Key: sk-gsaohhwdtofontqfo...rolhikfqmy
2025-11-19 17:06:27 - ai_model - DEBUG - ✅ AI模型初始化完成
2025-11-19 17:06:27 - ai_model - DEBUG -    模型: deepseek-ai/DeepSeek-V3
2025-11-19 17:06:27 - ai_model - DEBUG -    Base URL: https://api.siliconflow.cn/v1
2025-11-19 17:06:27 - ai_model - DEBUG -    API Key: sk-gsaohhwdtofontqfo...rolhikfqmy
2025-11-19 17:10:22 - ai_model - DEBUG - ✅ AI模型初始化完成
2025-11-19 17:10:22 - ai_model - DEBUG -    模型: deepseek-ai/DeepSeek-V3
2025-11-19 17:10:22 - ai_model - DEBUG -    Base URL: https://api.siliconflow.cn/v1
2025-11-19 17:10:22 - ai_model - DEBUG -    API Key: sk-gsaohhwdtofontqfo...rolhikfqmy
2025-11-19 17:10:25 - ai_model - DEBUG - ✅ AI模型初始化完成
2025-11-19 17:10:25 - ai_model - DEBUG -    模型: deepseek-ai/DeepSeek-V3
2025-11-19 17:10:25 - ai_model - DEBUG -    Base URL: https://api.siliconflow.cn/v1
2025-11-19 17:10:25 - ai_model - DEBUG -    API Key: sk-gsaohhwdtofontqfo...rolhikfqmy
2025-11-19 17:10:29 - ai_model - DEBUG - ✅ AI模型初始化完成
2025-11-19 17:10:29 - ai_model - DEBUG -    模型: deepseek-ai/DeepSeek-V3
2025-11-19 17:10:29 - ai_model - DEBUG -    Base URL: https://api.siliconflow.cn/v1
2025-11-19 17:10:29 - ai_model - DEBUG -    API Key: sk-gsaohhwdtofontqfo...rolhikfqmy
2025-11-19 17:10:29 - ai_model - DEBUG - ✅ AI模型初始化完成
2025-11-19 17:10:29 - ai_model - DEBUG -    模型: deepseek-ai/DeepSeek-V3
2025-11-19 17:10:29 - ai_model - DEBUG -    Base URL: https://api.siliconflow.cn/v1
2025-11-19 17:10:29 - ai_model - DEBUG -    API Key: sk-gsaohhwdtofontqfo...rolhikfqmy
2025-11-19 17:12:56 - ai_model - DEBUG - ✅ AI模型初始化完成
2025-11-19 17:12:56 - ai_model - DEBUG -    模型: deepseek-ai/DeepSeek-V3
2025-11-19 17:12:56 - ai_model - DEBUG -    Base URL: https://api.siliconflow.cn/v1
2025-11-19 17:12:56 - ai_model - DEBUG -    API Key: sk-gsaohhwdtofontqfo...rolhikfqmy
2025-11-19 17:12:58 - ai_model - DEBUG - ✅ AI模型初始化完成
2025-11-19 17:12:58 - ai_model - DEBUG -    模型: deepseek-ai/DeepSeek-V3
2025-11-19 17:12:58 - ai_model - DEBUG -    Base URL: https://api.siliconflow.cn/v1
2025-11-19 17:12:58 - ai_model - DEBUG -    API Key: sk-gsaohhwdtofontqfo...rolhikfqmy
2025-11-19 17:13:01 - ai_model - DEBUG - ✅ AI模型初始化完成
2025-11-19 17:13:01 - ai_model - DEBUG -    模型: deepseek-ai/DeepSeek-V3
2025-11-19 17:13:01 - ai_model - DEBUG -    Base URL: https://api.siliconflow.cn/v1
2025-11-19 17:13:01 - ai_model - DEBUG -    API Key: sk-gsaohhwdtofontqfo...rolhikfqmy
2025-11-19 17:15:03 - ai_model - DEBUG - ✅ AI模型初始化完成
2025-11-19 17:15:03 - ai_model - DEBUG -    模型: deepseek-ai/DeepSeek-V3
2025-11-19 17:15:03 - ai_model - DEBUG -    Base URL: https://api.siliconflow.cn/v1
2025-11-19 17:15:03 - ai_model - DEBUG -    API Key: sk-gsaohhwdtofontqfo...rolhikfqmy
2025-11-19 17:15:05 - ai_model - DEBUG - ✅ AI模型初始化完成
2025-11-19 17:15:05 - ai_model - DEBUG -    模型: deepseek-ai/DeepSeek-V3
2025-11-19 17:15:05 - ai_model - DEBUG -    Base URL: https://api.siliconflow.cn/v1
2025-11-19 17:15:05 - ai_model - DEBUG -    API Key: sk-gsaohhwdtofontqfo...rolhikfqmy
2025-11-19 17:15:09 - ai_model - DEBUG - ✅ AI模型初始化完成
2025-11-19 17:15:09 - ai_model - DEBUG -    模型: deepseek-ai/DeepSeek-V3
2025-11-19 17:15:09 - ai_model - DEBUG -    Base URL: https://api.siliconflow.cn/v1
2025-11-19 17:15:09 - ai_model - DEBUG -    API Key: sk-gsaohhwdtofontqfo...rolhikfqmy
2025-11-19 17:15:09 - ai_model - DEBUG - ✅ AI模型初始化完成
2025-11-19 17:15:09 - ai_model - DEBUG -    模型: deepseek-ai/DeepSeek-V3
2025-11-19 17:15:09 - ai_model - DEBUG -    Base URL: https://api.siliconflow.cn/v1
2025-11-19 17:15:09 - ai_model - DEBUG -    API Key: sk-gsaohhwdtofontqfo...rolhikfqmy
2025-11-19 17:15:33 - ai_model - DEBUG - ✅ AI模型初始化完成
2025-11-19 17:15:33 - ai_model - DEBUG -    模型: deepseek-ai/DeepSeek-V3
2025-11-19 17:15:33 - ai_model - DEBUG -    Base URL: https://api.siliconflow.cn/v1
2025-11-19 17:15:33 - ai_model - DEBUG -    API Key: sk-gsaohhwdtofontqfo...rolhikfqmy
2025-11-19 17:15:35 - ai_model - DEBUG - ✅ AI模型初始化完成
2025-11-19 17:15:35 - ai_model - DEBUG -    模型: deepseek-ai/DeepSeek-V3
2025-11-19 17:15:35 - ai_model - DEBUG -    Base URL: https://api.siliconflow.cn/v1
2025-11-19 17:15:35 - ai_model - DEBUG -    API Key: sk-gsaohhwdtofontqfo...rolhikfqmy
2025-11-19 17:15:38 - ai_model - DEBUG - ✅ AI模型初始化完成
2025-11-19 17:15:38 - ai_model - DEBUG -    模型: deepseek-ai/DeepSeek-V3
2025-11-19 17:15:38 - ai_model - DEBUG -    Base URL: https://api.siliconflow.cn/v1
2025-11-19 17:15:38 - ai_model - DEBUG -    API Key: sk-gsaohhwdtofontqfo...rolhikfqmy
2025-11-19 17:15:38 - ai_model - DEBUG - ✅ AI模型初始化完成
2025-11-19 17:15:38 - ai_model - DEBUG -    模型: deepseek-ai/DeepSeek-V3
2025-11-19 17:15:38 - ai_model - DEBUG -    Base URL: https://api.siliconflow.cn/v1
2025-11-19 17:15:38 - ai_model - DEBUG -    API Key: sk-gsaohhwdtofontqfo...rolhikfqmy
2025-11-19 17:25:10 - ai_model - DEBUG - ✅ AI模型初始化完成
2025-11-19 17:25:10 - ai_model - DEBUG -    模型: deepseek-ai/DeepSeek-V3
2025-11-19 17:25:10 - ai_model - DEBUG -    Base URL: https://api.siliconflow.cn/v1
2025-11-19 17:25:10 - ai_model - DEBUG -    API Key: sk-gsaohhwdtofontqfo...rolhikfqmy
2025-11-19 17:25:13 - ai_model - DEBUG - ✅ AI模型初始化完成
2025-11-19 17:25:13 - ai_model - DEBUG -    模型: deepseek-ai/DeepSeek-V3
2025-11-19 17:25:13 - ai_model - DEBUG -    Base URL: https://api.siliconflow.cn/v1
2025-11-19 17:25:13 - ai_model - DEBUG -    API Key: sk-gsaohhwdtofontqfo...rolhikfqmy
2025-11-19 17:25:18 - ai_model - DEBUG - ✅ AI模型初始化完成
2025-11-19 17:25:18 - ai_model - DEBUG -    模型: deepseek-ai/DeepSeek-V3
2025-11-19 17:25:18 - ai_model - DEBUG -    Base URL: https://api.siliconflow.cn/v1
2025-11-19 17:25:18 - ai_model - DEBUG -    API Key: sk-gsaohhwdtofontqfo...rolhikfqmy
2025-11-19 17:25:18 - ai_model - DEBUG - ✅ AI模型初始化完成
2025-11-19 17:25:18 - ai_model - DEBUG -    模型: deepseek-ai/DeepSeek-V3
2025-11-19 17:25:18 - ai_model - DEBUG -    Base URL: https://api.siliconflow.cn/v1
2025-11-19 17:25:18 - ai_model - DEBUG -    API Key: sk-gsaohhwdtofontqfo...rolhikfqmy
2025-11-19 17:25:43 - ai_model - DEBUG - ✅ AI模型初始化完成
2025-11-19 17:25:43 - ai_model - DEBUG -    模型: deepseek-ai/DeepSeek-V3
2025-11-19 17:25:43 - ai_model - DEBUG -    Base URL: https://api.siliconflow.cn/v1
2025-11-19 17:25:43 - ai_model - DEBUG -    API Key: sk-gsaohhwdtofontqfo...rolhikfqmy
2025-11-19 17:25:45 - ai_model - DEBUG - ✅ AI模型初始化完成
2025-11-19 17:25:45 - ai_model - DEBUG -    模型: deepseek-ai/DeepSeek-V3
2025-11-19 17:25:45 - ai_model - DEBUG -    Base URL: https://api.siliconflow.cn/v1
2025-11-19 17:25:45 - ai_model - DEBUG -    API Key: sk-gsaohhwdtofontqfo...rolhikfqmy
2025-11-19 17:25:50 - ai_model - DEBUG - ✅ AI模型初始化完成
2025-11-19 17:25:50 - ai_model - DEBUG -    模型: deepseek-ai/DeepSeek-V3
2025-11-19 17:25:50 - ai_model - DEBUG -    Base URL: https://api.siliconflow.cn/v1
2025-11-19 17:25:50 - ai_model - DEBUG -    API Key: sk-gsaohhwdtofontqfo...rolhikfqmy
2025-11-19 17:25:50 - ai_model - DEBUG - ✅ AI模型初始化完成
2025-11-19 17:25:50 - ai_model - DEBUG -    模型: deepseek-ai/DeepSeek-V3
2025-11-19 17:25:50 - ai_model - DEBUG -    Base URL: https://api.siliconflow.cn/v1
2025-11-19 17:25:50 - ai_model - DEBUG -    API Key: sk-gsaohhwdtofontqfo...rolhikfqmy
2025-11-19 17:35:51 - ai_model - DEBUG - ✅ AI模型初始化完成
2025-11-19 17:35:51 - ai_model - DEBUG -    模型: deepseek-ai/DeepSeek-V3
2025-11-19 17:35:51 - ai_model - DEBUG -    Base URL: https://api.siliconflow.cn/v1
2025-11-19 17:35:51 - ai_model - DEBUG -    API Key: sk-gsaohhwdtofontqfo...rolhikfqmy
2025-11-19 17:35:54 - ai_model - DEBUG - ✅ AI模型初始化完成
2025-11-19 17:35:54 - ai_model - DEBUG -    模型: deepseek-ai/DeepSeek-V3
2025-11-19 17:35:54 - ai_model - DEBUG -    Base URL: https://api.siliconflow.cn/v1
2025-11-19 17:35:54 - ai_model - DEBUG -    API Key: sk-gsaohhwdtofontqfo...rolhikfqmy
2025-11-19 17:35:57 - ai_model - DEBUG - ✅ AI模型初始化完成
2025-11-19 17:35:57 - ai_model - DEBUG -    模型: deepseek-ai/DeepSeek-V3
2025-11-19 17:35:57 - ai_model - DEBUG -    Base URL: https://api.siliconflow.cn/v1
2025-11-19 17:35:57 - ai_model - DEBUG -    API Key: sk-gsaohhwdtofontqfo...rolhikfqmy
2025-11-19 17:35:57 - ai_model - DEBUG - ✅ AI模型初始化完成
2025-11-19 17:35:57 - ai_model - DEBUG -    模型: deepseek-ai/DeepSeek-V3
2025-11-19 17:35:57 - ai_model - DEBUG -    Base URL: https://api.siliconflow.cn/v1
2025-11-19 17:35:57 - ai_model - DEBUG -    API Key: sk-gsaohhwdtofontqfo...rolhikfqmy
2025-11-19 17:36:47 - ai_model - DEBUG - ✅ AI模型初始化完成
2025-11-19 17:36:47 - ai_model - DEBUG -    模型: deepseek-ai/DeepSeek-V3
2025-11-19 17:36:47 - ai_model - DEBUG -    Base URL: https://api.siliconflow.cn/v1
2025-11-19 17:36:47 - ai_model - DEBUG -    API Key: sk-gsaohhwdtofontqfo...rolhikfqmy
2025-11-19 17:36:49 - ai_model - DEBUG - ✅ AI模型初始化完成
2025-11-19 17:36:49 - ai_model - DEBUG -    模型: deepseek-ai/DeepSeek-V3
2025-11-19 17:36:49 - ai_model - DEBUG -    Base URL: https://api.siliconflow.cn/v1
2025-11-19 17:36:49 - ai_model - DEBUG -    API Key: sk-gsaohhwdtofontqfo...rolhikfqmy
2025-11-19 17:36:53 - ai_model - DEBUG - ✅ AI模型初始化完成
2025-11-19 17:36:53 - ai_model - DEBUG -    模型: deepseek-ai/DeepSeek-V3
2025-11-19 17:36:53 - ai_model - DEBUG -    Base URL: https://api.siliconflow.cn/v1
2025-11-19 17:36:53 - ai_model - DEBUG -    API Key: sk-gsaohhwdtofontqfo...rolhikfqmy
2025-11-19 17:36:54 - ai_model - DEBUG - ✅ AI模型初始化完成
2025-11-19 17:36:54 - ai_model - DEBUG -    模型: deepseek-ai/DeepSeek-V3
2025-11-19 17:36:54 - ai_model - DEBUG -    Base URL: https://api.siliconflow.cn/v1
2025-11-19 17:36:54 - ai_model - DEBUG -    API Key: sk-gsaohhwdtofontqfo...rolhikfqmy
2025-11-19 18:21:26 - ai_model - DEBUG - ✅ AI模型初始化完成
2025-11-19 18:21:26 - ai_model - DEBUG -    模型: deepseek-ai/DeepSeek-V3
2025-11-19 18:21:26 - ai_model - DEBUG -    Base URL: https://api.siliconflow.cn/v1
2025-11-19 18:21:26 - ai_model - DEBUG -    API Key: sk-gsaohhwdtofontqfo...rolhikfqmy
2025-11-19 18:21:28 - ai_model - DEBUG - ✅ AI模型初始化完成
2025-11-19 18:21:28 - ai_model - DEBUG -    模型: deepseek-ai/DeepSeek-V3
2025-11-19 18:21:28 - ai_model - DEBUG -    Base URL: https://api.siliconflow.cn/v1
2025-11-19 18:21:28 - ai_model - DEBUG -    API Key: sk-gsaohhwdtofontqfo...rolhikfqmy
2025-11-19 18:21:32 - ai_model - DEBUG - ✅ AI模型初始化完成
2025-11-19 18:21:32 - ai_model - DEBUG -    模型: deepseek-ai/DeepSeek-V3
2025-11-19 18:21:32 - ai_model - DEBUG -    Base URL: https://api.siliconflow.cn/v1
2025-11-19 18:21:32 - ai_model - DEBUG -    API Key: sk-gsaohhwdtofontqfo...rolhikfqmy
2025-11-19 18:21:32 - ai_model - DEBUG - ✅ AI模型初始化完成
2025-11-19 18:21:32 - ai_model - DEBUG -    模型: deepseek-ai/DeepSeek-V3
2025-11-19 18:21:32 - ai_model - DEBUG -    Base URL: https://api.siliconflow.cn/v1
2025-11-19 18:21:32 - ai_model - DEBUG -    API Key: sk-gsaohhwdtofontqfo...rolhikfqmy
2025-11-19 18:22:08 - ai_model - DEBUG - ✅ AI模型初始化完成
2025-11-19 18:22:08 - ai_model - DEBUG -    模型: deepseek-ai/DeepSeek-V3
2025-11-19 18:22:08 - ai_model - DEBUG -    Base URL: https://api.siliconflow.cn/v1
2025-11-19 18:22:08 - ai_model - DEBUG -    API Key: sk-gsaohhwdtofontqfo...rolhikfqmy
2025-11-19 18:22:11 - ai_model - DEBUG - ✅ AI模型初始化完成
2025-11-19 18:22:11 - ai_model - DEBUG -    模型: deepseek-ai/DeepSeek-V3
2025-11-19 18:22:11 - ai_model - DEBUG -    Base URL: https://api.siliconflow.cn/v1
2025-11-19 18:22:11 - ai_model - DEBUG -    API Key: sk-gsaohhwdtofontqfo...rolhikfqmy
2025-11-19 18:22:14 - ai_model - DEBUG - ✅ AI模型初始化完成
2025-11-19 18:22:14 - ai_model - DEBUG -    模型: deepseek-ai/DeepSeek-V3
2025-11-19 18:22:14 - ai_model - DEBUG -    Base URL: https://api.siliconflow.cn/v1
2025-11-19 18:22:14 - ai_model - DEBUG -    API Key: sk-gsaohhwdtofontqfo...rolhikfqmy
2025-11-19 18:22:15 - ai_model - DEBUG - ✅ AI模型初始化完成
2025-11-19 18:22:15 - ai_model - DEBUG -    模型: deepseek-ai/DeepSeek-V3
2025-11-19 18:22:15 - ai_model - DEBUG -    Base URL: https://api.siliconflow.cn/v1
2025-11-19 18:22:15 - ai_model - DEBUG -    API Key: sk-gsaohhwdtofontqfo...rolhikfqmy
2025-11-19 18:25:28 - ai_model - DEBUG - ✅ AI模型初始化完成
2025-11-19 18:25:28 - ai_model - DEBUG -    模型: deepseek-ai/DeepSeek-V3
2025-11-19 18:25:28 - ai_model - DEBUG -    Base URL: https://api.siliconflow.cn/v1
2025-11-19 18:25:28 - ai_model - DEBUG -    API Key: sk-gsaohhwdtofontqfo...rolhikfqmy
2025-11-19 18:25:31 - ai_model - DEBUG - ✅ AI模型初始化完成
2025-11-19 18:25:31 - ai_model - DEBUG -    模型: deepseek-ai/DeepSeek-V3
2025-11-19 18:25:31 - ai_model - DEBUG -    Base URL: https://api.siliconflow.cn/v1
2025-11-19 18:25:31 - ai_model - DEBUG -    API Key: sk-gsaohhwdtofontqfo...rolhikfqmy
2025-11-19 18:25:34 - ai_model - DEBUG - ✅ AI模型初始化完成
2025-11-19 18:25:34 - ai_model - DEBUG -    模型: deepseek-ai/DeepSeek-V3
2025-11-19 18:25:34 - ai_model - DEBUG -    Base URL: https://api.siliconflow.cn/v1
2025-11-19 18:25:34 - ai_model - DEBUG -    API Key: sk-gsaohhwdtofontqfo...rolhikfqmy
2025-11-19 18:25:34 - ai_model - DEBUG - ✅ AI模型初始化完成
2025-11-19 18:25:34 - ai_model - DEBUG -    模型: deepseek-ai/DeepSeek-V3
2025-11-19 18:25:34 - ai_model - DEBUG -    Base URL: https://api.siliconflow.cn/v1
2025-11-19 18:25:34 - ai_model - DEBUG -    API Key: sk-gsaohhwdtofontqfo...rolhikfqmy
2025-11-19 18:31:11 - ai_model - DEBUG - ✅ AI模型初始化完成
2025-11-19 18:31:11 - ai_model - DEBUG -    模型: deepseek-ai/DeepSeek-V3
2025-11-19 18:31:11 - ai_model - DEBUG -    Base URL: https://api.siliconflow.cn/v1
2025-11-19 18:31:11 - ai_model - DEBUG -    API Key: sk-gsaohhwdtofontqfo...rolhikfqmy
2025-11-19 18:31:16 - ai_model - DEBUG - ✅ AI模型初始化完成
2025-11-19 18:31:16 - ai_model - DEBUG -    模型: deepseek-ai/DeepSeek-V3
2025-11-19 18:31:16 - ai_model - DEBUG -    Base URL: https://api.siliconflow.cn/v1
2025-11-19 18:31:16 - ai_model - DEBUG -    API Key: sk-gsaohhwdtofontqfo...rolhikfqmy
2025-11-19 18:31:19 - ai_model - DEBUG - ✅ AI模型初始化完成
2025-11-19 18:31:19 - ai_model - DEBUG -    模型: deepseek-ai/DeepSeek-V3
2025-11-19 18:31:19 - ai_model - DEBUG -    Base URL: https://api.siliconflow.cn/v1
2025-11-19 18:31:19 - ai_model - DEBUG -    API Key: sk-gsaohhwdtofontqfo...rolhikfqmy
2025-11-19 18:31:19 - ai_model - DEBUG - ✅ AI模型初始化完成
2025-11-19 18:31:19 - ai_model - DEBUG -    模型: deepseek-ai/DeepSeek-V3
2025-11-19 18:31:19 - ai_model - DEBUG -    Base URL: https://api.siliconflow.cn/v1
2025-11-19 18:31:19 - ai_model - DEBUG -    API Key: sk-gsaohhwdtofontqfo...rolhikfqmy
2025-11-19 18:32:04 - ai_model - DEBUG - ✅ AI模型初始化完成
2025-11-19 18:32:04 - ai_model - DEBUG -    模型: deepseek-ai/DeepSeek-V3
2025-11-19 18:32:04 - ai_model - DEBUG -    Base URL: https://api.siliconflow.cn/v1
2025-11-19 18:32:04 - ai_model - DEBUG -    API Key: sk-gsaohhwdtofontqfo...rolhikfqmy
2025-11-19 18:32:06 - ai_model - DEBUG - ✅ AI模型初始化完成
2025-11-19 18:32:06 - ai_model - DEBUG -    模型: deepseek-ai/DeepSeek-V3
2025-11-19 18:32:06 - ai_model - DEBUG -    Base URL: https://api.siliconflow.cn/v1
2025-11-19 18:32:06 - ai_model - DEBUG -    API Key: sk-gsaohhwdtofontqfo...rolhikfqmy
2025-11-19 18:32:10 - ai_model - DEBUG - ✅ AI模型初始化完成
2025-11-19 18:32:10 - ai_model - DEBUG -    模型: deepseek-ai/DeepSeek-V3
2025-11-19 18:32:10 - ai_model - DEBUG -    Base URL: https://api.siliconflow.cn/v1
2025-11-19 18:32:10 - ai_model - DEBUG -    API Key: sk-gsaohhwdtofontqfo...rolhikfqmy
2025-11-19 18:32:10 - ai_model - DEBUG - ✅ AI模型初始化完成
2025-11-19 18:32:10 - ai_model - DEBUG -    模型: deepseek-ai/DeepSeek-V3
2025-11-19 18:32:10 - ai_model - DEBUG -    Base URL: https://api.siliconflow.cn/v1
2025-11-19 18:32:10 - ai_model - DEBUG -    API Key: sk-gsaohhwdtofontqfo...rolhikfqmy
2025-11-19 18:35:06 - ai_model - DEBUG - ✅ AI模型初始化完成
2025-11-19 18:35:06 - ai_model - DEBUG -    模型: deepseek-ai/DeepSeek-V3
2025-11-19 18:35:06 - ai_model - DEBUG -    Base URL: https://api.siliconflow.cn/v1
2025-11-19 18:35:06 - ai_model - DEBUG -    API Key: sk-gsaohhwdtofontqfo...rolhikfqmy
2025-11-19 18:35:08 - ai_model - DEBUG - ✅ AI模型初始化完成
2025-11-19 18:35:08 - ai_model - DEBUG -    模型: deepseek-ai/DeepSeek-V3
2025-11-19 18:35:08 - ai_model - DEBUG -    Base URL: https://api.siliconflow.cn/v1
2025-11-19 18:35:08 - ai_model - DEBUG -    API Key: sk-gsaohhwdtofontqfo...rolhikfqmy
2025-11-19 18:35:11 - ai_model - DEBUG - ✅ AI模型初始化完成
2025-11-19 18:35:11 - ai_model - DEBUG -    模型: deepseek-ai/DeepSeek-V3
2025-11-19 18:35:11 - ai_model - DEBUG -    Base URL: https://api.siliconflow.cn/v1
2025-11-19 18:35:11 - ai_model - DEBUG -    API Key: sk-gsaohhwdtofontqfo...rolhikfqmy
2025-11-19 18:35:11 - ai_model - DEBUG - ✅ AI模型初始化完成
2025-11-19 18:35:11 - ai_model - DEBUG -    模型: deepseek-ai/DeepSeek-V3
2025-11-19 18:35:11 - ai_model - DEBUG -    Base URL: https://api.siliconflow.cn/v1
2025-11-19 18:35:11 - ai_model - DEBUG -    API Key: sk-gsaohhwdtofontqfo...rolhikfqmy
2025-11-19 18:35:53 - ai_model - DEBUG - ✅ AI模型初始化完成
2025-11-19 18:35:53 - ai_model - DEBUG -    模型: deepseek-ai/DeepSeek-V3
2025-11-19 18:35:53 - ai_model - DEBUG -    Base URL: https://api.siliconflow.cn/v1
2025-11-19 18:35:53 - ai_model - DEBUG -    API Key: sk-gsaohhwdtofontqfo...rolhikfqmy
2025-11-19 18:35:55 - ai_model - DEBUG - ✅ AI模型初始化完成
2025-11-19 18:35:55 - ai_model - DEBUG -    模型: deepseek-ai/DeepSeek-V3
2025-11-19 18:35:55 - ai_model - DEBUG -    Base URL: https://api.siliconflow.cn/v1
2025-11-19 18:35:55 - ai_model - DEBUG -    API Key: sk-gsaohhwdtofontqfo...rolhikfqmy
2025-11-19 18:36:39 - ai_model - DEBUG - ✅ AI模型初始化完成
2025-11-19 18:36:39 - ai_model - DEBUG -    模型: deepseek-ai/DeepSeek-V3
2025-11-19 18:36:39 - ai_model - DEBUG -    Base URL: https://api.siliconflow.cn/v1
2025-11-19 18:36:39 - ai_model - DEBUG -    API Key: sk-gsaohhwdtofontqfo...rolhikfqmy
2025-11-19 18:36:42 - ai_model - DEBUG - ✅ AI模型初始化完成
2025-11-19 18:36:42 - ai_model - DEBUG -    模型: deepseek-ai/DeepSeek-V3
2025-11-19 18:36:42 - ai_model - DEBUG -    Base URL: https://api.siliconflow.cn/v1
2025-11-19 18:36:42 - ai_model - DEBUG -    API Key: sk-gsaohhwdtofontqfo...rolhikfqmy
2025-11-19 18:36:45 - ai_model - DEBUG - ✅ AI模型初始化完成
2025-11-19 18:36:45 - ai_model - DEBUG -    模型: deepseek-ai/DeepSeek-V3
2025-11-19 18:36:45 - ai_model - DEBUG -    Base URL: https://api.siliconflow.cn/v1
2025-11-19 18:36:45 - ai_model - DEBUG -    API Key: sk-gsaohhwdtofontqfo...rolhikfqmy
2025-11-19 18:36:45 - ai_model - DEBUG - ✅ AI模型初始化完成
2025-11-19 18:36:45 - ai_model - DEBUG -    模型: deepseek-ai/DeepSeek-V3
2025-11-19 18:36:45 - ai_model - DEBUG -    Base URL: https://api.siliconflow.cn/v1
2025-11-19 18:36:45 - ai_model - DEBUG -    API Key: sk-gsaohhwdtofontqfo...rolhikfqmy
2025-11-19 18:36:49 - ai_model - DEBUG - ✅ AI模型初始化完成
2025-11-19 18:36:49 - ai_model - DEBUG -    模型: deepseek-ai/DeepSeek-V3
2025-11-19 18:36:49 - ai_model - DEBUG -    Base URL: https://api.siliconflow.cn/v1
2025-11-19 18:36:49 - ai_model - DEBUG -    API Key: sk-gsaohhwdtofontqfo...rolhikfqmy
2025-11-19 18:36:52 - ai_model - DEBUG - ✅ AI模型初始化完成
2025-11-19 18:36:52 - ai_model - DEBUG -    模型: deepseek-ai/DeepSeek-V3
2025-11-19 18:36:52 - ai_model - DEBUG -    Base URL: https://api.siliconflow.cn/v1
2025-11-19 18:36:52 - ai_model - DEBUG -    API Key: sk-gsaohhwdtofontqfo...rolhikfqmy
2025-11-19 18:40:37 - ai_model - DEBUG - ✅ AI模型初始化完成
2025-11-19 18:40:37 - ai_model - DEBUG -    模型: deepseek-ai/DeepSeek-V3
2025-11-19 18:40:37 - ai_model - DEBUG -    Base URL: https://api.siliconflow.cn/v1
2025-11-19 18:40:37 - ai_model - DEBUG -    API Key: sk-gsaohhwdtofontqfo...rolhikfqmy
2025-11-19 18:40:39 - ai_model - DEBUG - ✅ AI模型初始化完成
2025-11-19 18:40:39 - ai_model - DEBUG -    模型: deepseek-ai/DeepSeek-V3
2025-11-19 18:40:39 - ai_model - DEBUG -    Base URL: https://api.siliconflow.cn/v1
2025-11-19 18:40:39 - ai_model - DEBUG -    API Key: sk-gsaohhwdtofontqfo...rolhikfqmy
2025-11-19 18:40:42 - ai_model - DEBUG - ✅ AI模型初始化完成
2025-11-19 18:40:42 - ai_model - DEBUG -    模型: deepseek-ai/DeepSeek-V3
2025-11-19 18:40:42 - ai_model - DEBUG -    Base URL: https://api.siliconflow.cn/v1
2025-11-19 18:40:42 - ai_model - DEBUG -    API Key: sk-gsaohhwdtofontqfo...rolhikfqmy
2025-11-19 18:40:42 - ai_model - DEBUG - ✅ AI模型初始化完成
2025-11-19 18:40:42 - ai_model - DEBUG -    模型: deepseek-ai/DeepSeek-V3
2025-11-19 18:40:42 - ai_model - DEBUG -    Base URL: https://api.siliconflow.cn/v1
2025-11-19 18:40:42 - ai_model - DEBUG -    API Key: sk-gsaohhwdtofontqfo...rolhikfqmy
2025-11-19 18:41:18 - ai_model - DEBUG - ✅ AI模型初始化完成
2025-11-19 18:41:18 - ai_model - DEBUG -    模型: deepseek-ai/DeepSeek-V3
2025-11-19 18:41:18 - ai_model - DEBUG -    Base URL: https://api.siliconflow.cn/v1
2025-11-19 18:41:18 - ai_model - DEBUG -    API Key: sk-gsaohhwdtofontqfo...rolhikfqmy
2025-11-19 18:41:21 - ai_model - DEBUG - ✅ AI模型初始化完成
2025-11-19 18:41:21 - ai_model - DEBUG -    模型: deepseek-ai/DeepSeek-V3
2025-11-19 18:41:21 - ai_model - DEBUG -    Base URL: https://api.siliconflow.cn/v1
2025-11-19 18:41:21 - ai_model - DEBUG -    API Key: sk-gsaohhwdtofontqfo...rolhikfqmy
2025-11-19 18:41:23 - ai_model - DEBUG - ✅ AI模型初始化完成
2025-11-19 18:41:23 - ai_model - DEBUG -    模型: deepseek-ai/DeepSeek-V3
2025-11-19 18:41:23 - ai_model - DEBUG -    Base URL: https://api.siliconflow.cn/v1
2025-11-19 18:41:23 - ai_model - DEBUG -    API Key: sk-gsaohhwdtofontqfo...rolhikfqmy
2025-11-19 18:41:24 - ai_model - DEBUG - ✅ AI模型初始化完成
2025-11-19 18:41:24 - ai_model - DEBUG -    模型: deepseek-ai/DeepSeek-V3
2025-11-19 18:41:24 - ai_model - DEBUG -    Base URL: https://api.siliconflow.cn/v1
2025-11-19 18:41:24 - ai_model - DEBUG -    API Key: sk-gsaohhwdtofontqfo...rolhikfqmy
2025-11-19 18:49:35 - ai_model - DEBUG - ✅ AI模型初始化完成
2025-11-19 18:49:35 - ai_model - DEBUG -    模型: deepseek-ai/DeepSeek-V3
2025-11-19 18:49:35 - ai_model - DEBUG -    Base URL: https://api.siliconflow.cn/v1
2025-11-19 18:49:35 - ai_model - DEBUG -    API Key: sk-gsaohhwdtofontqfo...rolhikfqmy
2025-11-19 18:49:38 - ai_model - DEBUG - ✅ AI模型初始化完成
2025-11-19 18:49:38 - ai_model - DEBUG -    模型: deepseek-ai/DeepSeek-V3
2025-11-19 18:49:38 - ai_model - DEBUG -    Base URL: https://api.siliconflow.cn/v1
2025-11-19 18:49:38 - ai_model - DEBUG -    API Key: sk-gsaohhwdtofontqfo...rolhikfqmy
2025-11-19 18:49:41 - ai_model - DEBUG - ✅ AI模型初始化完成
2025-11-19 18:49:41 - ai_model - DEBUG -    模型: deepseek-ai/DeepSeek-V3
2025-11-19 18:49:41 - ai_model - DEBUG -    Base URL: https://api.siliconflow.cn/v1
2025-11-19 18:49:41 - ai_model - DEBUG -    API Key: sk-gsaohhwdtofontqfo...rolhikfqmy
2025-11-19 18:49:42 - ai_model - DEBUG - ✅ AI模型初始化完成
2025-11-19 18:49:42 - ai_model - DEBUG -    模型: deepseek-ai/DeepSeek-V3
2025-11-19 18:49:42 - ai_model - DEBUG -    Base URL: https://api.siliconflow.cn/v1
2025-11-19 18:49:42 - ai_model - DEBUG -    API Key: sk-gsaohhwdtofontqfo...rolhikfqmy
2025-11-19 18:49:49 - ai_model - DEBUG - ✅ AI模型初始化完成
2025-11-19 18:49:49 - ai_model - DEBUG -    模型: deepseek-ai/DeepSeek-V3
2025-11-19 18:49:49 - ai_model - DEBUG -    Base URL: https://api.siliconflow.cn/v1
2025-11-19 18:49:49 - ai_model - DEBUG -    API Key: sk-gsaohhwdtofontqfo...rolhikfqmy
2025-11-19 18:49:51 - ai_model - DEBUG - ✅ AI模型初始化完成
2025-11-19 18:49:51 - ai_model - DEBUG -    模型: deepseek-ai/DeepSeek-V3
2025-11-19 18:49:51 - ai_model - DEBUG -    Base URL: https://api.siliconflow.cn/v1
2025-11-19 18:49:51 - ai_model - DEBUG -    API Key: sk-gsaohhwdtofontqfo...rolhikfqmy
2025-11-19 18:49:53 - ai_model - DEBUG - ✅ AI模型初始化完成
2025-11-19 18:49:53 - ai_model - DEBUG -    模型: deepseek-ai/DeepSeek-V3
2025-11-19 18:49:53 - ai_model - DEBUG -    Base URL: https://api.siliconflow.cn/v1
2025-11-19 18:49:53 - ai_model - DEBUG -    API Key: sk-gsaohhwdtofontqfo...rolhikfqmy
2025-11-19 18:49:54 - ai_model - DEBUG - ✅ AI模型初始化完成
2025-11-19 18:49:54 - ai_model - DEBUG -    模型: deepseek-ai/DeepSeek-V3
2025-11-19 18:49:54 - ai_model - DEBUG -    Base URL: https://api.siliconflow.cn/v1
2025-11-19 18:49:54 - ai_model - DEBUG -    API Key: sk-gsaohhwdtofontqfo...rolhikfqmy
2025-11-19 18:52:44 - ai_model - DEBUG - ✅ AI模型初始化完成
2025-11-19 18:52:44 - ai_model - DEBUG -    模型: deepseek-ai/DeepSeek-V3
2025-11-19 18:52:44 - ai_model - DEBUG -    Base URL: https://api.siliconflow.cn/v1
2025-11-19 18:52:44 - ai_model - DEBUG -    API Key: sk-gsaohhwdtofontqfo...rolhikfqmy
2025-11-19 18:52:47 - ai_model - DEBUG - ✅ AI模型初始化完成
2025-11-19 18:52:47 - ai_model - DEBUG -    模型: deepseek-ai/DeepSeek-V3
2025-11-19 18:52:47 - ai_model - DEBUG -    Base URL: https://api.siliconflow.cn/v1
2025-11-19 18:52:47 - ai_model - DEBUG -    API Key: sk-gsaohhwdtofontqfo...rolhikfqmy
2025-11-19 18:52:49 - ai_model - DEBUG - ✅ AI模型初始化完成
2025-11-19 18:52:49 - ai_model - DEBUG -    模型: deepseek-ai/DeepSeek-V3
2025-11-19 18:52:49 - ai_model - DEBUG -    Base URL: https://api.siliconflow.cn/v1
2025-11-19 18:52:49 - ai_model - DEBUG -    API Key: sk-gsaohhwdtofontqfo...rolhikfqmy
2025-11-19 18:52:49 - ai_model - DEBUG - ✅ AI模型初始化完成
2025-11-19 18:52:49 - ai_model - DEBUG -    模型: deepseek-ai/DeepSeek-V3
2025-11-19 18:52:49 - ai_model - DEBUG -    Base URL: https://api.siliconflow.cn/v1
2025-11-19 18:52:49 - ai_model - DEBUG -    API Key: sk-gsaohhwdtofontqfo...rolhikfqmy
2025-11-19 18:52:55 - ai_model - DEBUG - ✅ AI模型初始化完成
2025-11-19 18:52:55 - ai_model - DEBUG -    模型: deepseek-ai/DeepSeek-V3
2025-11-19 18:52:55 - ai_model - DEBUG -    Base URL: https://api.siliconflow.cn/v1
2025-11-19 18:52:55 - ai_model - DEBUG -    API Key: sk-gsaohhwdtofontqfo...rolhikfqmy
2025-11-19 18:52:57 - ai_model - DEBUG - ✅ AI模型初始化完成
2025-11-19 18:52:57 - ai_model - DEBUG -    模型: deepseek-ai/DeepSeek-V3
2025-11-19 18:52:57 - ai_model - DEBUG -    Base URL: https://api.siliconflow.cn/v1
2025-11-19 18:52:57 - ai_model - DEBUG -    API Key: sk-gsaohhwdtofontqfo...rolhikfqmy
2025-11-19 18:53:00 - ai_model - DEBUG - ✅ AI模型初始化完成
2025-11-19 18:53:00 - ai_model - DEBUG -    模型: deepseek-ai/DeepSeek-V3
2025-11-19 18:53:00 - ai_model - DEBUG -    Base URL: https://api.siliconflow.cn/v1
2025-11-19 18:53:00 - ai_model - DEBUG -    API Key: sk-gsaohhwdtofontqfo...rolhikfqmy
2025-11-19 18:53:00 - ai_model - DEBUG - ✅ AI模型初始化完成
2025-11-19 18:53:00 - ai_model - DEBUG -    模型: deepseek-ai/DeepSeek-V3
2025-11-19 18:53:00 - ai_model - DEBUG -    Base URL: https://api.siliconflow.cn/v1
2025-11-19 18:53:00 - ai_model - DEBUG -    API Key: sk-gsaohhwdtofontqfo...rolhikfqmy
2025-11-19 18:54:07 - ai_model - DEBUG - ✅ AI模型初始化完成
2025-11-19 18:54:07 - ai_model - DEBUG -    模型: deepseek-ai/DeepSeek-V3
2025-11-19 18:54:07 - ai_model - DEBUG -    Base URL: https://api.siliconflow.cn/v1
2025-11-19 18:54:07 - ai_model - DEBUG -    API Key: sk-gsaohhwdtofontqfo...rolhikfqmy
2025-11-19 18:54:08 - ai_model - DEBUG - ✅ AI模型初始化完成
2025-11-19 18:54:08 - ai_model - DEBUG -    模型: deepseek-ai/DeepSeek-V3
2025-11-19 18:54:08 - ai_model - DEBUG -    Base URL: https://api.siliconflow.cn/v1
2025-11-19 18:54:08 - ai_model - DEBUG -    API Key: sk-gsaohhwdtofontqfo...rolhikfqmy
2025-11-19 18:54:11 - ai_model - DEBUG - ✅ AI模型初始化完成
2025-11-19 18:54:11 - ai_model - DEBUG -    模型: deepseek-ai/DeepSeek-V3
2025-11-19 18:54:11 - ai_model - DEBUG -    Base URL: https://api.siliconflow.cn/v1
2025-11-19 18:54:11 - ai_model - DEBUG -    API Key: sk-gsaohhwdtofontqfo...rolhikfqmy
2025-11-19 18:54:11 - ai_model - DEBUG - ✅ AI模型初始化完成
2025-11-19 18:54:11 - ai_model - DEBUG -    模型: deepseek-ai/DeepSeek-V3
2025-11-19 18:54:11 - ai_model - DEBUG -    Base URL: https://api.siliconflow.cn/v1
2025-11-19 18:54:11 - ai_model - DEBUG -    API Key: sk-gsaohhwdtofontqfo...rolhikfqmy
2025-11-19 18:56:51 - ai_model - DEBUG - ✅ AI模型初始化完成
2025-11-19 18:56:51 - ai_model - DEBUG -    模型: deepseek-ai/DeepSeek-V3
2025-11-19 18:56:51 - ai_model - DEBUG -    Base URL: https://api.siliconflow.cn/v1
2025-11-19 18:56:51 - ai_model - DEBUG -    API Key: sk-gsaohhwdtofontqfo...rolhikfqmy
2025-11-19 18:56:53 - ai_model - DEBUG - ✅ AI模型初始化完成
2025-11-19 18:56:53 - ai_model - DEBUG -    模型: deepseek-ai/DeepSeek-V3
2025-11-19 18:56:53 - ai_model - DEBUG -    Base URL: https://api.siliconflow.cn/v1
2025-11-19 18:56:53 - ai_model - DEBUG -    API Key: sk-gsaohhwdtofontqfo...rolhikfqmy
2025-11-19 18:56:56 - ai_model - DEBUG - ✅ AI模型初始化完成
2025-11-19 18:56:56 - ai_model - DEBUG -    模型: deepseek-ai/DeepSeek-V3
2025-11-19 18:56:56 - ai_model - DEBUG -    Base URL: https://api.siliconflow.cn/v1
2025-11-19 18:56:56 - ai_model - DEBUG -    API Key: sk-gsaohhwdtofontqfo...rolhikfqmy
2025-11-19 18:56:57 - ai_model - DEBUG - ✅ AI模型初始化完成
2025-11-19 18:56:57 - ai_model - DEBUG -    模型: deepseek-ai/DeepSeek-V3
2025-11-19 18:56:57 - ai_model - DEBUG -    Base URL: https://api.siliconflow.cn/v1
2025-11-19 18:56:57 - ai_model - DEBUG -    API Key: sk-gsaohhwdtofontqfo...rolhikfqmy
2025-11-19 18:57:05 - ai_model - DEBUG - ✅ AI模型初始化完成
2025-11-19 18:57:05 - ai_model - DEBUG -    模型: deepseek-ai/DeepSeek-V3
2025-11-19 18:57:05 - ai_model - DEBUG -    Base URL: https://api.siliconflow.cn/v1
2025-11-19 18:57:05 - ai_model - DEBUG -    API Key: sk-gsaohhwdtofontqfo...rolhikfqmy
2025-11-19 18:57:07 - ai_model - DEBUG - ✅ AI模型初始化完成
2025-11-19 18:57:07 - ai_model - DEBUG -    模型: deepseek-ai/DeepSeek-V3
2025-11-19 18:57:07 - ai_model - DEBUG -    Base URL: https://api.siliconflow.cn/v1
2025-11-19 18:57:07 - ai_model - DEBUG -    API Key: sk-gsaohhwdtofontqfo...rolhikfqmy
2025-11-19 18:57:10 - ai_model - DEBUG - ✅ AI模型初始化完成
2025-11-19 18:57:10 - ai_model - DEBUG -    模型: deepseek-ai/DeepSeek-V3
2025-11-19 18:57:10 - ai_model - DEBUG -    Base URL: https://api.siliconflow.cn/v1
2025-11-19 18:57:10 - ai_model - DEBUG -    API Key: sk-gsaohhwdtofontqfo...rolhikfqmy
2025-11-19 18:57:10 - ai_model - DEBUG - ✅ AI模型初始化完成
2025-11-19 18:57:10 - ai_model - DEBUG -    模型: deepseek-ai/DeepSeek-V3
2025-11-19 18:57:10 - ai_model - DEBUG -    Base URL: https://api.siliconflow.cn/v1
2025-11-19 18:57:10 - ai_model - DEBUG -    API Key: sk-gsaohhwdtofontqfo...rolhikfqmy
2025-11-19 18:58:41 - ai_model - DEBUG - ✅ AI模型初始化完成
2025-11-19 18:58:41 - ai_model - DEBUG -    模型: deepseek-ai/DeepSeek-V3
2025-11-19 18:58:41 - ai_model - DEBUG -    Base URL: https://api.siliconflow.cn/v1
2025-11-19 18:58:41 - ai_model - DEBUG -    API Key: sk-gsaohhwdtofontqfo...rolhikfqmy
2025-11-19 18:58:43 - ai_model - DEBUG - ✅ AI模型初始化完成
2025-11-19 18:58:43 - ai_model - DEBUG -    模型: deepseek-ai/DeepSeek-V3
2025-11-19 18:58:43 - ai_model - DEBUG -    Base URL: https://api.siliconflow.cn/v1
2025-11-19 18:58:43 - ai_model - DEBUG -    API Key: sk-gsaohhwdtofontqfo...rolhikfqmy
2025-11-19 18:58:47 - ai_model - DEBUG - ✅ AI模型初始化完成
2025-11-19 18:58:47 - ai_model - DEBUG -    模型: deepseek-ai/DeepSeek-V3
2025-11-19 18:58:47 - ai_model - DEBUG -    Base URL: https://api.siliconflow.cn/v1
2025-11-19 18:58:47 - ai_model - DEBUG -    API Key: sk-gsaohhwdtofontqfo...rolhikfqmy
2025-11-19 18:58:47 - ai_model - DEBUG - ✅ AI模型初始化完成
2025-11-19 18:58:47 - ai_model - DEBUG -    模型: deepseek-ai/DeepSeek-V3
2025-11-19 18:58:47 - ai_model - DEBUG -    Base URL: https://api.siliconflow.cn/v1
2025-11-19 18:58:47 - ai_model - DEBUG -    API Key: sk-gsaohhwdtofontqfo...rolhikfqmy
2025-11-19 18:58:51 - ai_model - DEBUG - ✅ AI模型初始化完成
2025-11-19 18:58:51 - ai_model - DEBUG -    模型: deepseek-ai/DeepSeek-V3
2025-11-19 18:58:51 - ai_model - DEBUG -    Base URL: https://api.siliconflow.cn/v1
2025-11-19 18:58:51 - ai_model - DEBUG -    API Key: sk-gsaohhwdtofontqfo...rolhikfqmy
2025-11-19 18:58:52 - ai_model - DEBUG - ✅ AI模型初始化完成
2025-11-19 18:58:52 - ai_model - DEBUG -    模型: deepseek-ai/DeepSeek-V3
2025-11-19 18:58:52 - ai_model - DEBUG -    Base URL: https://api.siliconflow.cn/v1
2025-11-19 18:58:52 - ai_model - DEBUG -    API Key: sk-gsaohhwdtofontqfo...rolhikfqmy
2025-11-19 18:58:56 - ai_model - DEBUG - ✅ AI模型初始化完成
2025-11-19 18:58:56 - ai_model - DEBUG -    模型: deepseek-ai/DeepSeek-V3
2025-11-19 18:58:56 - ai_model - DEBUG -    Base URL: https://api.siliconflow.cn/v1
2025-11-19 18:58:56 - ai_model - DEBUG -    API Key: sk-gsaohhwdtofontqfo...rolhikfqmy
2025-11-19 18:58:57 - ai_model - DEBUG - ✅ AI模型初始化完成
2025-11-19 18:58:57 - ai_model - DEBUG -    模型: deepseek-ai/DeepSeek-V3
2025-11-19 18:58:57 - ai_model - DEBUG -    Base URL: https://api.siliconflow.cn/v1
2025-11-19 18:58:57 - ai_model - DEBUG -    API Key: sk-gsaohhwdtofontqfo...rolhikfqmy
2025-11-19 19:03:08 - ai_model - DEBUG - ✅ AI模型初始化完成
2025-11-19 19:03:08 - ai_model - DEBUG -    模型: deepseek-ai/DeepSeek-V3
2025-11-19 19:03:08 - ai_model - DEBUG -    Base URL: https://api.siliconflow.cn/v1
2025-11-19 19:03:08 - ai_model - DEBUG -    API Key: sk-gsaohhwdtofontqfo...rolhikfqmy
2025-11-19 19:03:10 - ai_model - DEBUG - ✅ AI模型初始化完成
2025-11-19 19:03:10 - ai_model - DEBUG -    模型: deepseek-ai/DeepSeek-V3
2025-11-19 19:03:10 - ai_model - DEBUG -    Base URL: https://api.siliconflow.cn/v1
2025-11-19 19:03:10 - ai_model - DEBUG -    API Key: sk-gsaohhwdtofontqfo...rolhikfqmy
2025-11-19 19:03:12 - ai_model - DEBUG - ✅ AI模型初始化完成
2025-11-19 19:03:12 - ai_model - DEBUG -    模型: deepseek-ai/DeepSeek-V3
2025-11-19 19:03:12 - ai_model - DEBUG -    Base URL: https://api.siliconflow.cn/v1
2025-11-19 19:03:12 - ai_model - DEBUG -    API Key: sk-gsaohhwdtofontqfo...rolhikfqmy
2025-11-19 19:03:12 - ai_model - DEBUG - ✅ AI模型初始化完成
2025-11-19 19:03:12 - ai_model - DEBUG -    模型: deepseek-ai/DeepSeek-V3
2025-11-19 19:03:12 - ai_model - DEBUG -    Base URL: https://api.siliconflow.cn/v1
2025-11-19 19:03:12 - ai_model - DEBUG -    API Key: sk-gsaohhwdtofontqfo...rolhikfqmy
2025-11-19 19:03:16 - ai_model - DEBUG - ✅ AI模型初始化完成
2025-11-19 19:03:16 - ai_model - DEBUG -    模型: deepseek-ai/DeepSeek-V3
2025-11-19 19:03:16 - ai_model - DEBUG -    Base URL: https://api.siliconflow.cn/v1
2025-11-19 19:03:16 - ai_model - DEBUG -    API Key: sk-gsaohhwdtofontqfo...rolhikfqmy
2025-11-19 19:03:18 - ai_model - DEBUG - ✅ AI模型初始化完成
2025-11-19 19:03:18 - ai_model - DEBUG -    模型: deepseek-ai/DeepSeek-V3
2025-11-19 19:03:18 - ai_model - DEBUG -    Base URL: https://api.siliconflow.cn/v1
2025-11-19 19:03:18 - ai_model - DEBUG -    API Key: sk-gsaohhwdtofontqfo...rolhikfqmy
2025-11-19 19:03:21 - ai_model - DEBUG - ✅ AI模型初始化完成
2025-11-19 19:03:21 - ai_model - DEBUG -    模型: deepseek-ai/DeepSeek-V3
2025-11-19 19:03:21 - ai_model - DEBUG -    Base URL: https://api.siliconflow.cn/v1
2025-11-19 19:03:21 - ai_model - DEBUG -    API Key: sk-gsaohhwdtofontqfo...rolhikfqmy
2025-11-19 19:03:21 - ai_model - DEBUG - ✅ AI模型初始化完成
2025-11-19 19:03:21 - ai_model - DEBUG -    模型: deepseek-ai/DeepSeek-V3
2025-11-19 19:03:21 - ai_model - DEBUG -    Base URL: https://api.siliconflow.cn/v1
2025-11-19 19:03:21 - ai_model - DEBUG -    API Key: sk-gsaohhwdtofontqfo...rolhikfqmy
2025-11-19 19:08:09 - ai_model - DEBUG - ✅ AI模型初始化完成
2025-11-19 19:08:09 - ai_model - DEBUG -    模型: deepseek-ai/DeepSeek-V3
2025-11-19 19:08:09 - ai_model - DEBUG -    Base URL: https://api.siliconflow.cn/v1
2025-11-19 19:08:09 - ai_model - DEBUG -    API Key: sk-gsaohhwdtofontqfo...rolhikfqmy
2025-11-19 19:08:12 - ai_model - DEBUG - ✅ AI模型初始化完成
2025-11-19 19:08:12 - ai_model - DEBUG -    模型: deepseek-ai/DeepSeek-V3
2025-11-19 19:08:12 - ai_model - DEBUG -    Base URL: https://api.siliconflow.cn/v1
2025-11-19 19:08:12 - ai_model - DEBUG -    API Key: sk-gsaohhwdtofontqfo...rolhikfqmy
2025-11-19 19:08:16 - ai_model - DEBUG - ✅ AI模型初始化完成
2025-11-19 19:08:16 - ai_model - DEBUG -    模型: deepseek-ai/DeepSeek-V3
2025-11-19 19:08:16 - ai_model - DEBUG -    Base URL: https://api.siliconflow.cn/v1
2025-11-19 19:08:16 - ai_model - DEBUG -    API Key: sk-gsaohhwdtofontqfo...rolhikfqmy
2025-11-19 19:08:16 - ai_model - DEBUG - ✅ AI模型初始化完成
2025-11-19 19:08:16 - ai_model - DEBUG -    模型: deepseek-ai/DeepSeek-V3
2025-11-19 19:08:16 - ai_model - DEBUG -    Base URL: https://api.siliconflow.cn/v1
2025-11-19 19:08:16 - ai_model - DEBUG -    API Key: sk-gsaohhwdtofontqfo...rolhikfqmy
2025-11-19 19:08:29 - ai_model - DEBUG - ✅ AI模型初始化完成
2025-11-19 19:08:29 - ai_model - DEBUG -    模型: deepseek-ai/DeepSeek-V3
2025-11-19 19:08:29 - ai_model - DEBUG -    Base URL: https://api.siliconflow.cn/v1
2025-11-19 19:08:29 - ai_model - DEBUG -    API Key: sk-gsaohhwdtofontqfo...rolhikfqmy
2025-11-19 19:08:31 - ai_model - DEBUG - ✅ AI模型初始化完成
2025-11-19 19:08:31 - ai_model - DEBUG -    模型: deepseek-ai/DeepSeek-V3
2025-11-19 19:08:31 - ai_model - DEBUG -    Base URL: https://api.siliconflow.cn/v1
2025-11-19 19:08:31 - ai_model - DEBUG -    API Key: sk-gsaohhwdtofontqfo...rolhikfqmy
2025-11-19 19:08:34 - ai_model - DEBUG - ✅ AI模型初始化完成
2025-11-19 19:08:34 - ai_model - DEBUG -    模型: deepseek-ai/DeepSeek-V3
2025-11-19 19:08:34 - ai_model - DEBUG -    Base URL: https://api.siliconflow.cn/v1
2025-11-19 19:08:34 - ai_model - DEBUG -    API Key: sk-gsaohhwdtofontqfo...rolhikfqmy
2025-11-19 19:08:34 - ai_model - DEBUG - ✅ AI模型初始化完成
2025-11-19 19:08:34 - ai_model - DEBUG -    模型: deepseek-ai/DeepSeek-V3
2025-11-19 19:08:34 - ai_model - DEBUG -    Base URL: https://api.siliconflow.cn/v1
2025-11-19 19:08:34 - ai_model - DEBUG -    API Key: sk-gsaohhwdtofontqfo...rolhikfqmy
2025-11-19 19:17:11 - ai_model - DEBUG - ✅ AI模型初始化完成
2025-11-19 19:17:11 - ai_model - DEBUG -    模型: deepseek-ai/DeepSeek-V3
2025-11-19 19:17:11 - ai_model - DEBUG -    Base URL: https://api.siliconflow.cn/v1
2025-11-19 19:17:11 - ai_model - DEBUG -    API Key: sk-gsaohhwdtofontqfo...rolhikfqmy
2025-11-19 19:17:14 - ai_model - DEBUG - ✅ AI模型初始化完成
2025-11-19 19:17:14 - ai_model - DEBUG -    模型: deepseek-ai/DeepSeek-V3
2025-11-19 19:17:14 - ai_model - DEBUG -    Base URL: https://api.siliconflow.cn/v1
2025-11-19 19:17:14 - ai_model - DEBUG -    API Key: sk-gsaohhwdtofontqfo...rolhikfqmy
2025-11-19 19:17:17 - ai_model - DEBUG - ✅ AI模型初始化完成
2025-11-19 19:17:17 - ai_model - DEBUG -    模型: deepseek-ai/DeepSeek-V3
2025-11-19 19:17:17 - ai_model - DEBUG -    Base URL: https://api.siliconflow.cn/v1
2025-11-19 19:17:17 - ai_model - DEBUG -    API Key: sk-gsaohhwdtofontqfo...rolhikfqmy
2025-11-19 19:17:17 - ai_model - DEBUG - ✅ AI模型初始化完成
2025-11-19 19:17:17 - ai_model - DEBUG -    模型: deepseek-ai/DeepSeek-V3
2025-11-19 19:17:17 - ai_model - DEBUG -    Base URL: https://api.siliconflow.cn/v1
2025-11-19 19:17:17 - ai_model - DEBUG -    API Key: sk-gsaohhwdtofontqfo...rolhikfqmy
2025-11-19 19:17:50 - ai_model - DEBUG - ✅ AI模型初始化完成
2025-11-19 19:17:50 - ai_model - DEBUG -    模型: deepseek-ai/DeepSeek-V3
2025-11-19 19:17:50 - ai_model - DEBUG -    Base URL: https://api.siliconflow.cn/v1
2025-11-19 19:17:50 - ai_model - DEBUG -    API Key: sk-gsaohhwdtofontqfo...rolhikfqmy
2025-11-19 19:17:52 - ai_model - DEBUG - ✅ AI模型初始化完成
2025-11-19 19:17:52 - ai_model - DEBUG -    模型: deepseek-ai/DeepSeek-V3
2025-11-19 19:17:52 - ai_model - DEBUG -    Base URL: https://api.siliconflow.cn/v1
2025-11-19 19:17:52 - ai_model - DEBUG -    API Key: sk-gsaohhwdtofontqfo...rolhikfqmy
2025-11-19 19:17:55 - ai_model - DEBUG - ✅ AI模型初始化完成
2025-11-19 19:17:55 - ai_model - DEBUG -    模型: deepseek-ai/DeepSeek-V3
2025-11-19 19:17:55 - ai_model - DEBUG -    Base URL: https://api.siliconflow.cn/v1
2025-11-19 19:17:55 - ai_model - DEBUG -    API Key: sk-gsaohhwdtofontqfo...rolhikfqmy
2025-11-19 19:17:55 - ai_model - DEBUG - ✅ AI模型初始化完成
2025-11-19 19:17:55 - ai_model - DEBUG -    模型: deepseek-ai/DeepSeek-V3
2025-11-19 19:17:55 - ai_model - DEBUG -    Base URL: https://api.siliconflow.cn/v1
2025-11-19 19:17:55 - ai_model - DEBUG -    API Key: sk-gsaohhwdtofontqfo...rolhikfqmy
2025-11-19 19:20:37 - ai_model - DEBUG - ✅ AI模型初始化完成
2025-11-19 19:20:37 - ai_model - DEBUG -    模型: deepseek-ai/DeepSeek-V3
2025-11-19 19:20:37 - ai_model - DEBUG -    Base URL: https://api.siliconflow.cn/v1
2025-11-19 19:20:37 - ai_model - DEBUG -    API Key: sk-gsaohhwdtofontqfo...rolhikfqmy
2025-11-19 19:20:39 - ai_model - DEBUG - ✅ AI模型初始化完成
2025-11-19 19:20:39 - ai_model - DEBUG -    模型: deepseek-ai/DeepSeek-V3
2025-11-19 19:20:39 - ai_model - DEBUG -    Base URL: https://api.siliconflow.cn/v1
2025-11-19 19:20:39 - ai_model - DEBUG -    API Key: sk-gsaohhwdtofontqfo...rolhikfqmy
2025-11-19 19:20:41 - ai_model - DEBUG - ✅ AI模型初始化完成
2025-11-19 19:20:41 - ai_model - DEBUG -    模型: deepseek-ai/DeepSeek-V3
2025-11-19 19:20:41 - ai_model - DEBUG -    Base URL: https://api.siliconflow.cn/v1
2025-11-19 19:20:41 - ai_model - DEBUG -    API Key: sk-gsaohhwdtofontqfo...rolhikfqmy
2025-11-19 19:20:42 - ai_model - DEBUG - ✅ AI模型初始化完成
2025-11-19 19:20:42 - ai_model - DEBUG -    模型: deepseek-ai/DeepSeek-V3
2025-11-19 19:20:42 - ai_model - DEBUG -    Base URL: https://api.siliconflow.cn/v1
2025-11-19 19:20:42 - ai_model - DEBUG -    API Key: sk-gsaohhwdtofontqfo...rolhikfqmy
2025-11-19 19:20:50 - ai_model - DEBUG - ✅ AI模型初始化完成
2025-11-19 19:20:50 - ai_model - DEBUG -    模型: deepseek-ai/DeepSeek-V3
2025-11-19 19:20:50 - ai_model - DEBUG -    Base URL: https://api.siliconflow.cn/v1
2025-11-19 19:20:50 - ai_model - DEBUG -    API Key: sk-gsaohhwdtofontqfo...rolhikfqmy
2025-11-19 19:20:52 - ai_model - DEBUG - ✅ AI模型初始化完成
2025-11-19 19:20:52 - ai_model - DEBUG -    模型: deepseek-ai/DeepSeek-V3
2025-11-19 19:20:52 - ai_model - DEBUG -    Base URL: https://api.siliconflow.cn/v1
2025-11-19 19:20:52 - ai_model - DEBUG -    API Key: sk-gsaohhwdtofontqfo...rolhikfqmy
2025-11-19 19:20:54 - ai_model - DEBUG - ✅ AI模型初始化完成
2025-11-19 19:20:54 - ai_model - DEBUG -    模型: deepseek-ai/DeepSeek-V3
2025-11-19 19:20:54 - ai_model - DEBUG -    Base URL: https://api.siliconflow.cn/v1
2025-11-19 19:20:54 - ai_model - DEBUG -    API Key: sk-gsaohhwdtofontqfo...rolhikfqmy
2025-11-19 19:20:55 - ai_model - DEBUG - ✅ AI模型初始化完成
2025-11-19 19:20:55 - ai_model - DEBUG -    模型: deepseek-ai/DeepSeek-V3
2025-11-19 19:20:55 - ai_model - DEBUG -    Base URL: https://api.siliconflow.cn/v1
2025-11-19 19:20:55 - ai_model - DEBUG -    API Key: sk-gsaohhwdtofontqfo...rolhikfqmy
2025-11-19 19:23:52 - ai_model - DEBUG - ✅ AI模型初始化完成
2025-11-19 19:23:52 - ai_model - DEBUG -    模型: deepseek-ai/DeepSeek-V3
2025-11-19 19:23:52 - ai_model - DEBUG -    Base URL: https://api.siliconflow.cn/v1
2025-11-19 19:23:52 - ai_model - DEBUG -    API Key: sk-gsaohhwdtofontqfo...rolhikfqmy
2025-11-19 19:23:54 - ai_model - DEBUG - ✅ AI模型初始化完成
2025-11-19 19:23:54 - ai_model - DEBUG -    模型: deepseek-ai/DeepSeek-V3
2025-11-19 19:23:54 - ai_model - DEBUG -    Base URL: https://api.siliconflow.cn/v1
2025-11-19 19:23:54 - ai_model - DEBUG -    API Key: sk-gsaohhwdtofontqfo...rolhikfqmy
2025-11-19 19:23:57 - ai_model - DEBUG - ✅ AI模型初始化完成
2025-11-19 19:23:57 - ai_model - DEBUG -    模型: deepseek-ai/DeepSeek-V3
2025-11-19 19:23:57 - ai_model - DEBUG -    Base URL: https://api.siliconflow.cn/v1
2025-11-19 19:23:57 - ai_model - DEBUG -    API Key: sk-gsaohhwdtofontqfo...rolhikfqmy
2025-11-19 19:23:57 - ai_model - DEBUG - ✅ AI模型初始化完成
2025-11-19 19:23:57 - ai_model - DEBUG -    模型: deepseek-ai/DeepSeek-V3
2025-11-19 19:23:57 - ai_model - DEBUG -    Base URL: https://api.siliconflow.cn/v1
2025-11-19 19:23:57 - ai_model - DEBUG -    API Key: sk-gsaohhwdtofontqfo...rolhikfqmy
2025-11-19 19:24:13 - ai_model - DEBUG - ✅ AI模型初始化完成
2025-11-19 19:24:13 - ai_model - DEBUG -    模型: deepseek-ai/DeepSeek-V3
2025-11-19 19:24:13 - ai_model - DEBUG -    Base URL: https://api.siliconflow.cn/v1
2025-11-19 19:24:13 - ai_model - DEBUG -    API Key: sk-gsaohhwdtofontqfo...rolhikfqmy
2025-11-19 19:24:15 - ai_model - DEBUG - ✅ AI模型初始化完成
2025-11-19 19:24:15 - ai_model - DEBUG -    模型: deepseek-ai/DeepSeek-V3
2025-11-19 19:24:15 - ai_model - DEBUG -    Base URL: https://api.siliconflow.cn/v1
2025-11-19 19:24:15 - ai_model - DEBUG -    API Key: sk-gsaohhwdtofontqfo...rolhikfqmy
2025-11-19 19:24:18 - ai_model - DEBUG - ✅ AI模型初始化完成
2025-11-19 19:24:18 - ai_model - DEBUG -    模型: deepseek-ai/DeepSeek-V3
2025-11-19 19:24:18 - ai_model - DEBUG -    Base URL: https://api.siliconflow.cn/v1
2025-11-19 19:24:18 - ai_model - DEBUG -    API Key: sk-gsaohhwdtofontqfo...rolhikfqmy
2025-11-19 19:24:18 - ai_model - DEBUG - ✅ AI模型初始化完成
2025-11-19 19:24:18 - ai_model - DEBUG -    模型: deepseek-ai/DeepSeek-V3
2025-11-19 19:24:18 - ai_model - DEBUG -    Base URL: https://api.siliconflow.cn/v1
2025-11-19 19:24:18 - ai_model - DEBUG -    API Key: sk-gsaohhwdtofontqfo...rolhikfqmy
2025-11-19 19:25:09 - ai_model - DEBUG - ✅ AI模型初始化完成
2025-11-19 19:25:09 - ai_model - DEBUG -    模型: deepseek-ai/DeepSeek-V3
2025-11-19 19:25:09 - ai_model - DEBUG -    Base URL: https://api.siliconflow.cn/v1
2025-11-19 19:25:09 - ai_model - DEBUG -    API Key: sk-gsaohhwdtofontqfo...rolhikfqmy
2025-11-19 19:25:12 - ai_model - DEBUG - ✅ AI模型初始化完成
2025-11-19 19:25:12 - ai_model - DEBUG -    模型: deepseek-ai/DeepSeek-V3
2025-11-19 19:25:12 - ai_model - DEBUG -    Base URL: https://api.siliconflow.cn/v1
2025-11-19 19:25:12 - ai_model - DEBUG -    API Key: sk-gsaohhwdtofontqfo...rolhikfqmy
2025-11-19 19:25:14 - ai_model - DEBUG - ✅ AI模型初始化完成
2025-11-19 19:25:14 - ai_model - DEBUG -    模型: deepseek-ai/DeepSeek-V3
2025-11-19 19:25:14 - ai_model - DEBUG -    Base URL: https://api.siliconflow.cn/v1
2025-11-19 19:25:14 - ai_model - DEBUG -    API Key: sk-gsaohhwdtofontqfo...rolhikfqmy
2025-11-19 19:25:14 - ai_model - DEBUG - ✅ AI模型初始化完成
2025-11-19 19:25:14 - ai_model - DEBUG -    模型: deepseek-ai/DeepSeek-V3
2025-11-19 19:25:14 - ai_model - DEBUG -    Base URL: https://api.siliconflow.cn/v1
2025-11-19 19:25:14 - ai_model - DEBUG -    API Key: sk-gsaohhwdtofontqfo...rolhikfqmy
2025-11-19 19:25:34 - ai_model - DEBUG - ✅ AI模型初始化完成
2025-11-19 19:25:34 - ai_model - DEBUG -    模型: deepseek-ai/DeepSeek-V3
2025-11-19 19:25:34 - ai_model - DEBUG -    Base URL: https://api.siliconflow.cn/v1
2025-11-19 19:25:34 - ai_model - DEBUG -    API Key: sk-gsaohhwdtofontqfo...rolhikfqmy
2025-11-19 19:25:36 - ai_model - DEBUG - ✅ AI模型初始化完成
2025-11-19 19:25:36 - ai_model - DEBUG -    模型: deepseek-ai/DeepSeek-V3
2025-11-19 19:25:36 - ai_model - DEBUG -    Base URL: https://api.siliconflow.cn/v1
2025-11-19 19:25:36 - ai_model - DEBUG -    API Key: sk-gsaohhwdtofontqfo...rolhikfqmy
2025-11-19 19:25:39 - ai_model - DEBUG - ✅ AI模型初始化完成
2025-11-19 19:25:39 - ai_model - DEBUG -    模型: deepseek-ai/DeepSeek-V3
2025-11-19 19:25:39 - ai_model - DEBUG -    Base URL: https://api.siliconflow.cn/v1
2025-11-19 19:25:39 - ai_model - DEBUG -    API Key: sk-gsaohhwdtofontqfo...rolhikfqmy
2025-11-19 19:25:39 - ai_model - DEBUG - ✅ AI模型初始化完成
2025-11-19 19:25:39 - ai_model - DEBUG -    模型: deepseek-ai/DeepSeek-V3
2025-11-19 19:25:39 - ai_model - DEBUG -    Base URL: https://api.siliconflow.cn/v1
2025-11-19 19:25:39 - ai_model - DEBUG -    API Key: sk-gsaohhwdtofontqfo...rolhikfqmy
2025-11-19 19:28:18 - ai_model - DEBUG - ✅ AI模型初始化完成
2025-11-19 19:28:18 - ai_model - DEBUG -    模型: deepseek-ai/DeepSeek-V3
2025-11-19 19:28:18 - ai_model - DEBUG -    Base URL: https://api.siliconflow.cn/v1
2025-11-19 19:28:18 - ai_model - DEBUG -    API Key: sk-gsaohhwdtofontqfo...rolhikfqmy
2025-11-19 19:28:20 - ai_model - DEBUG - ✅ AI模型初始化完成
2025-11-19 19:28:20 - ai_model - DEBUG -    模型: deepseek-ai/DeepSeek-V3
2025-11-19 19:28:20 - ai_model - DEBUG -    Base URL: https://api.siliconflow.cn/v1
2025-11-19 19:28:20 - ai_model - DEBUG -    API Key: sk-gsaohhwdtofontqfo...rolhikfqmy
2025-11-19 19:28:23 - ai_model - DEBUG - ✅ AI模型初始化完成
2025-11-19 19:28:23 - ai_model - DEBUG -    模型: deepseek-ai/DeepSeek-V3
2025-11-19 19:28:23 - ai_model - DEBUG -    Base URL: https://api.siliconflow.cn/v1
2025-11-19 19:28:23 - ai_model - DEBUG -    API Key: sk-gsaohhwdtofontqfo...rolhikfqmy
2025-11-19 19:28:23 - ai_model - DEBUG - ✅ AI模型初始化完成
2025-11-19 19:28:23 - ai_model - DEBUG -    模型: deepseek-ai/DeepSeek-V3
2025-11-19 19:28:23 - ai_model - DEBUG -    Base URL: https://api.siliconflow.cn/v1
2025-11-19 19:28:23 - ai_model - DEBUG -    API Key: sk-gsaohhwdtofontqfo...rolhikfqmy
2025-11-19 19:33:38 - ai_model - DEBUG - ✅ AI模型初始化完成
2025-11-19 19:33:38 - ai_model - DEBUG -    模型: deepseek-ai/DeepSeek-V3
2025-11-19 19:33:38 - ai_model - DEBUG -    Base URL: https://api.siliconflow.cn/v1
2025-11-19 19:33:38 - ai_model - DEBUG -    API Key: sk-gsaohhwdtofontqfo...rolhikfqmy
2025-11-19 19:33:41 - ai_model - DEBUG - ✅ AI模型初始化完成
2025-11-19 19:33:41 - ai_model - DEBUG -    模型: deepseek-ai/DeepSeek-V3
2025-11-19 19:33:41 - ai_model - DEBUG -    Base URL: https://api.siliconflow.cn/v1
2025-11-19 19:33:41 - ai_model - DEBUG -    API Key: sk-gsaohhwdtofontqfo...rolhikfqmy
2025-11-19 19:33:43 - ai_model - DEBUG - ✅ AI模型初始化完成
2025-11-19 19:33:43 - ai_model - DEBUG -    模型: deepseek-ai/DeepSeek-V3
2025-11-19 19:33:43 - ai_model - DEBUG -    Base URL: https://api.siliconflow.cn/v1
2025-11-19 19:33:43 - ai_model - DEBUG -    API Key: sk-gsaohhwdtofontqfo...rolhikfqmy
2025-11-19 19:33:43 - ai_model - DEBUG - ✅ AI模型初始化完成
2025-11-19 19:33:43 - ai_model - DEBUG -    模型: deepseek-ai/DeepSeek-V3
2025-11-19 19:33:43 - ai_model - DEBUG -    Base URL: https://api.siliconflow.cn/v1
2025-11-19 19:33:43 - ai_model - DEBUG -    API Key: sk-gsaohhwdtofontqfo...rolhikfqmy
2025-11-19 19:33:56 - ai_model - DEBUG - ✅ AI模型初始化完成
2025-11-19 19:33:56 - ai_model - DEBUG -    模型: deepseek-ai/DeepSeek-V3
2025-11-19 19:33:56 - ai_model - DEBUG -    Base URL: https://api.siliconflow.cn/v1
2025-11-19 19:33:56 - ai_model - DEBUG -    API Key: sk-gsaohhwdtofontqfo...rolhikfqmy
2025-11-19 19:33:59 - ai_model - DEBUG - ✅ AI模型初始化完成
2025-11-19 19:33:59 - ai_model - DEBUG -    模型: deepseek-ai/DeepSeek-V3
2025-11-19 19:33:59 - ai_model - DEBUG -    Base URL: https://api.siliconflow.cn/v1
2025-11-19 19:33:59 - ai_model - DEBUG -    API Key: sk-gsaohhwdtofontqfo...rolhikfqmy
2025-11-19 19:34:06 - ai_model - DEBUG - ✅ AI模型初始化完成
2025-11-19 19:34:06 - ai_model - DEBUG -    模型: deepseek-ai/DeepSeek-V3
2025-11-19 19:34:06 - ai_model - DEBUG -    Base URL: https://api.siliconflow.cn/v1
2025-11-19 19:34:06 - ai_model - DEBUG -    API Key: sk-gsaohhwdtofontqfo...rolhikfqmy
2025-11-19 19:34:06 - ai_model - DEBUG - ✅ AI模型初始化完成
2025-11-19 19:34:06 - ai_model - DEBUG -    模型: deepseek-ai/DeepSeek-V3
2025-11-19 19:34:06 - ai_model - DEBUG -    Base URL: https://api.siliconflow.cn/v1
2025-11-19 19:34:06 - ai_model - DEBUG -    API Key: sk-gsaohhwdtofontqfo...rolhikfqmy
2025-11-20 09:32:50 - ai_model - DEBUG - ✅ AI模型初始化完成
2025-11-20 09:32:50 - ai_model - DEBUG -    模型: deepseek-ai/DeepSeek-V3
2025-11-20 09:32:50 - ai_model - DEBUG -    Base URL: https://api.siliconflow.cn/v1
2025-11-20 09:32:50 - ai_model - DEBUG -    API Key: sk-gsaohhwdtofontqfo...rolhikfqmy
2025-11-20 09:32:52 - ai_model - DEBUG - ✅ AI模型初始化完成
2025-11-20 09:32:52 - ai_model - DEBUG -    模型: deepseek-ai/DeepSeek-V3
2025-11-20 09:32:52 - ai_model - DEBUG -    Base URL: https://api.siliconflow.cn/v1
2025-11-20 09:32:52 - ai_model - DEBUG -    API Key: sk-gsaohhwdtofontqfo...rolhikfqmy
2025-11-20 09:32:55 - ai_model - DEBUG - ✅ AI模型初始化完成
2025-11-20 09:32:55 - ai_model - DEBUG -    模型: deepseek-ai/DeepSeek-V3
2025-11-20 09:32:55 - ai_model - DEBUG -    Base URL: https://api.siliconflow.cn/v1
2025-11-20 09:32:55 - ai_model - DEBUG -    API Key: sk-gsaohhwdtofontqfo...rolhikfqmy
2025-11-20 09:32:55 - ai_model - DEBUG - ✅ AI模型初始化完成
2025-11-20 09:32:55 - ai_model - DEBUG -    模型: deepseek-ai/DeepSeek-V3
2025-11-20 09:32:55 - ai_model - DEBUG -    Base URL: https://api.siliconflow.cn/v1
2025-11-20 09:32:55 - ai_model - DEBUG -    API Key: sk-gsaohhwdtofontqfo...rolhikfqmy
2025-11-20 09:33:40 - ai_model - DEBUG - ✅ AI模型初始化完成
2025-11-20 09:33:40 - ai_model - DEBUG -    模型: deepseek-ai/DeepSeek-V3
2025-11-20 09:33:40 - ai_model - DEBUG -    Base URL: https://api.siliconflow.cn/v1
2025-11-20 09:33:40 - ai_model - DEBUG -    API Key: sk-gsaohhwdtofontqfo...rolhikfqmy
2025-11-20 09:33:42 - ai_model - DEBUG - ✅ AI模型初始化完成
2025-11-20 09:33:42 - ai_model - DEBUG -    模型: deepseek-ai/DeepSeek-V3
2025-11-20 09:33:42 - ai_model - DEBUG -    Base URL: https://api.siliconflow.cn/v1
2025-11-20 09:33:42 - ai_model - DEBUG -    API Key: sk-gsaohhwdtofontqfo...rolhikfqmy
2025-11-20 09:33:44 - ai_model - DEBUG - ✅ AI模型初始化完成
2025-11-20 09:33:44 - ai_model - DEBUG -    模型: deepseek-ai/DeepSeek-V3
2025-11-20 09:33:44 - ai_model - DEBUG -    Base URL: https://api.siliconflow.cn/v1
2025-11-20 09:33:44 - ai_model - DEBUG -    API Key: sk-gsaohhwdtofontqfo...rolhikfqmy
2025-11-20 09:33:44 - ai_model - DEBUG - ✅ AI模型初始化完成
2025-11-20 09:33:44 - ai_model - DEBUG -    模型: deepseek-ai/DeepSeek-V3
2025-11-20 09:33:44 - ai_model - DEBUG -    Base URL: https://api.siliconflow.cn/v1
2025-11-20 09:33:44 - ai_model - DEBUG -    API Key: sk-gsaohhwdtofontqfo...rolhikfqmy
2025-11-20 09:43:45 - ai_model - DEBUG - ✅ AI模型初始化完成
2025-11-20 09:43:45 - ai_model - DEBUG -    模型: deepseek-ai/DeepSeek-V3
2025-11-20 09:43:45 - ai_model - DEBUG -    Base URL: https://api.siliconflow.cn/v1
2025-11-20 09:43:45 - ai_model - DEBUG -    API Key: sk-gsaohhwdtofontqfo...rolhikfqmy
2025-11-20 09:43:47 - ai_model - DEBUG - ✅ AI模型初始化完成
2025-11-20 09:43:47 - ai_model - DEBUG -    模型: deepseek-ai/DeepSeek-V3
2025-11-20 09:43:47 - ai_model - DEBUG -    Base URL: https://api.siliconflow.cn/v1
2025-11-20 09:43:47 - ai_model - DEBUG -    API Key: sk-gsaohhwdtofontqfo...rolhikfqmy
2025-11-20 09:43:50 - ai_model - DEBUG - ✅ AI模型初始化完成
2025-11-20 09:43:50 - ai_model - DEBUG -    模型: deepseek-ai/DeepSeek-V3
2025-11-20 09:43:50 - ai_model - DEBUG -    Base URL: https://api.siliconflow.cn/v1
2025-11-20 09:43:50 - ai_model - DEBUG -    API Key: sk-gsaohhwdtofontqfo...rolhikfqmy
2025-11-20 09:47:42 - ai_model - DEBUG - ✅ AI模型初始化完成
2025-11-20 09:47:42 - ai_model - DEBUG -    模型: deepseek-ai/DeepSeek-V3
2025-11-20 09:47:42 - ai_model - DEBUG -    Base URL: https://api.siliconflow.cn/v1
2025-11-20 09:47:42 - ai_model - DEBUG -    API Key: sk-gsaohhwdtofontqfo...rolhikfqmy
2025-11-20 09:47:44 - ai_model - DEBUG - ✅ AI模型初始化完成
2025-11-20 09:47:44 - ai_model - DEBUG -    模型: deepseek-ai/DeepSeek-V3
2025-11-20 09:47:44 - ai_model - DEBUG -    Base URL: https://api.siliconflow.cn/v1
2025-11-20 09:47:44 - ai_model - DEBUG -    API Key: sk-gsaohhwdtofontqfo...rolhikfqmy
2025-11-20 09:47:46 - ai_model - DEBUG - ✅ AI模型初始化完成
2025-11-20 09:47:46 - ai_model - DEBUG -    模型: deepseek-ai/DeepSeek-V3
2025-11-20 09:47:46 - ai_model - DEBUG -    Base URL: https://api.siliconflow.cn/v1
2025-11-20 09:47:46 - ai_model - DEBUG -    API Key: sk-gsaohhwdtofontqfo...rolhikfqmy
2025-11-20 09:51:28 - ai_model - DEBUG - ✅ AI模型初始化完成
2025-11-20 09:51:28 - ai_model - DEBUG -    模型: deepseek-ai/DeepSeek-V3
2025-11-20 09:51:28 - ai_model - DEBUG -    Base URL: https://api.siliconflow.cn/v1
2025-11-20 09:51:28 - ai_model - DEBUG -    API Key: sk-gsaohhwdtofontqfo...rolhikfqmy
2025-11-20 09:51:31 - ai_model - DEBUG - ✅ AI模型初始化完成
2025-11-20 09:51:31 - ai_model - DEBUG -    模型: deepseek-ai/DeepSeek-V3
2025-11-20 09:51:31 - ai_model - DEBUG -    Base URL: https://api.siliconflow.cn/v1
2025-11-20 09:51:31 - ai_model - DEBUG -    API Key: sk-gsaohhwdtofontqfo...rolhikfqmy
2025-11-20 09:51:33 - ai_model - DEBUG - ✅ AI模型初始化完成
2025-11-20 09:51:33 - ai_model - DEBUG -    模型: deepseek-ai/DeepSeek-V3
2025-11-20 09:51:33 - ai_model - DEBUG -    Base URL: https://api.siliconflow.cn/v1
2025-11-20 09:51:33 - ai_model - DEBUG -    API Key: sk-gsaohhwdtofontqfo...rolhikfqmy
2025-11-20 09:56:02 - ai_model - DEBUG - ✅ AI模型初始化完成
2025-11-20 09:56:02 - ai_model - DEBUG -    模型: deepseek-ai/DeepSeek-V3
2025-11-20 09:56:02 - ai_model - DEBUG -    Base URL: https://api.siliconflow.cn/v1
2025-11-20 09:56:02 - ai_model - DEBUG -    API Key: sk-gsaohhwdtofontqfo...rolhikfqmy
2025-11-20 09:56:03 - ai_model - DEBUG - ✅ AI模型初始化完成
2025-11-20 09:56:03 - ai_model - DEBUG -    模型: deepseek-ai/DeepSeek-V3
2025-11-20 09:56:03 - ai_model - DEBUG -    Base URL: https://api.siliconflow.cn/v1
2025-11-20 09:56:03 - ai_model - DEBUG -    API Key: sk-gsaohhwdtofontqfo...rolhikfqmy
2025-11-20 09:56:08 - ai_model - DEBUG - ✅ AI模型初始化完成
2025-11-20 09:56:08 - ai_model - DEBUG -    模型: deepseek-ai/DeepSeek-V3
2025-11-20 09:56:08 - ai_model - DEBUG -    Base URL: https://api.siliconflow.cn/v1
2025-11-20 09:56:08 - ai_model - DEBUG -    API Key: sk-gsaohhwdtofontqfo...rolhikfqmy
2025-11-20 09:56:30 - ai_model - DEBUG - ✅ AI模型初始化完成
2025-11-20 09:56:30 - ai_model - DEBUG -    模型: deepseek-ai/DeepSeek-V3
2025-11-20 09:56:30 - ai_model - DEBUG -    Base URL: https://api.siliconflow.cn/v1
2025-11-20 09:56:30 - ai_model - DEBUG -    API Key: sk-gsaohhwdtofontqfo...rolhikfqmy
2025-11-20 09:56:31 - ai_model - DEBUG - ✅ AI模型初始化完成
2025-11-20 09:56:31 - ai_model - DEBUG -    模型: deepseek-ai/DeepSeek-V3
2025-11-20 09:56:31 - ai_model - DEBUG -    Base URL: https://api.siliconflow.cn/v1
2025-11-20 09:56:31 - ai_model - DEBUG -    API Key: sk-gsaohhwdtofontqfo...rolhikfqmy
2025-11-20 09:56:35 - ai_model - DEBUG - ✅ AI模型初始化完成
2025-11-20 09:56:35 - ai_model - DEBUG -    模型: deepseek-ai/DeepSeek-V3
2025-11-20 09:56:35 - ai_model - DEBUG -    Base URL: https://api.siliconflow.cn/v1
2025-11-20 09:56:35 - ai_model - DEBUG -    API Key: sk-gsaohhwdtofontqfo...rolhikfqmy
2025-11-20 09:57:23 - ai_model - DEBUG - ✅ AI模型初始化完成
2025-11-20 09:57:23 - ai_model - DEBUG -    模型: deepseek-ai/DeepSeek-V3
2025-11-20 09:57:23 - ai_model - DEBUG -    Base URL: https://api.siliconflow.cn/v1
2025-11-20 09:57:23 - ai_model - DEBUG -    API Key: sk-gsaohhwdtofontqfo...rolhikfqmy
2025-11-20 09:57:25 - ai_model - DEBUG - ✅ AI模型初始化完成
2025-11-20 09:57:25 - ai_model - DEBUG -    模型: deepseek-ai/DeepSeek-V3
2025-11-20 09:57:25 - ai_model - DEBUG -    Base URL: https://api.siliconflow.cn/v1
2025-11-20 09:57:25 - ai_model - DEBUG -    API Key: sk-gsaohhwdtofontqfo...rolhikfqmy
2025-11-20 09:57:27 - ai_model - DEBUG - ✅ AI模型初始化完成
2025-11-20 09:57:27 - ai_model - DEBUG -    模型: deepseek-ai/DeepSeek-V3
2025-11-20 09:57:27 - ai_model - DEBUG -    Base URL: https://api.siliconflow.cn/v1
2025-11-20 09:57:27 - ai_model - DEBUG -    API Key: sk-gsaohhwdtofontqfo...rolhikfqmy
2025-11-20 09:57:28 - ai_model - DEBUG - ✅ AI模型初始化完成
2025-11-20 09:57:28 - ai_model - DEBUG -    模型: deepseek-ai/DeepSeek-V3
2025-11-20 09:57:28 - ai_model - DEBUG -    Base URL: https://api.siliconflow.cn/v1
2025-11-20 09:57:28 - ai_model - DEBUG -    API Key: sk-gsaohhwdtofontqfo...rolhikfqmy
2025-11-20 10:12:02 - ai_model - DEBUG - ✅ AI模型初始化完成
2025-11-20 10:12:02 - ai_model - DEBUG -    模型: deepseek-ai/DeepSeek-V3
2025-11-20 10:12:02 - ai_model - DEBUG -    Base URL: https://api.siliconflow.cn/v1
2025-11-20 10:12:02 - ai_model - DEBUG -    API Key: sk-gsaohhwdtofontqfo...rolhikfqmy
2025-11-20 10:12:05 - ai_model - DEBUG - ✅ AI模型初始化完成
2025-11-20 10:12:05 - ai_model - DEBUG -    模型: deepseek-ai/DeepSeek-V3
2025-11-20 10:12:05 - ai_model - DEBUG -    Base URL: https://api.siliconflow.cn/v1
2025-11-20 10:12:05 - ai_model - DEBUG -    API Key: sk-gsaohhwdtofontqfo...rolhikfqmy
2025-11-20 10:12:08 - ai_model - DEBUG - ✅ AI模型初始化完成
2025-11-20 10:12:08 - ai_model - DEBUG -    模型: deepseek-ai/DeepSeek-V3
2025-11-20 10:12:08 - ai_model - DEBUG -    Base URL: https://api.siliconflow.cn/v1
2025-11-20 10:12:08 - ai_model - DEBUG -    API Key: sk-gsaohhwdtofontqfo...rolhikfqmy
2025-11-20 10:12:17 - ai_model - DEBUG - ✅ AI模型初始化完成
2025-11-20 10:12:17 - ai_model - DEBUG -    模型: deepseek-ai/DeepSeek-V3
2025-11-20 10:12:17 - ai_model - DEBUG -    Base URL: https://api.siliconflow.cn/v1
2025-11-20 10:12:17 - ai_model - DEBUG -    API Key: sk-gsaohhwdtofontqfo...rolhikfqmy
2025-11-20 10:12:19 - ai_model - DEBUG - ✅ AI模型初始化完成
2025-11-20 10:12:19 - ai_model - DEBUG -    模型: deepseek-ai/DeepSeek-V3
2025-11-20 10:12:19 - ai_model - DEBUG -    Base URL: https://api.siliconflow.cn/v1
2025-11-20 10:12:19 - ai_model - DEBUG -    API Key: sk-gsaohhwdtofontqfo...rolhikfqmy
2025-11-20 10:12:22 - ai_model - DEBUG - ✅ AI模型初始化完成
2025-11-20 10:12:22 - ai_model - DEBUG -    模型: deepseek-ai/DeepSeek-V3
2025-11-20 10:12:22 - ai_model - DEBUG -    Base URL: https://api.siliconflow.cn/v1
2025-11-20 10:12:22 - ai_model - DEBUG -    API Key: sk-gsaohhwdtofontqfo...rolhikfqmy
2025-11-20 10:12:34 - ai_model - DEBUG - ✅ AI模型初始化完成
2025-11-20 10:12:34 - ai_model - DEBUG -    模型: deepseek-ai/DeepSeek-V3
2025-11-20 10:12:34 - ai_model - DEBUG -    Base URL: https://api.siliconflow.cn/v1
2025-11-20 10:12:34 - ai_model - DEBUG -    API Key: sk-gsaohhwdtofontqfo...rolhikfqmy
2025-11-20 10:17:44 - ai_model - DEBUG - ✅ AI模型初始化完成
2025-11-20 10:17:44 - ai_model - DEBUG -    模型: deepseek-ai/DeepSeek-V3
2025-11-20 10:17:44 - ai_model - DEBUG -    Base URL: https://api.siliconflow.cn/v1
2025-11-20 10:17:44 - ai_model - DEBUG -    API Key: sk-gsaohhwdtofontqfo...rolhikfqmy
2025-11-20 10:19:17 - ai_model - DEBUG - ✅ AI模型初始化完成
2025-11-20 10:19:17 - ai_model - DEBUG -    模型: deepseek-ai/DeepSeek-V3
2025-11-20 10:19:17 - ai_model - DEBUG -    Base URL: https://api.siliconflow.cn/v1
2025-11-20 10:19:17 - ai_model - DEBUG -    API Key: sk-gsaohhwdtofontqfo...rolhikfqmy
2025-11-20 10:19:19 - ai_model - DEBUG - ✅ AI模型初始化完成
2025-11-20 10:19:19 - ai_model - DEBUG -    模型: deepseek-ai/DeepSeek-V3
2025-11-20 10:19:19 - ai_model - DEBUG -    Base URL: https://api.siliconflow.cn/v1
2025-11-20 10:19:19 - ai_model - DEBUG -    API Key: sk-gsaohhwdtofontqfo...rolhikfqmy
2025-11-20 10:19:23 - ai_model - DEBUG - ✅ AI模型初始化完成
2025-11-20 10:19:23 - ai_model - DEBUG -    模型: deepseek-ai/DeepSeek-V3
2025-11-20 10:19:23 - ai_model - DEBUG -    Base URL: https://api.siliconflow.cn/v1
2025-11-20 10:19:23 - ai_model - DEBUG -    API Key: sk-gsaohhwdtofontqfo...rolhikfqmy
2025-11-20 10:19:23 - ai_model - DEBUG - ✅ AI模型初始化完成
2025-11-20 10:19:23 - ai_model - DEBUG -    模型: deepseek-ai/DeepSeek-V3
2025-11-20 10:19:23 - ai_model - DEBUG -    Base URL: https://api.siliconflow.cn/v1
2025-11-20 10:19:23 - ai_model - DEBUG -    API Key: sk-gsaohhwdtofontqfo...rolhikfqmy
2025-11-20 10:19:30 - ai_model - DEBUG - ✅ AI模型初始化完成
2025-11-20 10:19:30 - ai_model - DEBUG -    模型: deepseek-ai/DeepSeek-V3
2025-11-20 10:19:30 - ai_model - DEBUG -    Base URL: https://api.siliconflow.cn/v1
2025-11-20 10:19:30 - ai_model - DEBUG -    API Key: sk-gsaohhwdtofontqfo...rolhikfqmy
2025-11-20 10:19:32 - ai_model - DEBUG - ✅ AI模型初始化完成
2025-11-20 10:19:32 - ai_model - DEBUG -    模型: deepseek-ai/DeepSeek-V3
2025-11-20 10:19:32 - ai_model - DEBUG -    Base URL: https://api.siliconflow.cn/v1
2025-11-20 10:19:32 - ai_model - DEBUG -    API Key: sk-gsaohhwdtofontqfo...rolhikfqmy
2025-11-20 10:19:35 - ai_model - DEBUG - ✅ AI模型初始化完成
2025-11-20 10:19:35 - ai_model - DEBUG -    模型: deepseek-ai/DeepSeek-V3
2025-11-20 10:19:35 - ai_model - DEBUG -    Base URL: https://api.siliconflow.cn/v1
2025-11-20 10:19:35 - ai_model - DEBUG -    API Key: sk-gsaohhwdtofontqfo...rolhikfqmy
2025-11-20 10:19:35 - ai_model - DEBUG - ✅ AI模型初始化完成
2025-11-20 10:19:35 - ai_model - DEBUG -    模型: deepseek-ai/DeepSeek-V3
2025-11-20 10:19:35 - ai_model - DEBUG -    Base URL: https://api.siliconflow.cn/v1
2025-11-20 10:19:35 - ai_model - DEBUG -    API Key: sk-gsaohhwdtofontqfo...rolhikfqmy
2025-11-20 10:30:43 - ai_model - DEBUG - ✅ AI模型初始化完成
2025-11-20 10:30:43 - ai_model - DEBUG -    模型: deepseek-ai/DeepSeek-V3
2025-11-20 10:30:43 - ai_model - DEBUG -    Base URL: https://api.siliconflow.cn/v1
2025-11-20 10:30:43 - ai_model - DEBUG -    API Key: sk-gsaohhwdtofontqfo...rolhikfqmy
2025-11-20 10:30:45 - ai_model - DEBUG - ✅ AI模型初始化完成
2025-11-20 10:30:45 - ai_model - DEBUG -    模型: deepseek-ai/DeepSeek-V3
2025-11-20 10:30:45 - ai_model - DEBUG -    Base URL: https://api.siliconflow.cn/v1
2025-11-20 10:30:45 - ai_model - DEBUG -    API Key: sk-gsaohhwdtofontqfo...rolhikfqmy
2025-11-20 10:30:50 - ai_model - DEBUG - ✅ AI模型初始化完成
2025-11-20 10:30:50 - ai_model - DEBUG -    模型: deepseek-ai/DeepSeek-V3
2025-11-20 10:30:50 - ai_model - DEBUG -    Base URL: https://api.siliconflow.cn/v1
2025-11-20 10:30:50 - ai_model - DEBUG -    API Key: sk-gsaohhwdtofontqfo...rolhikfqmy
2025-11-20 10:30:50 - ai_model - DEBUG - ✅ AI模型初始化完成
2025-11-20 10:30:50 - ai_model - DEBUG -    模型: deepseek-ai/DeepSeek-V3
2025-11-20 10:30:50 - ai_model - DEBUG -    Base URL: https://api.siliconflow.cn/v1
2025-11-20 10:30:50 - ai_model - DEBUG -    API Key: sk-gsaohhwdtofontqfo...rolhikfqmy
2025-11-20 10:46:05 - ai_model - DEBUG - ✅ AI模型初始化完成
2025-11-20 10:46:05 - ai_model - DEBUG -    模型: deepseek-ai/DeepSeek-V3
2025-11-20 10:46:05 - ai_model - DEBUG -    Base URL: https://api.siliconflow.cn/v1
2025-11-20 10:46:05 - ai_model - DEBUG -    API Key: sk-gsaohhwdtofontqfo...rolhikfqmy
2025-11-20 10:46:07 - ai_model - DEBUG - ✅ AI模型初始化完成
2025-11-20 10:46:07 - ai_model - DEBUG -    模型: deepseek-ai/DeepSeek-V3
2025-11-20 10:46:07 - ai_model - DEBUG -    Base URL: https://api.siliconflow.cn/v1
2025-11-20 10:46:07 - ai_model - DEBUG -    API Key: sk-gsaohhwdtofontqfo...rolhikfqmy
2025-11-20 10:46:11 - ai_model - DEBUG - ✅ AI模型初始化完成
2025-11-20 10:46:11 - ai_model - DEBUG -    模型: deepseek-ai/DeepSeek-V3
2025-11-20 10:46:11 - ai_model - DEBUG -    Base URL: https://api.siliconflow.cn/v1
2025-11-20 10:46:11 - ai_model - DEBUG -    API Key: sk-gsaohhwdtofontqfo...rolhikfqmy
2025-11-20 10:46:12 - ai_model - DEBUG - ✅ AI模型初始化完成
2025-11-20 10:46:12 - ai_model - DEBUG -    模型: deepseek-ai/DeepSeek-V3
2025-11-20 10:46:12 - ai_model - DEBUG -    Base URL: https://api.siliconflow.cn/v1
2025-11-20 10:46:12 - ai_model - DEBUG -    API Key: sk-gsaohhwdtofontqfo...rolhikfqmy
2025-11-20 10:48:16 - ai_model - DEBUG - ✅ AI模型初始化完成
2025-11-20 10:48:16 - ai_model - DEBUG -    模型: deepseek-ai/DeepSeek-V3
2025-11-20 10:48:16 - ai_model - DEBUG -    Base URL: https://api.siliconflow.cn/v1
2025-11-20 10:48:16 - ai_model - DEBUG -    API Key: sk-gsaohhwdtofontqfo...rolhikfqmy
2025-11-20 10:48:17 - ai_model - DEBUG - ✅ AI模型初始化完成
2025-11-20 10:48:17 - ai_model - DEBUG -    模型: deepseek-ai/DeepSeek-V3
2025-11-20 10:48:17 - ai_model - DEBUG -    Base URL: https://api.siliconflow.cn/v1
2025-11-20 10:48:17 - ai_model - DEBUG -    API Key: sk-gsaohhwdtofontqfo...rolhikfqmy
2025-11-20 10:48:22 - ai_model - DEBUG - ✅ AI模型初始化完成
2025-11-20 10:48:22 - ai_model - DEBUG -    模型: deepseek-ai/DeepSeek-V3
2025-11-20 10:48:22 - ai_model - DEBUG -    Base URL: https://api.siliconflow.cn/v1
2025-11-20 10:48:22 - ai_model - DEBUG -    API Key: sk-gsaohhwdtofontqfo...rolhikfqmy
2025-11-20 10:48:22 - ai_model - DEBUG - ✅ AI模型初始化完成
2025-11-20 10:48:22 - ai_model - DEBUG -    模型: deepseek-ai/DeepSeek-V3
2025-11-20 10:48:22 - ai_model - DEBUG -    Base URL: https://api.siliconflow.cn/v1
2025-11-20 10:48:22 - ai_model - DEBUG -    API Key: sk-gsaohhwdtofontqfo...rolhikfqmy
2025-11-20 10:51:15 - ai_model - DEBUG - ✅ AI模型初始化完成
2025-11-20 10:51:15 - ai_model - DEBUG -    模型: deepseek-ai/DeepSeek-V3
2025-11-20 10:51:15 - ai_model - DEBUG -    Base URL: https://api.siliconflow.cn/v1
2025-11-20 10:51:15 - ai_model - DEBUG -    API Key: sk-gsaohhwdtofontqfo...rolhikfqmy
2025-11-20 10:52:50 - ai_model - DEBUG - ✅ AI模型初始化完成
2025-11-20 10:52:50 - ai_model - DEBUG -    模型: deepseek-ai/DeepSeek-V3
2025-11-20 10:52:50 - ai_model - DEBUG -    Base URL: https://api.siliconflow.cn/v1
2025-11-20 10:52:50 - ai_model - DEBUG -    API Key: sk-gsaohhwdtofontqfo...rolhikfqmy
2025-11-20 10:52:53 - ai_model - DEBUG - ✅ AI模型初始化完成
2025-11-20 10:52:53 - ai_model - DEBUG -    模型: deepseek-ai/DeepSeek-V3
2025-11-20 10:52:53 - ai_model - DEBUG -    Base URL: https://api.siliconflow.cn/v1
2025-11-20 10:52:53 - ai_model - DEBUG -    API Key: sk-gsaohhwdtofontqfo...rolhikfqmy
2025-11-20 10:52:53 - ai_model - DEBUG - ✅ AI模型初始化完成
2025-11-20 10:52:53 - ai_model - DEBUG -    模型: deepseek-ai/DeepSeek-V3
2025-11-20 10:52:53 - ai_model - DEBUG -    Base URL: https://api.siliconflow.cn/v1
2025-11-20 10:52:53 - ai_model - DEBUG -    API Key: sk-gsaohhwdtofontqfo...rolhikfqmy
2025-11-20 10:53:33 - ai_model - DEBUG - ✅ AI模型初始化完成
2025-11-20 10:53:33 - ai_model - DEBUG -    模型: deepseek-ai/DeepSeek-V3
2025-11-20 10:53:33 - ai_model - DEBUG -    Base URL: https://api.siliconflow.cn/v1
2025-11-20 10:53:33 - ai_model - DEBUG -    API Key: sk-gsaohhwdtofontqfo...rolhikfqmy
2025-11-20 10:53:35 - ai_model - DEBUG - ✅ AI模型初始化完成
2025-11-20 10:53:35 - ai_model - DEBUG -    模型: deepseek-ai/DeepSeek-V3
2025-11-20 10:53:35 - ai_model - DEBUG -    Base URL: https://api.siliconflow.cn/v1
2025-11-20 10:53:35 - ai_model - DEBUG -    API Key: sk-gsaohhwdtofontqfo...rolhikfqmy
2025-11-20 10:53:39 - ai_model - DEBUG - ✅ AI模型初始化完成
2025-11-20 10:53:39 - ai_model - DEBUG -    模型: deepseek-ai/DeepSeek-V3
2025-11-20 10:53:39 - ai_model - DEBUG -    Base URL: https://api.siliconflow.cn/v1
2025-11-20 10:53:39 - ai_model - DEBUG -    API Key: sk-gsaohhwdtofontqfo...rolhikfqmy
2025-11-20 10:53:39 - ai_model - DEBUG - ✅ AI模型初始化完成
2025-11-20 10:53:39 - ai_model - DEBUG -    模型: deepseek-ai/DeepSeek-V3
2025-11-20 10:53:39 - ai_model - DEBUG -    Base URL: https://api.siliconflow.cn/v1
2025-11-20 10:53:39 - ai_model - DEBUG -    API Key: sk-gsaohhwdtofontqfo...rolhikfqmy
2025-11-20 10:54:08 - ai_model - DEBUG - ✅ AI模型初始化完成
2025-11-20 10:54:08 - ai_model - DEBUG -    模型: deepseek-ai/DeepSeek-V3
2025-11-20 10:54:08 - ai_model - DEBUG -    Base URL: https://api.siliconflow.cn/v1
2025-11-20 10:54:08 - ai_model - DEBUG -    API Key: sk-gsaohhwdtofontqfo...rolhikfqmy
2025-11-20 10:54:10 - ai_model - DEBUG - ✅ AI模型初始化完成
2025-11-20 10:54:10 - ai_model - DEBUG -    模型: deepseek-ai/DeepSeek-V3
2025-11-20 10:54:10 - ai_model - DEBUG -    Base URL: https://api.siliconflow.cn/v1
2025-11-20 10:54:10 - ai_model - DEBUG -    API Key: sk-gsaohhwdtofontqfo...rolhikfqmy
2025-11-20 10:54:13 - ai_model - DEBUG - ✅ AI模型初始化完成
2025-11-20 10:54:13 - ai_model - DEBUG -    模型: deepseek-ai/DeepSeek-V3
2025-11-20 10:54:13 - ai_model - DEBUG -    Base URL: https://api.siliconflow.cn/v1
2025-11-20 10:54:13 - ai_model - DEBUG -    API Key: sk-gsaohhwdtofontqfo...rolhikfqmy
2025-11-20 10:54:13 - ai_model - DEBUG - ✅ AI模型初始化完成
2025-11-20 10:54:13 - ai_model - DEBUG -    模型: deepseek-ai/DeepSeek-V3
2025-11-20 10:54:13 - ai_model - DEBUG -    Base URL: https://api.siliconflow.cn/v1
2025-11-20 10:54:13 - ai_model - DEBUG -    API Key: sk-gsaohhwdtofontqfo...rolhikfqmy
2025-11-20 10:54:29 - ai_model - DEBUG - ✅ AI模型初始化完成
2025-11-20 10:54:29 - ai_model - DEBUG -    模型: deepseek-ai/DeepSeek-V3
2025-11-20 10:54:29 - ai_model - DEBUG -    Base URL: https://api.siliconflow.cn/v1
2025-11-20 10:54:29 - ai_model - DEBUG -    API Key: sk-gsaohhwdtofontqfo...rolhikfqmy
2025-11-20 10:54:33 - ai_model - DEBUG - ✅ AI模型初始化完成
2025-11-20 10:54:33 - ai_model - DEBUG -    模型: deepseek-ai/DeepSeek-V3
2025-11-20 10:54:33 - ai_model - DEBUG -    Base URL: https://api.siliconflow.cn/v1
2025-11-20 10:54:33 - ai_model - DEBUG -    API Key: sk-gsaohhwdtofontqfo...rolhikfqmy
2025-11-20 10:54:36 - ai_model - DEBUG - ✅ AI模型初始化完成
2025-11-20 10:54:36 - ai_model - DEBUG -    模型: deepseek-ai/DeepSeek-V3
2025-11-20 10:54:36 - ai_model - DEBUG -    Base URL: https://api.siliconflow.cn/v1
2025-11-20 10:54:36 - ai_model - DEBUG -    API Key: sk-gsaohhwdtofontqfo...rolhikfqmy
2025-11-20 10:54:36 - ai_model - DEBUG - ✅ AI模型初始化完成
2025-11-20 10:54:36 - ai_model - DEBUG -    模型: deepseek-ai/DeepSeek-V3
2025-11-20 10:54:36 - ai_model - DEBUG -    Base URL: https://api.siliconflow.cn/v1
2025-11-20 10:54:36 - ai_model - DEBUG -    API Key: sk-gsaohhwdtofontqfo...rolhikfqmy
2025-11-20 10:56:35 - ai_model - DEBUG - ✅ AI模型初始化完成
2025-11-20 10:56:35 - ai_model - DEBUG -    模型: deepseek-ai/DeepSeek-V3
2025-11-20 10:56:35 - ai_model - DEBUG -    Base URL: https://api.siliconflow.cn/v1
2025-11-20 10:56:35 - ai_model - DEBUG -    API Key: sk-gsaohhwdtofontqfo...rolhikfqmy
2025-11-20 10:56:37 - ai_model - DEBUG - ✅ AI模型初始化完成
2025-11-20 10:56:37 - ai_model - DEBUG -    模型: deepseek-ai/DeepSeek-V3
2025-11-20 10:56:37 - ai_model - DEBUG -    Base URL: https://api.siliconflow.cn/v1
2025-11-20 10:56:37 - ai_model - DEBUG -    API Key: sk-gsaohhwdtofontqfo...rolhikfqmy
2025-11-20 10:56:42 - ai_model - DEBUG - ✅ AI模型初始化完成
2025-11-20 10:56:42 - ai_model - DEBUG -    模型: deepseek-ai/DeepSeek-V3
2025-11-20 10:56:42 - ai_model - DEBUG -    Base URL: https://api.siliconflow.cn/v1
2025-11-20 10:56:42 - ai_model - DEBUG -    API Key: sk-gsaohhwdtofontqfo...rolhikfqmy
2025-11-20 10:56:42 - ai_model - DEBUG - ✅ AI模型初始化完成
2025-11-20 10:56:42 - ai_model - DEBUG -    模型: deepseek-ai/DeepSeek-V3
2025-11-20 10:56:42 - ai_model - DEBUG -    Base URL: https://api.siliconflow.cn/v1
2025-11-20 10:56:42 - ai_model - DEBUG -    API Key: sk-gsaohhwdtofontqfo...rolhikfqmy
2025-11-20 11:00:36 - ai_model - DEBUG - ✅ AI模型初始化完成
2025-11-20 11:00:36 - ai_model - DEBUG -    模型: deepseek-ai/DeepSeek-V3
2025-11-20 11:00:36 - ai_model - DEBUG -    Base URL: https://api.siliconflow.cn/v1
2025-11-20 11:00:36 - ai_model - DEBUG -    API Key: sk-gsaohhwdtofontqfo...rolhikfqmy
2025-11-20 11:00:38 - ai_model - DEBUG - ✅ AI模型初始化完成
2025-11-20 11:00:38 - ai_model - DEBUG -    模型: deepseek-ai/DeepSeek-V3
2025-11-20 11:00:38 - ai_model - DEBUG -    Base URL: https://api.siliconflow.cn/v1
2025-11-20 11:00:38 - ai_model - DEBUG -    API Key: sk-gsaohhwdtofontqfo...rolhikfqmy
2025-11-20 11:00:42 - ai_model - DEBUG - ✅ AI模型初始化完成
2025-11-20 11:00:42 - ai_model - DEBUG -    模型: deepseek-ai/DeepSeek-V3
2025-11-20 11:00:42 - ai_model - DEBUG -    Base URL: https://api.siliconflow.cn/v1
2025-11-20 11:00:42 - ai_model - DEBUG -    API Key: sk-gsaohhwdtofontqfo...rolhikfqmy
2025-11-20 11:02:20 - ai_model - DEBUG - ✅ AI模型初始化完成
2025-11-20 11:02:20 - ai_model - DEBUG -    模型: deepseek-ai/DeepSeek-V3
2025-11-20 11:02:20 - ai_model - DEBUG -    Base URL: https://api.siliconflow.cn/v1
2025-11-20 11:02:20 - ai_model - DEBUG -    API Key: sk-gsaohhwdtofontqfo...rolhikfqmy
2025-11-20 11:02:21 - ai_model - DEBUG - ✅ AI模型初始化完成
2025-11-20 11:02:21 - ai_model - DEBUG -    模型: deepseek-ai/DeepSeek-V3
2025-11-20 11:02:21 - ai_model - DEBUG -    Base URL: https://api.siliconflow.cn/v1
2025-11-20 11:02:21 - ai_model - DEBUG -    API Key: sk-gsaohhwdtofontqfo...rolhikfqmy
2025-11-20 11:02:24 - ai_model - DEBUG - ✅ AI模型初始化完成
2025-11-20 11:02:24 - ai_model - DEBUG -    模型: deepseek-ai/DeepSeek-V3
2025-11-20 11:02:24 - ai_model - DEBUG -    Base URL: https://api.siliconflow.cn/v1
2025-11-20 11:02:24 - ai_model - DEBUG -    API Key: sk-gsaohhwdtofontqfo...rolhikfqmy
2025-11-20 11:02:24 - ai_model - DEBUG - ✅ AI模型初始化完成
2025-11-20 11:02:24 - ai_model - DEBUG -    模型: deepseek-ai/DeepSeek-V3
2025-11-20 11:02:24 - ai_model - DEBUG -    Base URL: https://api.siliconflow.cn/v1
2025-11-20 11:02:24 - ai_model - DEBUG -    API Key: sk-gsaohhwdtofontqfo...rolhikfqmy
2025-11-20 11:03:32 - ai_model - DEBUG - ✅ AI模型初始化完成
2025-11-20 11:03:32 - ai_model - DEBUG -    模型: deepseek-ai/DeepSeek-V3
2025-11-20 11:03:32 - ai_model - DEBUG -    Base URL: https://api.siliconflow.cn/v1
2025-11-20 11:03:32 - ai_model - DEBUG -    API Key: sk-gsaohhwdtofontqfo...rolhikfqmy
2025-11-20 11:03:35 - ai_model - DEBUG - ✅ AI模型初始化完成
2025-11-20 11:03:35 - ai_model - DEBUG -    模型: deepseek-ai/DeepSeek-V3
2025-11-20 11:03:35 - ai_model - DEBUG -    Base URL: https://api.siliconflow.cn/v1
2025-11-20 11:03:35 - ai_model - DEBUG -    API Key: sk-gsaohhwdtofontqfo...rolhikfqmy
2025-11-20 11:03:38 - ai_model - DEBUG - ✅ AI模型初始化完成
2025-11-20 11:03:38 - ai_model - DEBUG -    模型: deepseek-ai/DeepSeek-V3
2025-11-20 11:03:38 - ai_model - DEBUG -    Base URL: https://api.siliconflow.cn/v1
2025-11-20 11:03:38 - ai_model - DEBUG -    API Key: sk-gsaohhwdtofontqfo...rolhikfqmy
2025-11-20 11:03:38 - ai_model - DEBUG - ✅ AI模型初始化完成
2025-11-20 11:03:38 - ai_model - DEBUG -    模型: deepseek-ai/DeepSeek-V3
2025-11-20 11:03:38 - ai_model - DEBUG -    Base URL: https://api.siliconflow.cn/v1
2025-11-20 11:03:38 - ai_model - DEBUG -    API Key: sk-gsaohhwdtofontqfo...rolhikfqmy
2025-11-20 11:04:02 - ai_model - DEBUG - ✅ AI模型初始化完成
2025-11-20 11:04:02 - ai_model - DEBUG -    模型: deepseek-ai/DeepSeek-V3
2025-11-20 11:04:02 - ai_model - DEBUG -    Base URL: https://api.siliconflow.cn/v1
2025-11-20 11:04:02 - ai_model - DEBUG -    API Key: sk-gsaohhwdtofontqfo...rolhikfqmy
2025-11-20 11:04:04 - ai_model - DEBUG - ✅ AI模型初始化完成
2025-11-20 11:04:04 - ai_model - DEBUG -    模型: deepseek-ai/DeepSeek-V3
2025-11-20 11:04:04 - ai_model - DEBUG -    Base URL: https://api.siliconflow.cn/v1
2025-11-20 11:04:04 - ai_model - DEBUG -    API Key: sk-gsaohhwdtofontqfo...rolhikfqmy
2025-11-20 11:04:08 - ai_model - DEBUG - ✅ AI模型初始化完成
2025-11-20 11:04:08 - ai_model - DEBUG -    模型: deepseek-ai/DeepSeek-V3
2025-11-20 11:04:08 - ai_model - DEBUG -    Base URL: https://api.siliconflow.cn/v1
2025-11-20 11:04:08 - ai_model - DEBUG -    API Key: sk-gsaohhwdtofontqfo...rolhikfqmy
2025-11-20 11:04:08 - ai_model - DEBUG - ✅ AI模型初始化完成
2025-11-20 11:04:08 - ai_model - DEBUG -    模型: deepseek-ai/DeepSeek-V3
2025-11-20 11:04:08 - ai_model - DEBUG -    Base URL: https://api.siliconflow.cn/v1
2025-11-20 11:04:08 - ai_model - DEBUG -    API Key: sk-gsaohhwdtofontqfo...rolhikfqmy
2025-11-20 11:05:17 - ai_model - DEBUG - ✅ AI模型初始化完成
2025-11-20 11:05:17 - ai_model - DEBUG -    模型: deepseek-ai/DeepSeek-V3
2025-11-20 11:05:17 - ai_model - DEBUG -    Base URL: https://api.siliconflow.cn/v1
2025-11-20 11:05:17 - ai_model - DEBUG -    API Key: sk-gsaohhwdtofontqfo...rolhikfqmy
2025-11-20 11:05:19 - ai_model - DEBUG - ✅ AI模型初始化完成
2025-11-20 11:05:19 - ai_model - DEBUG -    模型: deepseek-ai/DeepSeek-V3
2025-11-20 11:05:19 - ai_model - DEBUG -    Base URL: https://api.siliconflow.cn/v1
2025-11-20 11:05:19 - ai_model - DEBUG -    API Key: sk-gsaohhwdtofontqfo...rolhikfqmy
2025-11-20 11:05:23 - ai_model - DEBUG - ✅ AI模型初始化完成
2025-11-20 11:05:23 - ai_model - DEBUG -    模型: deepseek-ai/DeepSeek-V3
2025-11-20 11:05:23 - ai_model - DEBUG -    Base URL: https://api.siliconflow.cn/v1
2025-11-20 11:05:23 - ai_model - DEBUG -    API Key: sk-gsaohhwdtofontqfo...rolhikfqmy
2025-11-20 11:05:23 - ai_model - DEBUG - ✅ AI模型初始化完成
2025-11-20 11:05:23 - ai_model - DEBUG -    模型: deepseek-ai/DeepSeek-V3
2025-11-20 11:05:23 - ai_model - DEBUG -    Base URL: https://api.siliconflow.cn/v1
2025-11-20 11:05:23 - ai_model - DEBUG -    API Key: sk-gsaohhwdtofontqfo...rolhikfqmy
2025-11-20 11:07:31 - ai_model - DEBUG - ✅ AI模型初始化完成
2025-11-20 11:07:31 - ai_model - DEBUG -    模型: deepseek-ai/DeepSeek-V3
2025-11-20 11:07:31 - ai_model - DEBUG -    Base URL: https://api.siliconflow.cn/v1
2025-11-20 11:07:31 - ai_model - DEBUG -    API Key: sk-gsaohhwdtofontqfo...rolhikfqmy
2025-11-20 11:07:33 - ai_model - DEBUG - ✅ AI模型初始化完成
2025-11-20 11:07:33 - ai_model - DEBUG -    模型: deepseek-ai/DeepSeek-V3
2025-11-20 11:07:33 - ai_model - DEBUG -    Base URL: https://api.siliconflow.cn/v1
2025-11-20 11:07:33 - ai_model - DEBUG -    API Key: sk-gsaohhwdtofontqfo...rolhikfqmy
2025-11-20 11:07:39 - ai_model - DEBUG - ✅ AI模型初始化完成
2025-11-20 11:07:39 - ai_model - DEBUG -    模型: deepseek-ai/DeepSeek-V3
2025-11-20 11:07:39 - ai_model - DEBUG -    Base URL: https://api.siliconflow.cn/v1
2025-11-20 11:07:39 - ai_model - DEBUG -    API Key: sk-gsaohhwdtofontqfo...rolhikfqmy
2025-11-20 11:07:39 - ai_model - DEBUG - ✅ AI模型初始化完成
2025-11-20 11:07:39 - ai_model - DEBUG -    模型: deepseek-ai/DeepSeek-V3
2025-11-20 11:07:39 - ai_model - DEBUG -    Base URL: https://api.siliconflow.cn/v1
2025-11-20 11:07:39 - ai_model - DEBUG -    API Key: sk-gsaohhwdtofontqfo...rolhikfqmy
2025-11-20 11:12:27 - ai_model - DEBUG - ✅ AI模型初始化完成
2025-11-20 11:12:27 - ai_model - DEBUG -    模型: deepseek-ai/DeepSeek-V3
2025-11-20 11:12:27 - ai_model - DEBUG -    Base URL: https://api.siliconflow.cn/v1
2025-11-20 11:12:27 - ai_model - DEBUG -    API Key: sk-gsaohhwdtofontqfo...rolhikfqmy
2025-11-20 11:12:30 - ai_model - DEBUG - ✅ AI模型初始化完成
2025-11-20 11:12:30 - ai_model - DEBUG -    模型: deepseek-ai/DeepSeek-V3
2025-11-20 11:12:30 - ai_model - DEBUG -    Base URL: https://api.siliconflow.cn/v1
2025-11-20 11:12:30 - ai_model - DEBUG -    API Key: sk-gsaohhwdtofontqfo...rolhikfqmy
2025-11-20 11:12:35 - ai_model - DEBUG - ✅ AI模型初始化完成
2025-11-20 11:12:35 - ai_model - DEBUG -    模型: deepseek-ai/DeepSeek-V3
2025-11-20 11:12:35 - ai_model - DEBUG -    Base URL: https://api.siliconflow.cn/v1
2025-11-20 11:12:35 - ai_model - DEBUG -    API Key: sk-gsaohhwdtofontqfo...rolhikfqmy
2025-11-20 11:12:35 - ai_model - DEBUG - ✅ AI模型初始化完成
2025-11-20 11:12:35 - ai_model - DEBUG -    模型: deepseek-ai/DeepSeek-V3
2025-11-20 11:12:35 - ai_model - DEBUG -    Base URL: https://api.siliconflow.cn/v1
2025-11-20 11:12:35 - ai_model - DEBUG -    API Key: sk-gsaohhwdtofontqfo...rolhikfqmy
2025-11-20 11:13:56 - ai_model - DEBUG - ✅ AI模型初始化完成
2025-11-20 11:13:56 - ai_model - DEBUG -    模型: deepseek-ai/DeepSeek-V3
2025-11-20 11:13:56 - ai_model - DEBUG -    Base URL: https://api.siliconflow.cn/v1
2025-11-20 11:13:56 - ai_model - DEBUG -    API Key: sk-gsaohhwdtofontqfo...rolhikfqmy
2025-11-20 11:13:58 - ai_model - DEBUG - ✅ AI模型初始化完成
2025-11-20 11:13:58 - ai_model - DEBUG -    模型: deepseek-ai/DeepSeek-V3
2025-11-20 11:13:58 - ai_model - DEBUG -    Base URL: https://api.siliconflow.cn/v1
2025-11-20 11:13:58 - ai_model - DEBUG -    API Key: sk-gsaohhwdtofontqfo...rolhikfqmy
2025-11-20 11:14:03 - ai_model - DEBUG - ✅ AI模型初始化完成
2025-11-20 11:14:03 - ai_model - DEBUG -    模型: deepseek-ai/DeepSeek-V3
2025-11-20 11:14:03 - ai_model - DEBUG -    Base URL: https://api.siliconflow.cn/v1
2025-11-20 11:14:03 - ai_model - DEBUG -    API Key: sk-gsaohhwdtofontqfo...rolhikfqmy
2025-11-20 11:14:03 - ai_model - DEBUG - ✅ AI模型初始化完成
2025-11-20 11:14:03 - ai_model - DEBUG -    模型: deepseek-ai/DeepSeek-V3
2025-11-20 11:14:03 - ai_model - DEBUG -    Base URL: https://api.siliconflow.cn/v1
2025-11-20 11:14:03 - ai_model - DEBUG -    API Key: sk-gsaohhwdtofontqfo...rolhikfqmy
2025-11-20 11:14:48 - ai_model - DEBUG - ✅ AI模型初始化完成
2025-11-20 11:14:48 - ai_model - DEBUG -    模型: deepseek-ai/DeepSeek-V3
2025-11-20 11:14:48 - ai_model - DEBUG -    Base URL: https://api.siliconflow.cn/v1
2025-11-20 11:14:48 - ai_model - DEBUG -    API Key: sk-gsaohhwdtofontqfo...rolhikfqmy
2025-11-20 11:14:50 - ai_model - DEBUG - ✅ AI模型初始化完成
2025-11-20 11:14:50 - ai_model - DEBUG -    模型: deepseek-ai/DeepSeek-V3
2025-11-20 11:14:50 - ai_model - DEBUG -    Base URL: https://api.siliconflow.cn/v1
2025-11-20 11:14:50 - ai_model - DEBUG -    API Key: sk-gsaohhwdtofontqfo...rolhikfqmy
2025-11-20 11:14:53 - ai_model - DEBUG - ✅ AI模型初始化完成
2025-11-20 11:14:53 - ai_model - DEBUG -    模型: deepseek-ai/DeepSeek-V3
2025-11-20 11:14:53 - ai_model - DEBUG -    Base URL: https://api.siliconflow.cn/v1
2025-11-20 11:14:53 - ai_model - DEBUG -    API Key: sk-gsaohhwdtofontqfo...rolhikfqmy
2025-11-20 11:14:53 - ai_model - DEBUG - ✅ AI模型初始化完成
2025-11-20 11:14:53 - ai_model - DEBUG -    模型: deepseek-ai/DeepSeek-V3
2025-11-20 11:14:53 - ai_model - DEBUG -    Base URL: https://api.siliconflow.cn/v1
2025-11-20 11:14:53 - ai_model - DEBUG -    API Key: sk-gsaohhwdtofontqfo...rolhikfqmy
2025-11-20 11:16:28 - ai_model - DEBUG - ✅ AI模型初始化完成
2025-11-20 11:16:28 - ai_model - DEBUG -    模型: deepseek-ai/DeepSeek-V3
2025-11-20 11:16:28 - ai_model - DEBUG -    Base URL: https://api.siliconflow.cn/v1
2025-11-20 11:16:28 - ai_model - DEBUG -    API Key: sk-gsaohhwdtofontqfo...rolhikfqmy
2025-11-20 11:16:30 - ai_model - DEBUG - ✅ AI模型初始化完成
2025-11-20 11:16:30 - ai_model - DEBUG -    模型: deepseek-ai/DeepSeek-V3
2025-11-20 11:16:30 - ai_model - DEBUG -    Base URL: https://api.siliconflow.cn/v1
2025-11-20 11:16:30 - ai_model - DEBUG -    API Key: sk-gsaohhwdtofontqfo...rolhikfqmy
2025-11-20 11:16:34 - ai_model - DEBUG - ✅ AI模型初始化完成
2025-11-20 11:16:34 - ai_model - DEBUG -    模型: deepseek-ai/DeepSeek-V3
2025-11-20 11:16:34 - ai_model - DEBUG -    Base URL: https://api.siliconflow.cn/v1
2025-11-20 11:16:34 - ai_model - DEBUG -    API Key: sk-gsaohhwdtofontqfo...rolhikfqmy
2025-11-20 11:16:34 - ai_model - DEBUG - ✅ AI模型初始化完成
2025-11-20 11:16:34 - ai_model - DEBUG -    模型: deepseek-ai/DeepSeek-V3
2025-11-20 11:16:34 - ai_model - DEBUG -    Base URL: https://api.siliconflow.cn/v1
2025-11-20 11:16:34 - ai_model - DEBUG -    API Key: sk-gsaohhwdtofontqfo...rolhikfqmy
2025-11-20 11:27:23 - ai_model - DEBUG - ✅ AI模型初始化完成
2025-11-20 11:27:23 - ai_model - DEBUG -    模型: deepseek-ai/DeepSeek-V3
2025-11-20 11:27:23 - ai_model - DEBUG -    Base URL: https://api.siliconflow.cn/v1
2025-11-20 11:27:23 - ai_model - DEBUG -    API Key: sk-gsaohhwdtofontqfo...rolhikfqmy
2025-11-20 11:27:25 - ai_model - DEBUG - ✅ AI模型初始化完成
2025-11-20 11:27:25 - ai_model - DEBUG -    模型: deepseek-ai/DeepSeek-V3
2025-11-20 11:27:25 - ai_model - DEBUG -    Base URL: https://api.siliconflow.cn/v1
2025-11-20 11:27:25 - ai_model - DEBUG -    API Key: sk-gsaohhwdtofontqfo...rolhikfqmy
2025-11-20 11:27:26 - ai_model - DEBUG - ✅ AI模型初始化完成
2025-11-20 11:27:26 - ai_model - DEBUG -    模型: deepseek-ai/DeepSeek-V3
2025-11-20 11:27:26 - ai_model - DEBUG -    Base URL: https://api.siliconflow.cn/v1
2025-11-20 11:27:26 - ai_model - DEBUG -    API Key: sk-gsaohhwdtofontqfo...rolhikfqmy
2025-11-20 11:27:27 - ai_model - DEBUG - ✅ AI模型初始化完成
2025-11-20 11:27:27 - ai_model - DEBUG -    模型: deepseek-ai/DeepSeek-V3
2025-11-20 11:27:27 - ai_model - DEBUG -    Base URL: https://api.siliconflow.cn/v1
2025-11-20 11:27:27 - ai_model - DEBUG -    API Key: sk-gsaohhwdtofontqfo...rolhikfqmy
2025-11-20 11:27:27 - ai_model - DEBUG - ✅ AI模型初始化完成
2025-11-20 11:27:27 - ai_model - DEBUG -    模型: deepseek-ai/DeepSeek-V3
2025-11-20 11:27:27 - ai_model - DEBUG -    Base URL: https://api.siliconflow.cn/v1
2025-11-20 11:27:27 - ai_model - DEBUG -    API Key: sk-gsaohhwdtofontqfo...rolhikfqmy
2025-11-20 11:27:28 - ai_model - DEBUG - ✅ AI模型初始化完成
2025-11-20 11:27:28 - ai_model - DEBUG -    模型: deepseek-ai/DeepSeek-V3
2025-11-20 11:27:28 - ai_model - DEBUG -    Base URL: https://api.siliconflow.cn/v1
2025-11-20 11:27:28 - ai_model - DEBUG -    API Key: sk-gsaohhwdtofontqfo...rolhikfqmy
2025-11-20 11:27:32 - ai_model - DEBUG - ✅ AI模型初始化完成
2025-11-20 11:27:32 - ai_model - DEBUG -    模型: deepseek-ai/DeepSeek-V3
2025-11-20 11:27:32 - ai_model - DEBUG -    Base URL: https://api.siliconflow.cn/v1
2025-11-20 11:27:32 - ai_model - DEBUG -    API Key: sk-gsaohhwdtofontqfo...rolhikfqmy
2025-11-20 11:27:32 - ai_model - DEBUG - ✅ AI模型初始化完成
2025-11-20 11:27:32 - ai_model - DEBUG -    模型: deepseek-ai/DeepSeek-V3
2025-11-20 11:27:32 - ai_model - DEBUG -    Base URL: https://api.siliconflow.cn/v1
2025-11-20 11:27:32 - ai_model - DEBUG -    API Key: sk-gsaohhwdtofontqfo...rolhikfqmy
2025-11-20 11:28:04 - ai_model - DEBUG - ✅ AI模型初始化完成
2025-11-20 11:28:04 - ai_model - DEBUG -    模型: deepseek-ai/DeepSeek-V3
2025-11-20 11:28:04 - ai_model - DEBUG -    Base URL: https://api.siliconflow.cn/v1
2025-11-20 11:28:04 - ai_model - DEBUG -    API Key: sk-gsaohhwdtofontqfo...rolhikfqmy
2025-11-20 11:28:06 - ai_model - DEBUG - ✅ AI模型初始化完成
2025-11-20 11:28:06 - ai_model - DEBUG -    模型: deepseek-ai/DeepSeek-V3
2025-11-20 11:28:06 - ai_model - DEBUG -    Base URL: https://api.siliconflow.cn/v1
2025-11-20 11:28:06 - ai_model - DEBUG -    API Key: sk-gsaohhwdtofontqfo...rolhikfqmy
2025-11-20 11:28:10 - ai_model - DEBUG - ✅ AI模型初始化完成
2025-11-20 11:28:10 - ai_model - DEBUG -    模型: deepseek-ai/DeepSeek-V3
2025-11-20 11:28:10 - ai_model - DEBUG -    Base URL: https://api.siliconflow.cn/v1
2025-11-20 11:28:10 - ai_model - DEBUG -    API Key: sk-gsaohhwdtofontqfo...rolhikfqmy
2025-11-20 11:28:10 - ai_model - DEBUG - ✅ AI模型初始化完成
2025-11-20 11:28:10 - ai_model - DEBUG -    模型: deepseek-ai/DeepSeek-V3
2025-11-20 11:28:10 - ai_model - DEBUG -    Base URL: https://api.siliconflow.cn/v1
2025-11-20 11:28:10 - ai_model - DEBUG -    API Key: sk-gsaohhwdtofontqfo...rolhikfqmy
2025-11-20 11:28:26 - ai_model - DEBUG - ✅ AI模型初始化完成
2025-11-20 11:28:26 - ai_model - DEBUG -    模型: deepseek-ai/DeepSeek-V3
2025-11-20 11:28:26 - ai_model - DEBUG -    Base URL: https://api.siliconflow.cn/v1
2025-11-20 11:28:26 - ai_model - DEBUG -    API Key: sk-gsaohhwdtofontqfo...rolhikfqmy
2025-11-20 11:28:28 - ai_model - DEBUG - ✅ AI模型初始化完成
2025-11-20 11:28:28 - ai_model - DEBUG -    模型: deepseek-ai/DeepSeek-V3
2025-11-20 11:28:28 - ai_model - DEBUG -    Base URL: https://api.siliconflow.cn/v1
2025-11-20 11:28:28 - ai_model - DEBUG -    API Key: sk-gsaohhwdtofontqfo...rolhikfqmy
2025-11-20 11:28:32 - ai_model - DEBUG - ✅ AI模型初始化完成
2025-11-20 11:28:32 - ai_model - DEBUG -    模型: deepseek-ai/DeepSeek-V3
2025-11-20 11:28:32 - ai_model - DEBUG -    Base URL: https://api.siliconflow.cn/v1
2025-11-20 11:28:32 - ai_model - DEBUG -    API Key: sk-gsaohhwdtofontqfo...rolhikfqmy
2025-11-20 11:28:32 - ai_model - DEBUG - ✅ AI模型初始化完成
2025-11-20 11:28:32 - ai_model - DEBUG -    模型: deepseek-ai/DeepSeek-V3
2025-11-20 11:28:32 - ai_model - DEBUG -    Base URL: https://api.siliconflow.cn/v1
2025-11-20 11:28:32 - ai_model - DEBUG -    API Key: sk-gsaohhwdtofontqfo...rolhikfqmy
2025-11-20 11:40:37 - ai_model - DEBUG - ✅ AI模型初始化完成
2025-11-20 11:40:37 - ai_model - DEBUG -    模型: deepseek-ai/DeepSeek-V3
2025-11-20 11:40:37 - ai_model - DEBUG -    Base URL: https://api.siliconflow.cn/v1
2025-11-20 11:40:37 - ai_model - DEBUG -    API Key: sk-gsaohhwdtofontqfo...rolhikfqmy
2025-11-20 11:40:39 - ai_model - DEBUG - ✅ AI模型初始化完成
2025-11-20 11:40:39 - ai_model - DEBUG -    模型: deepseek-ai/DeepSeek-V3
2025-11-20 11:40:39 - ai_model - DEBUG -    Base URL: https://api.siliconflow.cn/v1
2025-11-20 11:40:39 - ai_model - DEBUG -    API Key: sk-gsaohhwdtofontqfo...rolhikfqmy
2025-11-20 11:40:41 - ai_model - DEBUG - ✅ AI模型初始化完成
2025-11-20 11:40:41 - ai_model - DEBUG -    模型: deepseek-ai/DeepSeek-V3
2025-11-20 11:40:41 - ai_model - DEBUG -    Base URL: https://api.siliconflow.cn/v1
2025-11-20 11:40:41 - ai_model - DEBUG -    API Key: sk-gsaohhwdtofontqfo...rolhikfqmy
2025-11-20 11:40:41 - ai_model - DEBUG - ✅ AI模型初始化完成
2025-11-20 11:40:41 - ai_model - DEBUG -    模型: deepseek-ai/DeepSeek-V3
2025-11-20 11:40:41 - ai_model - DEBUG -    Base URL: https://api.siliconflow.cn/v1
2025-11-20 11:40:41 - ai_model - DEBUG -    API Key: sk-gsaohhwdtofontqfo...rolhikfqmy
2025-11-20 11:57:07 - ai_model - DEBUG - ✅ AI模型初始化完成
2025-11-20 11:57:07 - ai_model - DEBUG -    模型: deepseek-ai/DeepSeek-V3
2025-11-20 11:57:07 - ai_model - DEBUG -    Base URL: https://api.siliconflow.cn/v1
2025-11-20 11:57:07 - ai_model - DEBUG -    API Key: sk-gsaohhwdtofontqfo...rolhikfqmy
2025-11-20 11:57:09 - ai_model - DEBUG - ✅ AI模型初始化完成
2025-11-20 11:57:09 - ai_model - DEBUG -    模型: deepseek-ai/DeepSeek-V3
2025-11-20 11:57:09 - ai_model - DEBUG -    Base URL: https://api.siliconflow.cn/v1
2025-11-20 11:57:09 - ai_model - DEBUG -    API Key: sk-gsaohhwdtofontqfo...rolhikfqmy
2025-11-20 11:57:11 - ai_model - DEBUG - ✅ AI模型初始化完成
2025-11-20 11:57:11 - ai_model - DEBUG -    模型: deepseek-ai/DeepSeek-V3
2025-11-20 11:57:11 - ai_model - DEBUG -    Base URL: https://api.siliconflow.cn/v1
2025-11-20 11:57:11 - ai_model - DEBUG -    API Key: sk-gsaohhwdtofontqfo...rolhikfqmy
2025-11-20 11:57:11 - ai_model - DEBUG - ✅ AI模型初始化完成
2025-11-20 11:57:11 - ai_model - DEBUG -    模型: deepseek-ai/DeepSeek-V3
2025-11-20 11:57:11 - ai_model - DEBUG -    Base URL: https://api.siliconflow.cn/v1
2025-11-20 11:57:11 - ai_model - DEBUG -    API Key: sk-gsaohhwdtofontqfo...rolhikfqmy
2025-11-20 11:57:42 - ai_model - DEBUG - ✅ AI模型初始化完成
2025-11-20 11:57:42 - ai_model - DEBUG -    模型: deepseek-ai/DeepSeek-V3
2025-11-20 11:57:42 - ai_model - DEBUG -    Base URL: https://api.siliconflow.cn/v1
2025-11-20 11:57:42 - ai_model - DEBUG -    API Key: sk-gsaohhwdtofontqfo...rolhikfqmy
2025-11-20 11:57:44 - ai_model - DEBUG - ✅ AI模型初始化完成
2025-11-20 11:57:44 - ai_model - DEBUG -    模型: deepseek-ai/DeepSeek-V3
2025-11-20 11:57:44 - ai_model - DEBUG -    Base URL: https://api.siliconflow.cn/v1
2025-11-20 11:57:44 - ai_model - DEBUG -    API Key: sk-gsaohhwdtofontqfo...rolhikfqmy
2025-11-20 11:57:48 - ai_model - DEBUG - ✅ AI模型初始化完成
2025-11-20 11:57:48 - ai_model - DEBUG -    模型: deepseek-ai/DeepSeek-V3
2025-11-20 11:57:48 - ai_model - DEBUG -    Base URL: https://api.siliconflow.cn/v1
2025-11-20 11:57:48 - ai_model - DEBUG -    API Key: sk-gsaohhwdtofontqfo...rolhikfqmy
2025-11-20 11:57:48 - ai_model - DEBUG - ✅ AI模型初始化完成
2025-11-20 11:57:48 - ai_model - DEBUG -    模型: deepseek-ai/DeepSeek-V3
2025-11-20 11:57:48 - ai_model - DEBUG -    Base URL: https://api.siliconflow.cn/v1
2025-11-20 11:57:48 - ai_model - DEBUG -    API Key: sk-gsaohhwdtofontqfo...rolhikfqmy
2025-11-20 13:30:47 - ai_model - DEBUG - ✅ AI模型初始化完成
2025-11-20 13:30:47 - ai_model - DEBUG -    模型: deepseek-ai/DeepSeek-V3
2025-11-20 13:30:47 - ai_model - DEBUG -    Base URL: https://api.siliconflow.cn/v1
2025-11-20 13:30:47 - ai_model - DEBUG -    API Key: sk-gsaohhwdtofontqfo...rolhikfqmy
2025-11-20 13:30:49 - ai_model - DEBUG - ✅ AI模型初始化完成
2025-11-20 13:30:49 - ai_model - DEBUG -    模型: deepseek-ai/DeepSeek-V3
2025-11-20 13:30:49 - ai_model - DEBUG -    Base URL: https://api.siliconflow.cn/v1
2025-11-20 13:30:49 - ai_model - DEBUG -    API Key: sk-gsaohhwdtofontqfo...rolhikfqmy
2025-11-20 13:30:53 - ai_model - DEBUG - ✅ AI模型初始化完成
2025-11-20 13:30:53 - ai_model - DEBUG -    模型: deepseek-ai/DeepSeek-V3
2025-11-20 13:30:53 - ai_model - DEBUG -    Base URL: https://api.siliconflow.cn/v1
2025-11-20 13:30:53 - ai_model - DEBUG -    API Key: sk-gsaohhwdtofontqfo...rolhikfqmy
2025-11-20 13:30:53 - ai_model - DEBUG - ✅ AI模型初始化完成
2025-11-20 13:30:53 - ai_model - DEBUG -    模型: deepseek-ai/DeepSeek-V3
2025-11-20 13:30:53 - ai_model - DEBUG -    Base URL: https://api.siliconflow.cn/v1
2025-11-20 13:30:53 - ai_model - DEBUG -    API Key: sk-gsaohhwdtofontqfo...rolhikfqmy
2025-11-20 13:32:17 - ai_model - DEBUG - ✅ AI模型初始化完成
2025-11-20 13:32:17 - ai_model - DEBUG -    模型: deepseek-ai/DeepSeek-V3
2025-11-20 13:32:17 - ai_model - DEBUG -    Base URL: https://api.siliconflow.cn/v1
2025-11-20 13:32:17 - ai_model - DEBUG -    API Key: sk-gsaohhwdtofontqfo...rolhikfqmy
2025-11-20 13:32:20 - ai_model - DEBUG - ✅ AI模型初始化完成
2025-11-20 13:32:20 - ai_model - DEBUG -    模型: deepseek-ai/DeepSeek-V3
2025-11-20 13:32:20 - ai_model - DEBUG -    Base URL: https://api.siliconflow.cn/v1
2025-11-20 13:32:20 - ai_model - DEBUG -    API Key: sk-gsaohhwdtofontqfo...rolhikfqmy
2025-11-20 13:32:25 - ai_model - DEBUG - ✅ AI模型初始化完成
2025-11-20 13:32:25 - ai_model - DEBUG -    模型: deepseek-ai/DeepSeek-V3
2025-11-20 13:32:25 - ai_model - DEBUG -    Base URL: https://api.siliconflow.cn/v1
2025-11-20 13:32:25 - ai_model - DEBUG -    API Key: sk-gsaohhwdtofontqfo...rolhikfqmy
2025-11-20 13:32:25 - ai_model - DEBUG - ✅ AI模型初始化完成
2025-11-20 13:32:25 - ai_model - DEBUG -    模型: deepseek-ai/DeepSeek-V3
2025-11-20 13:32:25 - ai_model - DEBUG -    Base URL: https://api.siliconflow.cn/v1
2025-11-20 13:32:25 - ai_model - DEBUG -    API Key: sk-gsaohhwdtofontqfo...rolhikfqmy
2025-11-20 13:34:10 - ai_model - DEBUG - ✅ AI模型初始化完成
2025-11-20 13:34:10 - ai_model - DEBUG -    模型: deepseek-ai/DeepSeek-V3
2025-11-20 13:34:10 - ai_model - DEBUG -    Base URL: https://api.siliconflow.cn/v1
2025-11-20 13:34:10 - ai_model - DEBUG -    API Key: sk-gsaohhwdtofontqfo...rolhikfqmy
2025-11-20 13:34:13 - ai_model - DEBUG - ✅ AI模型初始化完成
2025-11-20 13:34:13 - ai_model - DEBUG -    模型: deepseek-ai/DeepSeek-V3
2025-11-20 13:34:13 - ai_model - DEBUG -    Base URL: https://api.siliconflow.cn/v1
2025-11-20 13:34:13 - ai_model - DEBUG -    API Key: sk-gsaohhwdtofontqfo...rolhikfqmy
2025-11-20 13:34:17 - ai_model - DEBUG - ✅ AI模型初始化完成
2025-11-20 13:34:17 - ai_model - DEBUG -    模型: deepseek-ai/DeepSeek-V3
2025-11-20 13:34:17 - ai_model - DEBUG -    Base URL: https://api.siliconflow.cn/v1
2025-11-20 13:34:17 - ai_model - DEBUG -    API Key: sk-gsaohhwdtofontqfo...rolhikfqmy
2025-11-20 13:34:18 - ai_model - DEBUG - ✅ AI模型初始化完成
2025-11-20 13:34:18 - ai_model - DEBUG -    模型: deepseek-ai/DeepSeek-V3
2025-11-20 13:34:18 - ai_model - DEBUG -    Base URL: https://api.siliconflow.cn/v1
2025-11-20 13:34:18 - ai_model - DEBUG -    API Key: sk-gsaohhwdtofontqfo...rolhikfqmy
2025-11-20 13:37:08 - ai_model - DEBUG - ✅ AI模型初始化完成
2025-11-20 13:37:08 - ai_model - DEBUG -    模型: deepseek-ai/DeepSeek-V3
2025-11-20 13:37:08 - ai_model - DEBUG -    Base URL: https://api.siliconflow.cn/v1
2025-11-20 13:37:08 - ai_model - DEBUG -    API Key: sk-gsaohhwdtofontqfo...rolhikfqmy
2025-11-20 13:37:10 - ai_model - DEBUG - ✅ AI模型初始化完成
2025-11-20 13:37:10 - ai_model - DEBUG -    模型: deepseek-ai/DeepSeek-V3
2025-11-20 13:37:10 - ai_model - DEBUG -    Base URL: https://api.siliconflow.cn/v1
2025-11-20 13:37:10 - ai_model - DEBUG -    API Key: sk-gsaohhwdtofontqfo...rolhikfqmy
2025-11-20 13:37:15 - ai_model - DEBUG - ✅ AI模型初始化完成
2025-11-20 13:37:15 - ai_model - DEBUG -    模型: deepseek-ai/DeepSeek-V3
2025-11-20 13:37:15 - ai_model - DEBUG -    Base URL: https://api.siliconflow.cn/v1
2025-11-20 13:37:15 - ai_model - DEBUG -    API Key: sk-gsaohhwdtofontqfo...rolhikfqmy
2025-11-20 13:37:15 - ai_model - DEBUG - ✅ AI模型初始化完成
2025-11-20 13:37:15 - ai_model - DEBUG -    模型: deepseek-ai/DeepSeek-V3
2025-11-20 13:37:15 - ai_model - DEBUG -    Base URL: https://api.siliconflow.cn/v1
2025-11-20 13:37:15 - ai_model - DEBUG -    API Key: sk-gsaohhwdtofontqfo...rolhikfqmy
2025-11-20 13:38:03 - ai_model - DEBUG - ✅ AI模型初始化完成
2025-11-20 13:38:03 - ai_model - DEBUG -    模型: deepseek-ai/DeepSeek-V3
2025-11-20 13:38:03 - ai_model - DEBUG -    Base URL: https://api.siliconflow.cn/v1
2025-11-20 13:38:03 - ai_model - DEBUG -    API Key: sk-gsaohhwdtofontqfo...rolhikfqmy
2025-11-20 13:38:09 - ai_model - DEBUG - ✅ AI模型初始化完成
2025-11-20 13:38:09 - ai_model - DEBUG -    模型: deepseek-ai/DeepSeek-V3
2025-11-20 13:38:09 - ai_model - DEBUG -    Base URL: https://api.siliconflow.cn/v1
2025-11-20 13:38:09 - ai_model - DEBUG -    API Key: sk-gsaohhwdtofontqfo...rolhikfqmy
2025-11-20 13:38:12 - ai_model - DEBUG - ✅ AI模型初始化完成
2025-11-20 13:38:12 - ai_model - DEBUG -    模型: deepseek-ai/DeepSeek-V3
2025-11-20 13:38:12 - ai_model - DEBUG -    Base URL: https://api.siliconflow.cn/v1
2025-11-20 13:38:12 - ai_model - DEBUG -    API Key: sk-gsaohhwdtofontqfo...rolhikfqmy
2025-11-20 13:38:12 - ai_model - DEBUG - ✅ AI模型初始化完成
2025-11-20 13:38:12 - ai_model - DEBUG -    模型: deepseek-ai/DeepSeek-V3
2025-11-20 13:38:12 - ai_model - DEBUG -    Base URL: https://api.siliconflow.cn/v1
2025-11-20 13:38:12 - ai_model - DEBUG -    API Key: sk-gsaohhwdtofontqfo...rolhikfqmy
2025-11-20 13:38:53 - ai_model - DEBUG - ✅ AI模型初始化完成
2025-11-20 13:38:53 - ai_model - DEBUG -    模型: deepseek-ai/DeepSeek-V3
2025-11-20 13:38:53 - ai_model - DEBUG -    Base URL: https://api.siliconflow.cn/v1
2025-11-20 13:38:53 - ai_model - DEBUG -    API Key: sk-gsaohhwdtofontqfo...rolhikfqmy
2025-11-20 13:38:55 - ai_model - DEBUG - ✅ AI模型初始化完成
2025-11-20 13:38:55 - ai_model - DEBUG -    模型: deepseek-ai/DeepSeek-V3
2025-11-20 13:38:55 - ai_model - DEBUG -    Base URL: https://api.siliconflow.cn/v1
2025-11-20 13:38:55 - ai_model - DEBUG -    API Key: sk-gsaohhwdtofontqfo...rolhikfqmy
2025-11-20 13:38:58 - ai_model - DEBUG - ✅ AI模型初始化完成
2025-11-20 13:38:58 - ai_model - DEBUG -    模型: deepseek-ai/DeepSeek-V3
2025-11-20 13:38:58 - ai_model - DEBUG -    Base URL: https://api.siliconflow.cn/v1
2025-11-20 13:38:58 - ai_model - DEBUG -    API Key: sk-gsaohhwdtofontqfo...rolhikfqmy
2025-11-20 13:38:58 - ai_model - DEBUG - ✅ AI模型初始化完成
2025-11-20 13:38:58 - ai_model - DEBUG -    模型: deepseek-ai/DeepSeek-V3
2025-11-20 13:38:58 - ai_model - DEBUG -    Base URL: https://api.siliconflow.cn/v1
2025-11-20 13:38:58 - ai_model - DEBUG -    API Key: sk-gsaohhwdtofontqfo...rolhikfqmy
2025-11-20 13:39:22 - ai_model - DEBUG - ✅ AI模型初始化完成
2025-11-20 13:39:22 - ai_model - DEBUG -    模型: deepseek-ai/DeepSeek-V3
2025-11-20 13:39:22 - ai_model - DEBUG -    Base URL: https://api.siliconflow.cn/v1
2025-11-20 13:39:22 - ai_model - DEBUG -    API Key: sk-gsaohhwdtofontqfo...rolhikfqmy
2025-11-20 13:39:24 - ai_model - DEBUG - ✅ AI模型初始化完成
2025-11-20 13:39:24 - ai_model - DEBUG -    模型: deepseek-ai/DeepSeek-V3
2025-11-20 13:39:24 - ai_model - DEBUG -    Base URL: https://api.siliconflow.cn/v1
2025-11-20 13:39:24 - ai_model - DEBUG -    API Key: sk-gsaohhwdtofontqfo...rolhikfqmy
2025-11-20 13:39:28 - ai_model - DEBUG - ✅ AI模型初始化完成
2025-11-20 13:39:28 - ai_model - DEBUG -    模型: deepseek-ai/DeepSeek-V3
2025-11-20 13:39:28 - ai_model - DEBUG -    Base URL: https://api.siliconflow.cn/v1
2025-11-20 13:39:28 - ai_model - DEBUG -    API Key: sk-gsaohhwdtofontqfo...rolhikfqmy
2025-11-20 13:39:28 - ai_model - DEBUG - ✅ AI模型初始化完成
2025-11-20 13:39:28 - ai_model - DEBUG -    模型: deepseek-ai/DeepSeek-V3
2025-11-20 13:39:28 - ai_model - DEBUG -    Base URL: https://api.siliconflow.cn/v1
2025-11-20 13:39:28 - ai_model - DEBUG -    API Key: sk-gsaohhwdtofontqfo...rolhikfqmy
2025-11-20 13:40:39 - ai_model - DEBUG - ✅ AI模型初始化完成
2025-11-20 13:40:39 - ai_model - DEBUG -    模型: deepseek-ai/DeepSeek-V3
2025-11-20 13:40:39 - ai_model - DEBUG -    Base URL: https://api.siliconflow.cn/v1
2025-11-20 13:40:39 - ai_model - DEBUG -    API Key: sk-gsaohhwdtofontqfo...rolhikfqmy
2025-11-20 13:40:41 - ai_model - DEBUG - ✅ AI模型初始化完成
2025-11-20 13:40:41 - ai_model - DEBUG -    模型: deepseek-ai/DeepSeek-V3
2025-11-20 13:40:41 - ai_model - DEBUG -    Base URL: https://api.siliconflow.cn/v1
2025-11-20 13:40:41 - ai_model - DEBUG -    API Key: sk-gsaohhwdtofontqfo...rolhikfqmy
2025-11-20 13:40:44 - ai_model - DEBUG - ✅ AI模型初始化完成
2025-11-20 13:40:44 - ai_model - DEBUG -    模型: deepseek-ai/DeepSeek-V3
2025-11-20 13:40:44 - ai_model - DEBUG -    Base URL: https://api.siliconflow.cn/v1
2025-11-20 13:40:44 - ai_model - DEBUG -    API Key: sk-gsaohhwdtofontqfo...rolhikfqmy
2025-11-20 13:40:44 - ai_model - DEBUG - ✅ AI模型初始化完成
2025-11-20 13:40:44 - ai_model - DEBUG -    模型: deepseek-ai/DeepSeek-V3
2025-11-20 13:40:44 - ai_model - DEBUG -    Base URL: https://api.siliconflow.cn/v1
2025-11-20 13:40:44 - ai_model - DEBUG -    API Key: sk-gsaohhwdtofontqfo...rolhikfqmy
2025-11-20 13:42:16 - ai_model - DEBUG - ✅ AI模型初始化完成
2025-11-20 13:42:16 - ai_model - DEBUG -    模型: deepseek-ai/DeepSeek-V3
2025-11-20 13:42:16 - ai_model - DEBUG -    Base URL: https://api.siliconflow.cn/v1
2025-11-20 13:42:16 - ai_model - DEBUG -    API Key: sk-gsaohhwdtofontqfo...rolhikfqmy
2025-11-20 13:42:18 - ai_model - DEBUG - ✅ AI模型初始化完成
2025-11-20 13:42:18 - ai_model - DEBUG -    模型: deepseek-ai/DeepSeek-V3
2025-11-20 13:42:18 - ai_model - DEBUG -    Base URL: https://api.siliconflow.cn/v1
2025-11-20 13:42:18 - ai_model - DEBUG -    API Key: sk-gsaohhwdtofontqfo...rolhikfqmy
2025-11-20 13:42:21 - ai_model - DEBUG - ✅ AI模型初始化完成
2025-11-20 13:42:21 - ai_model - DEBUG -    模型: deepseek-ai/DeepSeek-V3
2025-11-20 13:42:21 - ai_model - DEBUG -    Base URL: https://api.siliconflow.cn/v1
2025-11-20 13:42:21 - ai_model - DEBUG -    API Key: sk-gsaohhwdtofontqfo...rolhikfqmy
2025-11-20 13:42:21 - ai_model - DEBUG - ✅ AI模型初始化完成
2025-11-20 13:42:21 - ai_model - DEBUG -    模型: deepseek-ai/DeepSeek-V3
2025-11-20 13:42:21 - ai_model - DEBUG -    Base URL: https://api.siliconflow.cn/v1
2025-11-20 13:42:21 - ai_model - DEBUG -    API Key: sk-gsaohhwdtofontqfo...rolhikfqmy
2025-11-20 13:42:33 - ai_model - DEBUG - ✅ AI模型初始化完成
2025-11-20 13:42:33 - ai_model - DEBUG -    模型: deepseek-ai/DeepSeek-V3
2025-11-20 13:42:33 - ai_model - DEBUG -    Base URL: https://api.siliconflow.cn/v1
2025-11-20 13:42:33 - ai_model - DEBUG -    API Key: sk-gsaohhwdtofontqfo...rolhikfqmy
2025-11-20 13:42:36 - ai_model - DEBUG - ✅ AI模型初始化完成
2025-11-20 13:42:36 - ai_model - DEBUG -    模型: deepseek-ai/DeepSeek-V3
2025-11-20 13:42:36 - ai_model - DEBUG -    Base URL: https://api.siliconflow.cn/v1
2025-11-20 13:42:36 - ai_model - DEBUG -    API Key: sk-gsaohhwdtofontqfo...rolhikfqmy
2025-11-20 13:42:40 - ai_model - DEBUG - ✅ AI模型初始化完成
2025-11-20 13:42:40 - ai_model - DEBUG -    模型: deepseek-ai/DeepSeek-V3
2025-11-20 13:42:40 - ai_model - DEBUG -    Base URL: https://api.siliconflow.cn/v1
2025-11-20 13:42:40 - ai_model - DEBUG -    API Key: sk-gsaohhwdtofontqfo...rolhikfqmy
2025-11-20 13:45:07 - ai_model - DEBUG - ✅ AI模型初始化完成
2025-11-20 13:45:07 - ai_model - DEBUG -    模型: deepseek-ai/DeepSeek-V3
2025-11-20 13:45:07 - ai_model - DEBUG -    Base URL: https://api.siliconflow.cn/v1
2025-11-20 13:45:07 - ai_model - DEBUG -    API Key: sk-gsaohhwdtofontqfo...rolhikfqmy
2025-11-20 13:45:10 - ai_model - DEBUG - ✅ AI模型初始化完成
2025-11-20 13:45:10 - ai_model - DEBUG -    模型: deepseek-ai/DeepSeek-V3
2025-11-20 13:45:10 - ai_model - DEBUG -    Base URL: https://api.siliconflow.cn/v1
2025-11-20 13:45:10 - ai_model - DEBUG -    API Key: sk-gsaohhwdtofontqfo...rolhikfqmy
2025-11-20 13:45:13 - ai_model - DEBUG - ✅ AI模型初始化完成
2025-11-20 13:45:13 - ai_model - DEBUG -    模型: deepseek-ai/DeepSeek-V3
2025-11-20 13:45:13 - ai_model - DEBUG -    Base URL: https://api.siliconflow.cn/v1
2025-11-20 13:45:13 - ai_model - DEBUG -    API Key: sk-gsaohhwdtofontqfo...rolhikfqmy
2025-11-20 13:45:35 - ai_model - DEBUG - ✅ AI模型初始化完成
2025-11-20 13:45:35 - ai_model - DEBUG -    模型: deepseek-ai/DeepSeek-V3
2025-11-20 13:45:35 - ai_model - DEBUG -    Base URL: https://api.siliconflow.cn/v1
2025-11-20 13:45:35 - ai_model - DEBUG -    API Key: sk-gsaohhwdtofontqfo...rolhikfqmy
2025-11-20 13:45:37 - ai_model - DEBUG - ✅ AI模型初始化完成
2025-11-20 13:45:37 - ai_model - DEBUG -    模型: deepseek-ai/DeepSeek-V3
2025-11-20 13:45:37 - ai_model - DEBUG -    Base URL: https://api.siliconflow.cn/v1
2025-11-20 13:45:37 - ai_model - DEBUG -    API Key: sk-gsaohhwdtofontqfo...rolhikfqmy
2025-11-20 13:45:41 - ai_model - DEBUG - ✅ AI模型初始化完成
2025-11-20 13:45:41 - ai_model - DEBUG -    模型: deepseek-ai/DeepSeek-V3
2025-11-20 13:45:41 - ai_model - DEBUG -    Base URL: https://api.siliconflow.cn/v1
2025-11-20 13:45:41 - ai_model - DEBUG -    API Key: sk-gsaohhwdtofontqfo...rolhikfqmy
2025-11-20 13:46:02 - ai_model - DEBUG - ✅ AI模型初始化完成
2025-11-20 13:46:02 - ai_model - DEBUG -    模型: deepseek-ai/DeepSeek-V3
2025-11-20 13:46:02 - ai_model - DEBUG -    Base URL: https://api.siliconflow.cn/v1
2025-11-20 13:46:02 - ai_model - DEBUG -    API Key: sk-gsaohhwdtofontqfo...rolhikfqmy
2025-11-20 13:46:05 - ai_model - DEBUG - ✅ AI模型初始化完成
2025-11-20 13:46:05 - ai_model - DEBUG -    模型: deepseek-ai/DeepSeek-V3
2025-11-20 13:46:05 - ai_model - DEBUG -    Base URL: https://api.siliconflow.cn/v1
2025-11-20 13:46:05 - ai_model - DEBUG -    API Key: sk-gsaohhwdtofontqfo...rolhikfqmy
2025-11-20 13:46:07 - ai_model - DEBUG - ✅ AI模型初始化完成
2025-11-20 13:46:07 - ai_model - DEBUG -    模型: deepseek-ai/DeepSeek-V3
2025-11-20 13:46:07 - ai_model - DEBUG -    Base URL: https://api.siliconflow.cn/v1
2025-11-20 13:46:07 - ai_model - DEBUG -    API Key: sk-gsaohhwdtofontqfo...rolhikfqmy
2025-11-20 13:46:38 - ai_model - DEBUG - ✅ AI模型初始化完成
2025-11-20 13:46:38 - ai_model - DEBUG -    模型: deepseek-ai/DeepSeek-V3
2025-11-20 13:46:38 - ai_model - DEBUG -    Base URL: https://api.siliconflow.cn/v1
2025-11-20 13:46:38 - ai_model - DEBUG -    API Key: sk-gsaohhwdtofontqfo...rolhikfqmy
2025-11-20 13:46:40 - ai_model - DEBUG - ✅ AI模型初始化完成
2025-11-20 13:46:40 - ai_model - DEBUG -    模型: deepseek-ai/DeepSeek-V3
2025-11-20 13:46:40 - ai_model - DEBUG -    Base URL: https://api.siliconflow.cn/v1
2025-11-20 13:46:40 - ai_model - DEBUG -    API Key: sk-gsaohhwdtofontqfo...rolhikfqmy
2025-11-20 13:46:43 - ai_model - DEBUG - ✅ AI模型初始化完成
2025-11-20 13:46:43 - ai_model - DEBUG -    模型: deepseek-ai/DeepSeek-V3
2025-11-20 13:46:43 - ai_model - DEBUG -    Base URL: https://api.siliconflow.cn/v1
2025-11-20 13:46:43 - ai_model - DEBUG -    API Key: sk-gsaohhwdtofontqfo...rolhikfqmy
2025-11-20 13:46:43 - ai_model - DEBUG - ✅ AI模型初始化完成
2025-11-20 13:46:43 - ai_model - DEBUG -    模型: deepseek-ai/DeepSeek-V3
2025-11-20 13:46:43 - ai_model - DEBUG -    Base URL: https://api.siliconflow.cn/v1
2025-11-20 13:46:43 - ai_model - DEBUG -    API Key: sk-gsaohhwdtofontqfo...rolhikfqmy
2025-11-20 13:48:53 - ai_model - DEBUG - ✅ AI模型初始化完成
2025-11-20 13:48:53 - ai_model - DEBUG -    模型: deepseek-ai/DeepSeek-V3
2025-11-20 13:48:53 - ai_model - DEBUG -    Base URL: https://api.siliconflow.cn/v1
2025-11-20 13:48:53 - ai_model - DEBUG -    API Key: sk-gsaohhwdtofontqfo...rolhikfqmy
2025-11-20 13:48:54 - ai_model - DEBUG - ✅ AI模型初始化完成
2025-11-20 13:48:54 - ai_model - DEBUG -    模型: deepseek-ai/DeepSeek-V3
2025-11-20 13:48:54 - ai_model - DEBUG -    Base URL: https://api.siliconflow.cn/v1
2025-11-20 13:48:54 - ai_model - DEBUG -    API Key: sk-gsaohhwdtofontqfo...rolhikfqmy
2025-11-20 13:48:58 - ai_model - DEBUG - ✅ AI模型初始化完成
2025-11-20 13:48:58 - ai_model - DEBUG -    模型: deepseek-ai/DeepSeek-V3
2025-11-20 13:48:58 - ai_model - DEBUG -    Base URL: https://api.siliconflow.cn/v1
2025-11-20 13:48:58 - ai_model - DEBUG -    API Key: sk-gsaohhwdtofontqfo...rolhikfqmy
2025-11-20 13:48:58 - ai_model - DEBUG - ✅ AI模型初始化完成
2025-11-20 13:48:58 - ai_model - DEBUG -    模型: deepseek-ai/DeepSeek-V3
2025-11-20 13:48:58 - ai_model - DEBUG -    Base URL: https://api.siliconflow.cn/v1
2025-11-20 13:48:58 - ai_model - DEBUG -    API Key: sk-gsaohhwdtofontqfo...rolhikfqmy
2025-11-20 14:09:33 - ai_model - DEBUG - ✅ AI模型初始化完成
2025-11-20 14:09:33 - ai_model - DEBUG -    模型: deepseek-ai/DeepSeek-V3
2025-11-20 14:09:33 - ai_model - DEBUG -    Base URL: https://api.siliconflow.cn/v1
2025-11-20 14:09:33 - ai_model - DEBUG -    API Key: sk-gsaohhwdtofontqfo...rolhikfqmy
2025-11-20 14:09:34 - ai_model - DEBUG - ✅ AI模型初始化完成
2025-11-20 14:09:34 - ai_model - DEBUG -    模型: deepseek-ai/DeepSeek-V3
2025-11-20 14:09:34 - ai_model - DEBUG -    Base URL: https://api.siliconflow.cn/v1
2025-11-20 14:09:34 - ai_model - DEBUG -    API Key: sk-gsaohhwdtofontqfo...rolhikfqmy
2025-11-20 14:09:37 - ai_model - DEBUG - ✅ AI模型初始化完成
2025-11-20 14:09:37 - ai_model - DEBUG -    模型: deepseek-ai/DeepSeek-V3
2025-11-20 14:09:37 - ai_model - DEBUG -    Base URL: https://api.siliconflow.cn/v1
2025-11-20 14:09:37 - ai_model - DEBUG -    API Key: sk-gsaohhwdtofontqfo...rolhikfqmy
2025-11-20 14:09:37 - ai_model - DEBUG - ✅ AI模型初始化完成
2025-11-20 14:09:37 - ai_model - DEBUG -    模型: deepseek-ai/DeepSeek-V3
2025-11-20 14:09:37 - ai_model - DEBUG -    Base URL: https://api.siliconflow.cn/v1
2025-11-20 14:09:37 - ai_model - DEBUG -    API Key: sk-gsaohhwdtofontqfo...rolhikfqmy
2025-11-20 14:44:21 - ai_model - DEBUG - ✅ AI模型初始化完成
2025-11-20 14:44:21 - ai_model - DEBUG -    模型: deepseek-ai/DeepSeek-V3
2025-11-20 14:44:21 - ai_model - DEBUG -    Base URL: https://api.siliconflow.cn/v1
2025-11-20 14:44:21 - ai_model - DEBUG -    API Key: sk-gsaohhwdtofontqfo...rolhikfqmy
2025-11-20 14:44:24 - ai_model - DEBUG - ✅ AI模型初始化完成
2025-11-20 14:44:24 - ai_model - DEBUG -    模型: deepseek-ai/DeepSeek-V3
2025-11-20 14:44:24 - ai_model - DEBUG -    Base URL: https://api.siliconflow.cn/v1
2025-11-20 14:44:24 - ai_model - DEBUG -    API Key: sk-gsaohhwdtofontqfo...rolhikfqmy
2025-11-20 14:44:27 - ai_model - DEBUG - ✅ AI模型初始化完成
2025-11-20 14:44:27 - ai_model - DEBUG -    模型: deepseek-ai/DeepSeek-V3
2025-11-20 14:44:27 - ai_model - DEBUG -    Base URL: https://api.siliconflow.cn/v1
2025-11-20 14:44:27 - ai_model - DEBUG -    API Key: sk-gsaohhwdtofontqfo...rolhikfqmy
2025-11-20 14:44:27 - ai_model - DEBUG - ✅ AI模型初始化完成
2025-11-20 14:44:27 - ai_model - DEBUG -    模型: deepseek-ai/DeepSeek-V3
2025-11-20 14:44:27 - ai_model - DEBUG -    Base URL: https://api.siliconflow.cn/v1
2025-11-20 14:44:27 - ai_model - DEBUG -    API Key: sk-gsaohhwdtofontqfo...rolhikfqmy
2025-11-20 14:45:04 - ai_model - DEBUG - ✅ AI模型初始化完成
2025-11-20 14:45:04 - ai_model - DEBUG -    模型: deepseek-ai/DeepSeek-V3
2025-11-20 14:45:04 - ai_model - DEBUG -    Base URL: https://api.siliconflow.cn/v1
2025-11-20 14:45:04 - ai_model - DEBUG -    API Key: sk-gsaohhwdtofontqfo...rolhikfqmy
2025-11-20 14:45:06 - ai_model - DEBUG - ✅ AI模型初始化完成
2025-11-20 14:45:06 - ai_model - DEBUG -    模型: deepseek-ai/DeepSeek-V3
2025-11-20 14:45:06 - ai_model - DEBUG -    Base URL: https://api.siliconflow.cn/v1
2025-11-20 14:45:06 - ai_model - DEBUG -    API Key: sk-gsaohhwdtofontqfo...rolhikfqmy
2025-11-20 14:45:09 - ai_model - DEBUG - ✅ AI模型初始化完成
2025-11-20 14:45:09 - ai_model - DEBUG -    模型: deepseek-ai/DeepSeek-V3
2025-11-20 14:45:09 - ai_model - DEBUG -    Base URL: https://api.siliconflow.cn/v1
2025-11-20 14:45:09 - ai_model - DEBUG -    API Key: sk-gsaohhwdtofontqfo...rolhikfqmy
2025-11-20 14:45:10 - ai_model - DEBUG - ✅ AI模型初始化完成
2025-11-20 14:45:10 - ai_model - DEBUG -    模型: deepseek-ai/DeepSeek-V3
2025-11-20 14:45:10 - ai_model - DEBUG -    Base URL: https://api.siliconflow.cn/v1
2025-11-20 14:45:10 - ai_model - DEBUG -    API Key: sk-gsaohhwdtofontqfo...rolhikfqmy
2025-11-20 14:49:00 - ai_model - DEBUG - ✅ AI模型初始化完成
2025-11-20 14:49:00 - ai_model - DEBUG -    模型: deepseek-ai/DeepSeek-V3
2025-11-20 14:49:00 - ai_model - DEBUG -    Base URL: https://api.siliconflow.cn/v1
2025-11-20 14:49:00 - ai_model - DEBUG -    API Key: sk-gsaohhwdtofontqfo...rolhikfqmy
2025-11-20 14:49:01 - ai_model - DEBUG - ✅ AI模型初始化完成
2025-11-20 14:49:01 - ai_model - DEBUG -    模型: deepseek-ai/DeepSeek-V3
2025-11-20 14:49:01 - ai_model - DEBUG -    Base URL: https://api.siliconflow.cn/v1
2025-11-20 14:49:01 - ai_model - DEBUG -    API Key: sk-gsaohhwdtofontqfo...rolhikfqmy
2025-11-20 14:49:04 - ai_model - DEBUG - ✅ AI模型初始化完成
2025-11-20 14:49:04 - ai_model - DEBUG -    模型: deepseek-ai/DeepSeek-V3
2025-11-20 14:49:04 - ai_model - DEBUG -    Base URL: https://api.siliconflow.cn/v1
2025-11-20 14:49:04 - ai_model - DEBUG -    API Key: sk-gsaohhwdtofontqfo...rolhikfqmy
2025-11-20 14:49:04 - ai_model - DEBUG - ✅ AI模型初始化完成
2025-11-20 14:49:04 - ai_model - DEBUG -    模型: deepseek-ai/DeepSeek-V3
2025-11-20 14:49:04 - ai_model - DEBUG -    Base URL: https://api.siliconflow.cn/v1
2025-11-20 14:49:04 - ai_model - DEBUG -    API Key: sk-gsaohhwdtofontqfo...rolhikfqmy
2025-11-20 14:49:12 - ai_model - DEBUG - ✅ AI模型初始化完成
2025-11-20 14:49:12 - ai_model - DEBUG -    模型: deepseek-ai/DeepSeek-V3
2025-11-20 14:49:12 - ai_model - DEBUG -    Base URL: https://api.siliconflow.cn/v1
2025-11-20 14:49:12 - ai_model - DEBUG -    API Key: sk-gsaohhwdtofontqfo...rolhikfqmy
2025-11-20 14:49:14 - ai_model - DEBUG - ✅ AI模型初始化完成
2025-11-20 14:49:14 - ai_model - DEBUG -    模型: deepseek-ai/DeepSeek-V3
2025-11-20 14:49:14 - ai_model - DEBUG -    Base URL: https://api.siliconflow.cn/v1
2025-11-20 14:49:14 - ai_model - DEBUG -    API Key: sk-gsaohhwdtofontqfo...rolhikfqmy
2025-11-20 14:49:18 - ai_model - DEBUG - ✅ AI模型初始化完成
2025-11-20 14:49:18 - ai_model - DEBUG -    模型: deepseek-ai/DeepSeek-V3
2025-11-20 14:49:18 - ai_model - DEBUG -    Base URL: https://api.siliconflow.cn/v1
2025-11-20 14:49:18 - ai_model - DEBUG -    API Key: sk-gsaohhwdtofontqfo...rolhikfqmy
2025-11-20 14:49:19 - ai_model - DEBUG - ✅ AI模型初始化完成
2025-11-20 14:49:19 - ai_model - DEBUG -    模型: deepseek-ai/DeepSeek-V3
2025-11-20 14:49:19 - ai_model - DEBUG -    Base URL: https://api.siliconflow.cn/v1
2025-11-20 14:49:19 - ai_model - DEBUG -    API Key: sk-gsaohhwdtofontqfo...rolhikfqmy
2025-11-20 14:49:56 - ai_model - DEBUG - ✅ AI模型初始化完成
2025-11-20 14:49:56 - ai_model - DEBUG -    模型: deepseek-ai/DeepSeek-V3
2025-11-20 14:49:56 - ai_model - DEBUG -    Base URL: https://api.siliconflow.cn/v1
2025-11-20 14:49:56 - ai_model - DEBUG -    API Key: sk-gsaohhwdtofontqfo...rolhikfqmy
2025-11-20 14:49:58 - ai_model - DEBUG - ✅ AI模型初始化完成
2025-11-20 14:49:58 - ai_model - DEBUG -    模型: deepseek-ai/DeepSeek-V3
2025-11-20 14:49:58 - ai_model - DEBUG -    Base URL: https://api.siliconflow.cn/v1
2025-11-20 14:49:58 - ai_model - DEBUG -    API Key: sk-gsaohhwdtofontqfo...rolhikfqmy
2025-11-20 14:49:58 - ai_model - DEBUG - ✅ AI模型初始化完成
2025-11-20 14:49:58 - ai_model - DEBUG -    模型: deepseek-ai/DeepSeek-V3
2025-11-20 14:49:58 - ai_model - DEBUG -    Base URL: https://api.siliconflow.cn/v1
2025-11-20 14:49:58 - ai_model - DEBUG -    API Key: sk-gsaohhwdtofontqfo...rolhikfqmy
2025-11-20 15:01:07 - ai_model - DEBUG - ✅ AI模型初始化完成
2025-11-20 15:01:07 - ai_model - DEBUG -    模型: deepseek-ai/DeepSeek-V3
2025-11-20 15:01:07 - ai_model - DEBUG -    Base URL: https://api.siliconflow.cn/v1
2025-11-20 15:01:07 - ai_model - DEBUG -    API Key: sk-gsaohhwdtofontqfo...rolhikfqmy
2025-11-20 15:01:09 - ai_model - DEBUG - ✅ AI模型初始化完成
2025-11-20 15:01:09 - ai_model - DEBUG -    模型: deepseek-ai/DeepSeek-V3
2025-11-20 15:01:09 - ai_model - DEBUG -    Base URL: https://api.siliconflow.cn/v1
2025-11-20 15:01:09 - ai_model - DEBUG -    API Key: sk-gsaohhwdtofontqfo...rolhikfqmy
2025-11-20 15:01:11 - ai_model - DEBUG - ✅ AI模型初始化完成
2025-11-20 15:01:11 - ai_model - DEBUG -    模型: deepseek-ai/DeepSeek-V3
2025-11-20 15:01:11 - ai_model - DEBUG -    Base URL: https://api.siliconflow.cn/v1
2025-11-20 15:01:11 - ai_model - DEBUG -    API Key: sk-gsaohhwdtofontqfo...rolhikfqmy
2025-11-20 15:01:11 - ai_model - DEBUG - ✅ AI模型初始化完成
2025-11-20 15:01:11 - ai_model - DEBUG -    模型: deepseek-ai/DeepSeek-V3
2025-11-20 15:01:11 - ai_model - DEBUG -    Base URL: https://api.siliconflow.cn/v1
2025-11-20 15:01:11 - ai_model - DEBUG -    API Key: sk-gsaohhwdtofontqfo...rolhikfqmy
2025-11-20 15:01:27 - ai_model - DEBUG - ✅ AI模型初始化完成
2025-11-20 15:01:27 - ai_model - DEBUG -    模型: deepseek-ai/DeepSeek-V3
2025-11-20 15:01:27 - ai_model - DEBUG -    Base URL: https://api.siliconflow.cn/v1
2025-11-20 15:01:27 - ai_model - DEBUG -    API Key: sk-gsaohhwdtofontqfo...rolhikfqmy
2025-11-20 15:01:29 - ai_model - DEBUG - ✅ AI模型初始化完成
2025-11-20 15:01:29 - ai_model - DEBUG -    模型: deepseek-ai/DeepSeek-V3
2025-11-20 15:01:29 - ai_model - DEBUG -    Base URL: https://api.siliconflow.cn/v1
2025-11-20 15:01:29 - ai_model - DEBUG -    API Key: sk-gsaohhwdtofontqfo...rolhikfqmy
2025-11-20 15:01:33 - ai_model - DEBUG - ✅ AI模型初始化完成
2025-11-20 15:01:33 - ai_model - DEBUG -    模型: deepseek-ai/DeepSeek-V3
2025-11-20 15:01:33 - ai_model - DEBUG -    Base URL: https://api.siliconflow.cn/v1
2025-11-20 15:01:33 - ai_model - DEBUG -    API Key: sk-gsaohhwdtofontqfo...rolhikfqmy
2025-11-20 15:01:33 - ai_model - DEBUG - ✅ AI模型初始化完成
2025-11-20 15:01:33 - ai_model - DEBUG -    模型: deepseek-ai/DeepSeek-V3
2025-11-20 15:01:33 - ai_model - DEBUG -    Base URL: https://api.siliconflow.cn/v1
2025-11-20 15:01:33 - ai_model - DEBUG -    API Key: sk-gsaohhwdtofontqfo...rolhikfqmy
2025-11-20 15:13:53 - ai_model - DEBUG - ✅ AI模型初始化完成
2025-11-20 15:13:53 - ai_model - DEBUG -    模型: deepseek-ai/DeepSeek-V3
2025-11-20 15:13:53 - ai_model - DEBUG -    Base URL: https://api.siliconflow.cn/v1
2025-11-20 15:13:53 - ai_model - DEBUG -    API Key: sk-gsaohhwdtofontqfo...rolhikfqmy
2025-11-20 15:13:55 - ai_model - DEBUG - ✅ AI模型初始化完成
2025-11-20 15:13:55 - ai_model - DEBUG -    模型: deepseek-ai/DeepSeek-V3
2025-11-20 15:13:55 - ai_model - DEBUG -    Base URL: https://api.siliconflow.cn/v1
2025-11-20 15:13:55 - ai_model - DEBUG -    API Key: sk-gsaohhwdtofontqfo...rolhikfqmy
2025-11-20 15:20:18 - ai_model - DEBUG - ✅ AI模型初始化完成
2025-11-20 15:20:18 - ai_model - DEBUG -    模型: deepseek-ai/DeepSeek-V3
2025-11-20 15:20:18 - ai_model - DEBUG -    Base URL: https://api.siliconflow.cn/v1
2025-11-20 15:20:18 - ai_model - DEBUG -    API Key: sk-gsaohhwdtofontqfo...rolhikfqmy
2025-11-20 15:20:21 - ai_model - DEBUG - ✅ AI模型初始化完成
2025-11-20 15:20:21 - ai_model - DEBUG -    模型: deepseek-ai/DeepSeek-V3
2025-11-20 15:20:21 - ai_model - DEBUG -    Base URL: https://api.siliconflow.cn/v1
2025-11-20 15:20:21 - ai_model - DEBUG -    API Key: sk-gsaohhwdtofontqfo...rolhikfqmy
2025-11-20 15:20:25 - ai_model - DEBUG - ✅ AI模型初始化完成
2025-11-20 15:20:25 - ai_model - DEBUG -    模型: deepseek-ai/DeepSeek-V3
2025-11-20 15:20:25 - ai_model - DEBUG -    Base URL: https://api.siliconflow.cn/v1
2025-11-20 15:20:25 - ai_model - DEBUG -    API Key: sk-gsaohhwdtofontqfo...rolhikfqmy
2025-11-20 15:20:25 - ai_model - DEBUG - ✅ AI模型初始化完成
2025-11-20 15:20:25 - ai_model - DEBUG -    模型: deepseek-ai/DeepSeek-V3
2025-11-20 15:20:25 - ai_model - DEBUG -    Base URL: https://api.siliconflow.cn/v1
2025-11-20 15:20:25 - ai_model - DEBUG -    API Key: sk-gsaohhwdtofontqfo...rolhikfqmy
2025-11-20 15:20:52 - ai_model - DEBUG - ✅ AI模型初始化完成
2025-11-20 15:20:52 - ai_model - DEBUG -    模型: deepseek-ai/DeepSeek-V3
2025-11-20 15:20:52 - ai_model - DEBUG -    Base URL: https://api.siliconflow.cn/v1
2025-11-20 15:20:52 - ai_model - DEBUG -    API Key: sk-gsaohhwdtofontqfo...rolhikfqmy
2025-11-20 15:20:55 - ai_model - DEBUG - ✅ AI模型初始化完成
2025-11-20 15:20:55 - ai_model - DEBUG -    模型: deepseek-ai/DeepSeek-V3
2025-11-20 15:20:55 - ai_model - DEBUG -    Base URL: https://api.siliconflow.cn/v1
2025-11-20 15:20:55 - ai_model - DEBUG -    API Key: sk-gsaohhwdtofontqfo...rolhikfqmy
2025-11-20 15:21:01 - ai_model - DEBUG - ✅ AI模型初始化完成
2025-11-20 15:21:01 - ai_model - DEBUG -    模型: deepseek-ai/DeepSeek-V3
2025-11-20 15:21:01 - ai_model - DEBUG -    Base URL: https://api.siliconflow.cn/v1
2025-11-20 15:21:01 - ai_model - DEBUG -    API Key: sk-gsaohhwdtofontqfo...rolhikfqmy
2025-11-20 15:21:01 - ai_model - DEBUG - ✅ AI模型初始化完成
2025-11-20 15:21:01 - ai_model - DEBUG -    模型: deepseek-ai/DeepSeek-V3
2025-11-20 15:21:01 - ai_model - DEBUG -    Base URL: https://api.siliconflow.cn/v1
2025-11-20 15:21:01 - ai_model - DEBUG -    API Key: sk-gsaohhwdtofontqfo...rolhikfqmy
2025-11-20 15:27:10 - ai_model - DEBUG - ✅ AI模型初始化完成
2025-11-20 15:27:10 - ai_model - DEBUG -    模型: deepseek-ai/DeepSeek-V3
2025-11-20 15:27:10 - ai_model - DEBUG -    Base URL: https://api.siliconflow.cn/v1
2025-11-20 15:27:10 - ai_model - DEBUG -    API Key: sk-gsaohhwdtofontqfo...rolhikfqmy
2025-11-20 15:27:13 - ai_model - DEBUG - ✅ AI模型初始化完成
2025-11-20 15:27:13 - ai_model - DEBUG -    模型: deepseek-ai/DeepSeek-V3
2025-11-20 15:27:13 - ai_model - DEBUG -    Base URL: https://api.siliconflow.cn/v1
2025-11-20 15:27:13 - ai_model - DEBUG -    API Key: sk-gsaohhwdtofontqfo...rolhikfqmy
2025-11-20 15:27:18 - ai_model - DEBUG - ✅ AI模型初始化完成
2025-11-20 15:27:18 - ai_model - DEBUG -    模型: deepseek-ai/DeepSeek-V3
2025-11-20 15:27:18 - ai_model - DEBUG -    Base URL: https://api.siliconflow.cn/v1
2025-11-20 15:27:18 - ai_model - DEBUG -    API Key: sk-gsaohhwdtofontqfo...rolhikfqmy
2025-11-20 15:27:18 - ai_model - DEBUG - ✅ AI模型初始化完成
2025-11-20 15:27:18 - ai_model - DEBUG -    模型: deepseek-ai/DeepSeek-V3
2025-11-20 15:27:18 - ai_model - DEBUG -    Base URL: https://api.siliconflow.cn/v1
2025-11-20 15:27:18 - ai_model - DEBUG -    API Key: sk-gsaohhwdtofontqfo...rolhikfqmy
2025-11-20 15:27:32 - ai_model - DEBUG - ✅ AI模型初始化完成
2025-11-20 15:27:32 - ai_model - DEBUG -    模型: deepseek-ai/DeepSeek-V3
2025-11-20 15:27:32 - ai_model - DEBUG -    Base URL: https://api.siliconflow.cn/v1
2025-11-20 15:27:32 - ai_model - DEBUG -    API Key: sk-gsaohhwdtofontqfo...rolhikfqmy
2025-11-20 15:27:34 - ai_model - DEBUG - ✅ AI模型初始化完成
2025-11-20 15:27:34 - ai_model - DEBUG -    模型: deepseek-ai/DeepSeek-V3
2025-11-20 15:27:34 - ai_model - DEBUG -    Base URL: https://api.siliconflow.cn/v1
2025-11-20 15:27:34 - ai_model - DEBUG -    API Key: sk-gsaohhwdtofontqfo...rolhikfqmy
2025-11-20 15:27:40 - ai_model - DEBUG - ✅ AI模型初始化完成
2025-11-20 15:27:40 - ai_model - DEBUG -    模型: deepseek-ai/DeepSeek-V3
2025-11-20 15:27:40 - ai_model - DEBUG -    Base URL: https://api.siliconflow.cn/v1
2025-11-20 15:27:40 - ai_model - DEBUG -    API Key: sk-gsaohhwdtofontqfo...rolhikfqmy
2025-11-20 15:27:40 - ai_model - DEBUG - ✅ AI模型初始化完成
2025-11-20 15:27:40 - ai_model - DEBUG -    模型: deepseek-ai/DeepSeek-V3
2025-11-20 15:27:40 - ai_model - DEBUG -    Base URL: https://api.siliconflow.cn/v1
2025-11-20 15:27:40 - ai_model - DEBUG -    API Key: sk-gsaohhwdtofontqfo...rolhikfqmy
2025-11-20 15:31:19 - ai_model - DEBUG - ✅ AI模型初始化完成
2025-11-20 15:31:19 - ai_model - DEBUG -    模型: deepseek-ai/DeepSeek-V3
2025-11-20 15:31:19 - ai_model - DEBUG -    Base URL: https://api.siliconflow.cn/v1
2025-11-20 15:31:19 - ai_model - DEBUG -    API Key: sk-gsaohhwdtofontqfo...rolhikfqmy
2025-11-20 15:31:22 - ai_model - DEBUG - ✅ AI模型初始化完成
2025-11-20 15:31:22 - ai_model - DEBUG -    模型: deepseek-ai/DeepSeek-V3
2025-11-20 15:31:22 - ai_model - DEBUG -    Base URL: https://api.siliconflow.cn/v1
2025-11-20 15:31:22 - ai_model - DEBUG -    API Key: sk-gsaohhwdtofontqfo...rolhikfqmy
2025-11-20 15:31:29 - ai_model - DEBUG - ✅ AI模型初始化完成
2025-11-20 15:31:29 - ai_model - DEBUG -    模型: deepseek-ai/DeepSeek-V3
2025-11-20 15:31:29 - ai_model - DEBUG -    Base URL: https://api.siliconflow.cn/v1
2025-11-20 15:31:29 - ai_model - DEBUG -    API Key: sk-gsaohhwdtofontqfo...rolhikfqmy
2025-11-20 15:31:29 - ai_model - DEBUG - ✅ AI模型初始化完成
2025-11-20 15:31:29 - ai_model - DEBUG -    模型: deepseek-ai/DeepSeek-V3
2025-11-20 15:31:29 - ai_model - DEBUG -    Base URL: https://api.siliconflow.cn/v1
2025-11-20 15:31:29 - ai_model - DEBUG -    API Key: sk-gsaohhwdtofontqfo...rolhikfqmy
2025-11-20 15:40:46 - ai_model - DEBUG - ✅ AI模型初始化完成
2025-11-20 15:40:46 - ai_model - DEBUG -    模型: deepseek-ai/DeepSeek-V3
2025-11-20 15:40:46 - ai_model - DEBUG -    Base URL: https://api.siliconflow.cn/v1
2025-11-20 15:40:46 - ai_model - DEBUG -    API Key: sk-gsaohhwdtofontqfo...rolhikfqmy
2025-11-20 15:40:51 - ai_model - DEBUG - ✅ AI模型初始化完成
2025-11-20 15:40:51 - ai_model - DEBUG -    模型: deepseek-ai/DeepSeek-V3
2025-11-20 15:40:51 - ai_model - DEBUG -    Base URL: https://api.siliconflow.cn/v1
2025-11-20 15:40:51 - ai_model - DEBUG -    API Key: sk-gsaohhwdtofontqfo...rolhikfqmy
2025-11-20 15:40:55 - ai_model - DEBUG - ✅ AI模型初始化完成
2025-11-20 15:40:55 - ai_model - DEBUG -    模型: deepseek-ai/DeepSeek-V3
2025-11-20 15:40:55 - ai_model - DEBUG -    Base URL: https://api.siliconflow.cn/v1
2025-11-20 15:40:55 - ai_model - DEBUG -    API Key: sk-gsaohhwdtofontqfo...rolhikfqmy
2025-11-20 15:40:55 - ai_model - DEBUG - ✅ AI模型初始化完成
2025-11-20 15:40:55 - ai_model - DEBUG -    模型: deepseek-ai/DeepSeek-V3
2025-11-20 15:40:55 - ai_model - DEBUG -    Base URL: https://api.siliconflow.cn/v1
2025-11-20 15:40:55 - ai_model - DEBUG -    API Key: sk-gsaohhwdtofontqfo...rolhikfqmy
2025-11-20 15:51:30 - ai_model - DEBUG - ✅ AI模型初始化完成
2025-11-20 15:51:30 - ai_model - DEBUG -    模型: deepseek-ai/DeepSeek-V3
2025-11-20 15:51:30 - ai_model - DEBUG -    Base URL: https://api.siliconflow.cn/v1
2025-11-20 15:51:30 - ai_model - DEBUG -    API Key: sk-gsaohhwdtofontqfo...rolhikfqmy
2025-11-20 15:52:24 - ai_model - DEBUG - ✅ AI模型初始化完成
2025-11-20 15:52:24 - ai_model - DEBUG -    模型: deepseek-ai/DeepSeek-V3
2025-11-20 15:52:24 - ai_model - DEBUG -    Base URL: https://api.siliconflow.cn/v1
2025-11-20 15:52:24 - ai_model - DEBUG -    API Key: sk-gsaohhwdtofontqfo...rolhikfqmy
2025-11-20 15:52:27 - ai_model - DEBUG - ✅ AI模型初始化完成
2025-11-20 15:52:27 - ai_model - DEBUG -    模型: deepseek-ai/DeepSeek-V3
2025-11-20 15:52:27 - ai_model - DEBUG -    Base URL: https://api.siliconflow.cn/v1
2025-11-20 15:52:27 - ai_model - DEBUG -    API Key: sk-gsaohhwdtofontqfo...rolhikfqmy
2025-11-20 15:52:28 - ai_model - DEBUG - ✅ AI模型初始化完成
2025-11-20 15:52:28 - ai_model - DEBUG -    模型: deepseek-ai/DeepSeek-V3
2025-11-20 15:52:28 - ai_model - DEBUG -    Base URL: https://api.siliconflow.cn/v1
2025-11-20 15:52:28 - ai_model - DEBUG -    API Key: sk-gsaohhwdtofontqfo...rolhikfqmy
2025-11-20 15:55:09 - ai_model - DEBUG - ✅ AI模型初始化完成
2025-11-20 15:55:09 - ai_model - DEBUG -    模型: deepseek-ai/DeepSeek-V3
2025-11-20 15:55:09 - ai_model - DEBUG -    Base URL: https://api.siliconflow.cn/v1
2025-11-20 15:55:09 - ai_model - DEBUG -    API Key: sk-gsaohhwdtofontqfo...rolhikfqmy
2025-11-20 15:55:12 - ai_model - DEBUG - ✅ AI模型初始化完成
2025-11-20 15:55:12 - ai_model - DEBUG -    模型: deepseek-ai/DeepSeek-V3
2025-11-20 15:55:12 - ai_model - DEBUG -    Base URL: https://api.siliconflow.cn/v1
2025-11-20 15:55:12 - ai_model - DEBUG -    API Key: sk-gsaohhwdtofontqfo...rolhikfqmy
2025-11-20 15:55:12 - ai_model - DEBUG - ✅ AI模型初始化完成
2025-11-20 15:55:12 - ai_model - DEBUG -    模型: deepseek-ai/DeepSeek-V3
2025-11-20 15:55:12 - ai_model - DEBUG -    Base URL: https://api.siliconflow.cn/v1
2025-11-20 15:55:12 - ai_model - DEBUG -    API Key: sk-gsaohhwdtofontqfo...rolhikfqmy
2025-11-20 15:55:38 - ai_model - DEBUG - ✅ AI模型初始化完成
2025-11-20 15:55:38 - ai_model - DEBUG -    模型: deepseek-ai/DeepSeek-V3
2025-11-20 15:55:38 - ai_model - DEBUG -    Base URL: https://api.siliconflow.cn/v1
2025-11-20 15:55:38 - ai_model - DEBUG -    API Key: sk-gsaohhwdtofontqfo...rolhikfqmy
2025-11-20 15:55:40 - ai_model - DEBUG - ✅ AI模型初始化完成
2025-11-20 15:55:40 - ai_model - DEBUG -    模型: deepseek-ai/DeepSeek-V3
2025-11-20 15:55:40 - ai_model - DEBUG -    Base URL: https://api.siliconflow.cn/v1
2025-11-20 15:55:40 - ai_model - DEBUG -    API Key: sk-gsaohhwdtofontqfo...rolhikfqmy
2025-11-20 15:55:46 - ai_model - DEBUG - ✅ AI模型初始化完成
2025-11-20 15:55:46 - ai_model - DEBUG -    模型: deepseek-ai/DeepSeek-V3
2025-11-20 15:55:46 - ai_model - DEBUG -    Base URL: https://api.siliconflow.cn/v1
2025-11-20 15:55:46 - ai_model - DEBUG -    API Key: sk-gsaohhwdtofontqfo...rolhikfqmy
2025-11-20 15:55:46 - ai_model - DEBUG - ✅ AI模型初始化完成
2025-11-20 15:55:46 - ai_model - DEBUG -    模型: deepseek-ai/DeepSeek-V3
2025-11-20 15:55:46 - ai_model - DEBUG -    Base URL: https://api.siliconflow.cn/v1
2025-11-20 15:55:46 - ai_model - DEBUG -    API Key: sk-gsaohhwdtofontqfo...rolhikfqmy
2025-11-20 15:56:36 - ai_model - DEBUG - ✅ AI模型初始化完成
2025-11-20 15:56:36 - ai_model - DEBUG -    模型: deepseek-ai/DeepSeek-V3
2025-11-20 15:56:36 - ai_model - DEBUG -    Base URL: https://api.siliconflow.cn/v1
2025-11-20 15:56:36 - ai_model - DEBUG -    API Key: sk-gsaohhwdtofontqfo...rolhikfqmy
2025-11-20 15:56:39 - ai_model - DEBUG - ✅ AI模型初始化完成
2025-11-20 15:56:39 - ai_model - DEBUG -    模型: deepseek-ai/DeepSeek-V3
2025-11-20 15:56:39 - ai_model - DEBUG -    Base URL: https://api.siliconflow.cn/v1
2025-11-20 15:56:39 - ai_model - DEBUG -    API Key: sk-gsaohhwdtofontqfo...rolhikfqmy
2025-11-20 15:56:44 - ai_model - DEBUG - ✅ AI模型初始化完成
2025-11-20 15:56:44 - ai_model - DEBUG -    模型: deepseek-ai/DeepSeek-V3
2025-11-20 15:56:44 - ai_model - DEBUG -    Base URL: https://api.siliconflow.cn/v1
2025-11-20 15:56:44 - ai_model - DEBUG -    API Key: sk-gsaohhwdtofontqfo...rolhikfqmy
2025-11-20 15:56:44 - ai_model - DEBUG - ✅ AI模型初始化完成
2025-11-20 15:56:44 - ai_model - DEBUG -    模型: deepseek-ai/DeepSeek-V3
2025-11-20 15:56:44 - ai_model - DEBUG -    Base URL: https://api.siliconflow.cn/v1
2025-11-20 15:56:44 - ai_model - DEBUG -    API Key: sk-gsaohhwdtofontqfo...rolhikfqmy
2025-11-20 16:01:54 - ai_model - DEBUG - ✅ AI模型初始化完成
2025-11-20 16:01:54 - ai_model - DEBUG -    模型: deepseek-ai/DeepSeek-V3
2025-11-20 16:01:54 - ai_model - DEBUG -    Base URL: https://api.siliconflow.cn/v1
2025-11-20 16:01:54 - ai_model - DEBUG -    API Key: sk-gsaohhwdtofontqfo...rolhikfqmy
2025-11-20 16:01:57 - ai_model - DEBUG - ✅ AI模型初始化完成
2025-11-20 16:01:57 - ai_model - DEBUG -    模型: deepseek-ai/DeepSeek-V3
2025-11-20 16:01:57 - ai_model - DEBUG -    Base URL: https://api.siliconflow.cn/v1
2025-11-20 16:01:57 - ai_model - DEBUG -    API Key: sk-gsaohhwdtofontqfo...rolhikfqmy
2025-11-20 16:02:02 - ai_model - DEBUG - ✅ AI模型初始化完成
2025-11-20 16:02:02 - ai_model - DEBUG -    模型: deepseek-ai/DeepSeek-V3
2025-11-20 16:02:02 - ai_model - DEBUG -    Base URL: https://api.siliconflow.cn/v1
2025-11-20 16:02:02 - ai_model - DEBUG -    API Key: sk-gsaohhwdtofontqfo...rolhikfqmy
2025-11-20 16:02:02 - ai_model - DEBUG - ✅ AI模型初始化完成
2025-11-20 16:02:02 - ai_model - DEBUG -    模型: deepseek-ai/DeepSeek-V3
2025-11-20 16:02:02 - ai_model - DEBUG -    Base URL: https://api.siliconflow.cn/v1
2025-11-20 16:02:02 - ai_model - DEBUG -    API Key: sk-gsaohhwdtofontqfo...rolhikfqmy
2025-11-20 16:02:24 - ai_model - DEBUG - ✅ AI模型初始化完成
2025-11-20 16:02:24 - ai_model - DEBUG -    模型: deepseek-ai/DeepSeek-V3
2025-11-20 16:02:24 - ai_model - DEBUG -    Base URL: https://api.siliconflow.cn/v1
2025-11-20 16:02:24 - ai_model - DEBUG -    API Key: sk-gsaohhwdtofontqfo...rolhikfqmy
2025-11-20 16:02:26 - ai_model - DEBUG - ✅ AI模型初始化完成
2025-11-20 16:02:26 - ai_model - DEBUG -    模型: deepseek-ai/DeepSeek-V3
2025-11-20 16:02:26 - ai_model - DEBUG -    Base URL: https://api.siliconflow.cn/v1
2025-11-20 16:02:26 - ai_model - DEBUG -    API Key: sk-gsaohhwdtofontqfo...rolhikfqmy
2025-11-20 16:02:33 - ai_model - DEBUG - ✅ AI模型初始化完成
2025-11-20 16:02:33 - ai_model - DEBUG -    模型: deepseek-ai/DeepSeek-V3
2025-11-20 16:02:33 - ai_model - DEBUG -    Base URL: https://api.siliconflow.cn/v1
2025-11-20 16:02:33 - ai_model - DEBUG -    API Key: sk-gsaohhwdtofontqfo...rolhikfqmy
2025-11-20 16:02:33 - ai_model - DEBUG - ✅ AI模型初始化完成
2025-11-20 16:02:33 - ai_model - DEBUG -    模型: deepseek-ai/DeepSeek-V3
2025-11-20 16:02:33 - ai_model - DEBUG -    Base URL: https://api.siliconflow.cn/v1
2025-11-20 16:02:33 - ai_model - DEBUG -    API Key: sk-gsaohhwdtofontqfo...rolhikfqmy
2025-11-20 16:41:02 - ai_model - DEBUG - ✅ AI模型初始化完成
2025-11-20 16:41:02 - ai_model - DEBUG -    模型: deepseek-ai/DeepSeek-V3
2025-11-20 16:41:02 - ai_model - DEBUG -    Base URL: https://api.siliconflow.cn/v1
2025-11-20 16:41:02 - ai_model - DEBUG -    API Key: sk-gsaohhwdtofontqfo...rolhikfqmy
2025-11-20 16:41:49 - ai_model - DEBUG - ✅ AI模型初始化完成
2025-11-20 16:41:49 - ai_model - DEBUG -    模型: deepseek-ai/DeepSeek-V3
2025-11-20 16:41:49 - ai_model - DEBUG -    Base URL: https://api.siliconflow.cn/v1
2025-11-20 16:41:49 - ai_model - DEBUG -    API Key: sk-gsaohhwdtofontqfo...rolhikfqmy
2025-11-20 16:41:52 - ai_model - DEBUG - ✅ AI模型初始化完成
2025-11-20 16:41:52 - ai_model - DEBUG -    模型: deepseek-ai/DeepSeek-V3
2025-11-20 16:41:52 - ai_model - DEBUG -    Base URL: https://api.siliconflow.cn/v1
2025-11-20 16:41:52 - ai_model - DEBUG -    API Key: sk-gsaohhwdtofontqfo...rolhikfqmy
2025-11-20 16:41:52 - ai_model - DEBUG - ✅ AI模型初始化完成
2025-11-20 16:41:52 - ai_model - DEBUG -    模型: deepseek-ai/DeepSeek-V3
2025-11-20 16:41:52 - ai_model - DEBUG -    Base URL: https://api.siliconflow.cn/v1
2025-11-20 16:41:52 - ai_model - DEBUG -    API Key: sk-gsaohhwdtofontqfo...rolhikfqmy
2025-11-20 17:16:36 - ai_model - DEBUG - ✅ AI模型初始化完成
2025-11-20 17:16:36 - ai_model - DEBUG -    模型: deepseek-ai/DeepSeek-V3
2025-11-20 17:16:36 - ai_model - DEBUG -    Base URL: https://api.siliconflow.cn/v1
2025-11-20 17:16:36 - ai_model - DEBUG -    API Key: sk-gsaohhwdtofontqfo...rolhikfqmy
2025-11-20 17:16:40 - ai_model - DEBUG - ✅ AI模型初始化完成
2025-11-20 17:16:40 - ai_model - DEBUG -    模型: deepseek-ai/DeepSeek-V3
2025-11-20 17:16:40 - ai_model - DEBUG -    Base URL: https://api.siliconflow.cn/v1
2025-11-20 17:16:40 - ai_model - DEBUG -    API Key: sk-gsaohhwdtofontqfo...rolhikfqmy
2025-11-20 17:16:45 - ai_model - DEBUG - ✅ AI模型初始化完成
2025-11-20 17:16:45 - ai_model - DEBUG -    模型: deepseek-ai/DeepSeek-V3
2025-11-20 17:16:45 - ai_model - DEBUG -    Base URL: https://api.siliconflow.cn/v1
2025-11-20 17:16:45 - ai_model - DEBUG -    API Key: sk-gsaohhwdtofontqfo...rolhikfqmy
2025-11-20 17:16:45 - ai_model - DEBUG - ✅ AI模型初始化完成
2025-11-20 17:16:45 - ai_model - DEBUG -    模型: deepseek-ai/DeepSeek-V3
2025-11-20 17:16:45 - ai_model - DEBUG -    Base URL: https://api.siliconflow.cn/v1
2025-11-20 17:16:45 - ai_model - DEBUG -    API Key: sk-gsaohhwdtofontqfo...rolhikfqmy
2025-11-20 17:17:09 - ai_model - DEBUG - ✅ AI模型初始化完成
2025-11-20 17:17:09 - ai_model - DEBUG -    模型: deepseek-ai/DeepSeek-V3
2025-11-20 17:17:09 - ai_model - DEBUG -    Base URL: https://api.siliconflow.cn/v1
2025-11-20 17:17:09 - ai_model - DEBUG -    API Key: sk-gsaohhwdtofontqfo...rolhikfqmy
2025-11-20 17:17:11 - ai_model - DEBUG - ✅ AI模型初始化完成
2025-11-20 17:17:11 - ai_model - DEBUG -    模型: deepseek-ai/DeepSeek-V3
2025-11-20 17:17:11 - ai_model - DEBUG -    Base URL: https://api.siliconflow.cn/v1
2025-11-20 17:17:11 - ai_model - DEBUG -    API Key: sk-gsaohhwdtofontqfo...rolhikfqmy
2025-11-20 17:17:17 - ai_model - DEBUG - ✅ AI模型初始化完成
2025-11-20 17:17:17 - ai_model - DEBUG -    模型: deepseek-ai/DeepSeek-V3
2025-11-20 17:17:17 - ai_model - DEBUG -    Base URL: https://api.siliconflow.cn/v1
2025-11-20 17:17:17 - ai_model - DEBUG -    API Key: sk-gsaohhwdtofontqfo...rolhikfqmy
2025-11-20 17:17:17 - ai_model - DEBUG - ✅ AI模型初始化完成
2025-11-20 17:17:17 - ai_model - DEBUG -    模型: deepseek-ai/DeepSeek-V3
2025-11-20 17:17:17 - ai_model - DEBUG -    Base URL: https://api.siliconflow.cn/v1
2025-11-20 17:17:17 - ai_model - DEBUG -    API Key: sk-gsaohhwdtofontqfo...rolhikfqmy
2025-11-20 17:43:39 - ai_model - DEBUG - ✅ AI模型初始化完成
2025-11-20 17:43:39 - ai_model - DEBUG -    模型: deepseek-ai/DeepSeek-V3
2025-11-20 17:43:39 - ai_model - DEBUG -    Base URL: https://api.siliconflow.cn/v1
2025-11-20 17:43:39 - ai_model - DEBUG -    API Key: sk-gsaohhwdtofontqfo...rolhikfqmy
2025-11-20 17:43:42 - ai_model - DEBUG - ✅ AI模型初始化完成
2025-11-20 17:43:42 - ai_model - DEBUG -    模型: deepseek-ai/DeepSeek-V3
2025-11-20 17:43:42 - ai_model - DEBUG -    Base URL: https://api.siliconflow.cn/v1
2025-11-20 17:43:42 - ai_model - DEBUG -    API Key: sk-gsaohhwdtofontqfo...rolhikfqmy
2025-11-20 17:43:47 - ai_model - DEBUG - ✅ AI模型初始化完成
2025-11-20 17:43:47 - ai_model - DEBUG -    模型: deepseek-ai/DeepSeek-V3
2025-11-20 17:43:47 - ai_model - DEBUG -    Base URL: https://api.siliconflow.cn/v1
2025-11-20 17:43:47 - ai_model - DEBUG -    API Key: sk-gsaohhwdtofontqfo...rolhikfqmy
2025-11-20 17:43:47 - ai_model - DEBUG - ✅ AI模型初始化完成
2025-11-20 17:43:47 - ai_model - DEBUG -    模型: deepseek-ai/DeepSeek-V3
2025-11-20 17:43:47 - ai_model - DEBUG -    Base URL: https://api.siliconflow.cn/v1
2025-11-20 17:43:47 - ai_model - DEBUG -    API Key: sk-gsaohhwdtofontqfo...rolhikfqmy
2025-11-20 17:44:19 - ai_model - DEBUG - ✅ AI模型初始化完成
2025-11-20 17:44:19 - ai_model - DEBUG -    模型: deepseek-ai/DeepSeek-V3
2025-11-20 17:44:19 - ai_model - DEBUG -    Base URL: https://api.siliconflow.cn/v1
2025-11-20 17:44:19 - ai_model - DEBUG -    API Key: sk-gsaohhwdtofontqfo...rolhikfqmy
2025-11-20 17:44:23 - ai_model - DEBUG - ✅ AI模型初始化完成
2025-11-20 17:44:23 - ai_model - DEBUG -    模型: deepseek-ai/DeepSeek-V3
2025-11-20 17:44:23 - ai_model - DEBUG -    Base URL: https://api.siliconflow.cn/v1
2025-11-20 17:44:23 - ai_model - DEBUG -    API Key: sk-gsaohhwdtofontqfo...rolhikfqmy
2025-11-20 17:44:23 - ai_model - DEBUG - ✅ AI模型初始化完成
2025-11-20 17:44:23 - ai_model - DEBUG -    模型: deepseek-ai/DeepSeek-V3
2025-11-20 17:44:23 - ai_model - DEBUG -    Base URL: https://api.siliconflow.cn/v1
2025-11-20 17:44:23 - ai_model - DEBUG -    API Key: sk-gsaohhwdtofontqfo...rolhikfqmy
2025-11-21 10:00:23 - ai_model - DEBUG - ✅ AI模型初始化完成
2025-11-21 10:00:23 - ai_model - DEBUG -    模型: deepseek-ai/DeepSeek-V3
2025-11-21 10:00:23 - ai_model - DEBUG -    Base URL: https://api.siliconflow.cn/v1
2025-11-21 10:00:23 - ai_model - DEBUG -    API Key: sk-gsaohhwdtofontqfo...rolhikfqmy
2025-11-21 10:00:26 - ai_model - DEBUG - ✅ AI模型初始化完成
2025-11-21 10:00:26 - ai_model - DEBUG -    模型: deepseek-ai/DeepSeek-V3
2025-11-21 10:00:26 - ai_model - DEBUG -    Base URL: https://api.siliconflow.cn/v1
2025-11-21 10:00:26 - ai_model - DEBUG -    API Key: sk-gsaohhwdtofontqfo...rolhikfqmy
2025-11-21 10:00:26 - ai_model - DEBUG - ✅ AI模型初始化完成
2025-11-21 10:00:26 - ai_model - DEBUG -    模型: deepseek-ai/DeepSeek-V3
2025-11-21 10:00:26 - ai_model - DEBUG -    Base URL: https://api.siliconflow.cn/v1
2025-11-21 10:00:26 - ai_model - DEBUG -    API Key: sk-gsaohhwdtofontqfo...rolhikfqmy
2025-11-21 10:00:32 - ai_model - DEBUG - ✅ AI模型初始化完成
2025-11-21 10:00:32 - ai_model - DEBUG -    模型: deepseek-ai/DeepSeek-V3
2025-11-21 10:00:32 - ai_model - DEBUG -    Base URL: https://api.siliconflow.cn/v1
2025-11-21 10:00:32 - ai_model - DEBUG -    API Key: sk-gsaohhwdtofontqfo...rolhikfqmy
2025-11-21 10:00:34 - ai_model - DEBUG - ✅ AI模型初始化完成
2025-11-21 10:00:34 - ai_model - DEBUG -    模型: deepseek-ai/DeepSeek-V3
2025-11-21 10:00:34 - ai_model - DEBUG -    Base URL: https://api.siliconflow.cn/v1
2025-11-21 10:00:34 - ai_model - DEBUG -    API Key: sk-gsaohhwdtofontqfo...rolhikfqmy
2025-11-21 10:00:37 - ai_model - DEBUG - ✅ AI模型初始化完成
2025-11-21 10:00:37 - ai_model - DEBUG -    模型: deepseek-ai/DeepSeek-V3
2025-11-21 10:00:37 - ai_model - DEBUG -    Base URL: https://api.siliconflow.cn/v1
2025-11-21 10:00:37 - ai_model - DEBUG -    API Key: sk-gsaohhwdtofontqfo...rolhikfqmy
2025-11-21 10:00:37 - ai_model - DEBUG - ✅ AI模型初始化完成
2025-11-21 10:00:37 - ai_model - DEBUG -    模型: deepseek-ai/DeepSeek-V3
2025-11-21 10:00:37 - ai_model - DEBUG -    Base URL: https://api.siliconflow.cn/v1
2025-11-21 10:00:37 - ai_model - DEBUG -    API Key: sk-gsaohhwdtofontqfo...rolhikfqmy
2025-11-21 10:02:16 - ai_model - DEBUG - ✅ AI模型初始化完成
2025-11-21 10:02:16 - ai_model - DEBUG -    模型: deepseek-ai/DeepSeek-V3
2025-11-21 10:02:16 - ai_model - DEBUG -    Base URL: https://api.siliconflow.cn/v1
2025-11-21 10:02:16 - ai_model - DEBUG -    API Key: sk-gsaohhwdtofontqfo...rolhikfqmy
2025-11-21 10:02:18 - ai_model - DEBUG - ✅ AI模型初始化完成
2025-11-21 10:02:18 - ai_model - DEBUG -    模型: deepseek-ai/DeepSeek-V3
2025-11-21 10:02:18 - ai_model - DEBUG -    Base URL: https://api.siliconflow.cn/v1
2025-11-21 10:02:18 - ai_model - DEBUG -    API Key: sk-gsaohhwdtofontqfo...rolhikfqmy
2025-11-21 10:02:21 - ai_model - DEBUG - ✅ AI模型初始化完成
2025-11-21 10:02:21 - ai_model - DEBUG -    模型: deepseek-ai/DeepSeek-V3
2025-11-21 10:02:21 - ai_model - DEBUG -    Base URL: https://api.siliconflow.cn/v1
2025-11-21 10:02:21 - ai_model - DEBUG -    API Key: sk-gsaohhwdtofontqfo...rolhikfqmy
2025-11-21 10:02:21 - ai_model - DEBUG - ✅ AI模型初始化完成
2025-11-21 10:02:21 - ai_model - DEBUG -    模型: deepseek-ai/DeepSeek-V3
2025-11-21 10:02:21 - ai_model - DEBUG -    Base URL: https://api.siliconflow.cn/v1
2025-11-21 10:02:21 - ai_model - DEBUG -    API Key: sk-gsaohhwdtofontqfo...rolhikfqmy
2025-11-21 10:03:39 - ai_model - DEBUG - ✅ AI模型初始化完成
2025-11-21 10:03:39 - ai_model - DEBUG -    模型: deepseek-ai/DeepSeek-V3
2025-11-21 10:03:39 - ai_model - DEBUG -    Base URL: https://api.siliconflow.cn/v1
2025-11-21 10:03:39 - ai_model - DEBUG -    API Key: sk-gsaohhwdtofontqfo...rolhikfqmy
2025-11-21 10:03:41 - ai_model - DEBUG - ✅ AI模型初始化完成
2025-11-21 10:03:41 - ai_model - DEBUG -    模型: deepseek-ai/DeepSeek-V3
2025-11-21 10:03:41 - ai_model - DEBUG -    Base URL: https://api.siliconflow.cn/v1
2025-11-21 10:03:41 - ai_model - DEBUG -    API Key: sk-gsaohhwdtofontqfo...rolhikfqmy
2025-11-21 10:03:43 - ai_model - DEBUG - ✅ AI模型初始化完成
2025-11-21 10:03:43 - ai_model - DEBUG -    模型: deepseek-ai/DeepSeek-V3
2025-11-21 10:03:43 - ai_model - DEBUG -    Base URL: https://api.siliconflow.cn/v1
2025-11-21 10:03:43 - ai_model - DEBUG -    API Key: sk-gsaohhwdtofontqfo...rolhikfqmy
2025-11-21 10:06:01 - ai_model - DEBUG - ✅ AI模型初始化完成
2025-11-21 10:06:01 - ai_model - DEBUG -    模型: deepseek-ai/DeepSeek-V3
2025-11-21 10:06:01 - ai_model - DEBUG -    Base URL: https://api.siliconflow.cn/v1
2025-11-21 10:06:01 - ai_model - DEBUG -    API Key: sk-gsaohhwdtofontqfo...rolhikfqmy
2025-11-21 10:06:03 - ai_model - DEBUG - ✅ AI模型初始化完成
2025-11-21 10:06:03 - ai_model - DEBUG -    模型: deepseek-ai/DeepSeek-V3
2025-11-21 10:06:03 - ai_model - DEBUG -    Base URL: https://api.siliconflow.cn/v1
2025-11-21 10:06:03 - ai_model - DEBUG -    API Key: sk-gsaohhwdtofontqfo...rolhikfqmy
2025-11-21 10:06:06 - ai_model - DEBUG - ✅ AI模型初始化完成
2025-11-21 10:06:06 - ai_model - DEBUG -    模型: deepseek-ai/DeepSeek-V3
2025-11-21 10:06:06 - ai_model - DEBUG -    Base URL: https://api.siliconflow.cn/v1
2025-11-21 10:06:06 - ai_model - DEBUG -    API Key: sk-gsaohhwdtofontqfo...rolhikfqmy
2025-11-21 10:06:06 - ai_model - DEBUG - ✅ AI模型初始化完成
2025-11-21 10:06:06 - ai_model - DEBUG -    模型: deepseek-ai/DeepSeek-V3
2025-11-21 10:06:06 - ai_model - DEBUG -    Base URL: https://api.siliconflow.cn/v1
2025-11-21 10:06:06 - ai_model - DEBUG -    API Key: sk-gsaohhwdtofontqfo...rolhikfqmy
2025-11-21 10:06:36 - ai_model - DEBUG - ✅ AI模型初始化完成
2025-11-21 10:06:36 - ai_model - DEBUG -    模型: deepseek-ai/DeepSeek-V3
2025-11-21 10:06:36 - ai_model - DEBUG -    Base URL: https://api.siliconflow.cn/v1
2025-11-21 10:06:36 - ai_model - DEBUG -    API Key: sk-gsaohhwdtofontqfo...rolhikfqmy
2025-11-21 10:40:26 - ai_model - DEBUG - ✅ AI模型初始化完成
2025-11-21 10:40:26 - ai_model - DEBUG -    模型: deepseek-ai/DeepSeek-V3
2025-11-21 10:40:26 - ai_model - DEBUG -    Base URL: https://api.siliconflow.cn/v1
2025-11-21 10:40:26 - ai_model - DEBUG -    API Key: sk-gsaohhwdtofontqfo...rolhikfqmy
2025-11-21 10:40:28 - ai_model - DEBUG - ✅ AI模型初始化完成
2025-11-21 10:40:28 - ai_model - DEBUG -    模型: deepseek-ai/DeepSeek-V3
2025-11-21 10:40:28 - ai_model - DEBUG -    Base URL: https://api.siliconflow.cn/v1
2025-11-21 10:40:28 - ai_model - DEBUG -    API Key: sk-gsaohhwdtofontqfo...rolhikfqmy
2025-11-21 10:40:32 - ai_model - DEBUG - ✅ AI模型初始化完成
2025-11-21 10:40:32 - ai_model - DEBUG -    模型: deepseek-ai/DeepSeek-V3
2025-11-21 10:40:32 - ai_model - DEBUG -    Base URL: https://api.siliconflow.cn/v1
2025-11-21 10:40:32 - ai_model - DEBUG -    API Key: sk-gsaohhwdtofontqfo...rolhikfqmy
2025-11-21 10:40:32 - ai_model - DEBUG - ✅ AI模型初始化完成
2025-11-21 10:40:32 - ai_model - DEBUG -    模型: deepseek-ai/DeepSeek-V3
2025-11-21 10:40:32 - ai_model - DEBUG -    Base URL: https://api.siliconflow.cn/v1
2025-11-21 10:40:32 - ai_model - DEBUG -    API Key: sk-gsaohhwdtofontqfo...rolhikfqmy
2025-11-21 10:41:42 - ai_model - DEBUG - ✅ AI模型初始化完成
2025-11-21 10:41:42 - ai_model - DEBUG -    模型: deepseek-ai/DeepSeek-V3
2025-11-21 10:41:42 - ai_model - DEBUG -    Base URL: https://api.siliconflow.cn/v1
2025-11-21 10:41:42 - ai_model - DEBUG -    API Key: sk-gsaohhwdtofontqfo...rolhikfqmy
2025-11-21 10:41:44 - ai_model - DEBUG - ✅ AI模型初始化完成
2025-11-21 10:41:44 - ai_model - DEBUG -    模型: deepseek-ai/DeepSeek-V3
2025-11-21 10:41:44 - ai_model - DEBUG -    Base URL: https://api.siliconflow.cn/v1
2025-11-21 10:41:44 - ai_model - DEBUG -    API Key: sk-gsaohhwdtofontqfo...rolhikfqmy
2025-11-21 10:41:48 - ai_model - DEBUG - ✅ AI模型初始化完成
2025-11-21 10:41:48 - ai_model - DEBUG -    模型: deepseek-ai/DeepSeek-V3
2025-11-21 10:41:48 - ai_model - DEBUG -    Base URL: https://api.siliconflow.cn/v1
2025-11-21 10:41:48 - ai_model - DEBUG -    API Key: sk-gsaohhwdtofontqfo...rolhikfqmy
2025-11-21 10:41:48 - ai_model - DEBUG - ✅ AI模型初始化完成
2025-11-21 10:41:48 - ai_model - DEBUG -    模型: deepseek-ai/DeepSeek-V3
2025-11-21 10:41:48 - ai_model - DEBUG -    Base URL: https://api.siliconflow.cn/v1
2025-11-21 10:41:48 - ai_model - DEBUG -    API Key: sk-gsaohhwdtofontqfo...rolhikfqmy
2025-11-21 10:44:32 - ai_model - DEBUG - ✅ AI模型初始化完成
2025-11-21 10:44:32 - ai_model - DEBUG -    模型: deepseek-ai/DeepSeek-V3
2025-11-21 10:44:32 - ai_model - DEBUG -    Base URL: https://api.siliconflow.cn/v1
2025-11-21 10:44:32 - ai_model - DEBUG -    API Key: sk-gsaohhwdtofontqfo...rolhikfqmy
2025-11-21 10:44:34 - ai_model - DEBUG - ✅ AI模型初始化完成
2025-11-21 10:44:34 - ai_model - DEBUG -    模型: deepseek-ai/DeepSeek-V3
2025-11-21 10:44:34 - ai_model - DEBUG -    Base URL: https://api.siliconflow.cn/v1
2025-11-21 10:44:34 - ai_model - DEBUG -    API Key: sk-gsaohhwdtofontqfo...rolhikfqmy
2025-11-21 10:44:36 - ai_model - DEBUG - ✅ AI模型初始化完成
2025-11-21 10:44:36 - ai_model - DEBUG -    模型: deepseek-ai/DeepSeek-V3
2025-11-21 10:44:36 - ai_model - DEBUG -    Base URL: https://api.siliconflow.cn/v1
2025-11-21 10:44:36 - ai_model - DEBUG -    API Key: sk-gsaohhwdtofontqfo...rolhikfqmy
2025-11-21 10:44:36 - ai_model - DEBUG - ✅ AI模型初始化完成
2025-11-21 10:44:36 - ai_model - DEBUG -    模型: deepseek-ai/DeepSeek-V3
2025-11-21 10:44:36 - ai_model - DEBUG -    Base URL: https://api.siliconflow.cn/v1
2025-11-21 10:44:36 - ai_model - DEBUG -    API Key: sk-gsaohhwdtofontqfo...rolhikfqmy
2025-11-21 10:44:45 - ai_model - DEBUG - ✅ AI模型初始化完成
2025-11-21 10:44:45 - ai_model - DEBUG -    模型: deepseek-ai/DeepSeek-V3
2025-11-21 10:44:45 - ai_model - DEBUG -    Base URL: https://api.siliconflow.cn/v1
2025-11-21 10:44:45 - ai_model - DEBUG -    API Key: sk-gsaohhwdtofontqfo...rolhikfqmy
2025-11-21 10:44:47 - ai_model - DEBUG - ✅ AI模型初始化完成
2025-11-21 10:44:47 - ai_model - DEBUG -    模型: deepseek-ai/DeepSeek-V3
2025-11-21 10:44:47 - ai_model - DEBUG -    Base URL: https://api.siliconflow.cn/v1
2025-11-21 10:44:47 - ai_model - DEBUG -    API Key: sk-gsaohhwdtofontqfo...rolhikfqmy
2025-11-21 10:44:49 - ai_model - DEBUG - ✅ AI模型初始化完成
2025-11-21 10:44:49 - ai_model - DEBUG -    模型: deepseek-ai/DeepSeek-V3
2025-11-21 10:44:49 - ai_model - DEBUG -    Base URL: https://api.siliconflow.cn/v1
2025-11-21 10:44:49 - ai_model - DEBUG -    API Key: sk-gsaohhwdtofontqfo...rolhikfqmy
2025-11-21 10:44:49 - ai_model - DEBUG - ✅ AI模型初始化完成
2025-11-21 10:44:49 - ai_model - DEBUG -    模型: deepseek-ai/DeepSeek-V3
2025-11-21 10:44:49 - ai_model - DEBUG -    Base URL: https://api.siliconflow.cn/v1
2025-11-21 10:44:49 - ai_model - DEBUG -    API Key: sk-gsaohhwdtofontqfo...rolhikfqmy
2025-11-21 10:46:43 - ai_model - DEBUG - ✅ AI模型初始化完成
2025-11-21 10:46:43 - ai_model - DEBUG -    模型: deepseek-ai/DeepSeek-V3
2025-11-21 10:46:43 - ai_model - DEBUG -    Base URL: https://api.siliconflow.cn/v1
2025-11-21 10:46:43 - ai_model - DEBUG -    API Key: sk-gsaohhwdtofontqfo...rolhikfqmy
2025-11-21 10:46:45 - ai_model - DEBUG - ✅ AI模型初始化完成
2025-11-21 10:46:45 - ai_model - DEBUG -    模型: deepseek-ai/DeepSeek-V3
2025-11-21 10:46:45 - ai_model - DEBUG -    Base URL: https://api.siliconflow.cn/v1
2025-11-21 10:46:45 - ai_model - DEBUG -    API Key: sk-gsaohhwdtofontqfo...rolhikfqmy
2025-11-21 10:49:05 - ai_model - DEBUG - ✅ AI模型初始化完成
2025-11-21 10:49:05 - ai_model - DEBUG -    模型: deepseek-ai/DeepSeek-V3
2025-11-21 10:49:05 - ai_model - DEBUG -    Base URL: https://api.siliconflow.cn/v1
2025-11-21 10:49:05 - ai_model - DEBUG -    API Key: sk-gsaohhwdtofontqfo...rolhikfqmy
2025-11-21 10:49:07 - ai_model - DEBUG - ✅ AI模型初始化完成
2025-11-21 10:49:07 - ai_model - DEBUG -    模型: deepseek-ai/DeepSeek-V3
2025-11-21 10:49:07 - ai_model - DEBUG -    Base URL: https://api.siliconflow.cn/v1
2025-11-21 10:49:07 - ai_model - DEBUG -    API Key: sk-gsaohhwdtofontqfo...rolhikfqmy
2025-11-21 10:49:10 - ai_model - DEBUG - ✅ AI模型初始化完成
2025-11-21 10:49:10 - ai_model - DEBUG -    模型: deepseek-ai/DeepSeek-V3
2025-11-21 10:49:10 - ai_model - DEBUG -    Base URL: https://api.siliconflow.cn/v1
2025-11-21 10:49:10 - ai_model - DEBUG -    API Key: sk-gsaohhwdtofontqfo...rolhikfqmy
2025-11-21 10:49:11 - ai_model - DEBUG - ✅ AI模型初始化完成
2025-11-21 10:49:11 - ai_model - DEBUG -    模型: deepseek-ai/DeepSeek-V3
2025-11-21 10:49:11 - ai_model - DEBUG -    Base URL: https://api.siliconflow.cn/v1
2025-11-21 10:49:11 - ai_model - DEBUG -    API Key: sk-gsaohhwdtofontqfo...rolhikfqmy
2025-11-21 10:52:37 - ai_model - DEBUG - ✅ AI模型初始化完成
2025-11-21 10:52:37 - ai_model - DEBUG -    模型: deepseek-ai/DeepSeek-V3
2025-11-21 10:52:37 - ai_model - DEBUG -    Base URL: https://api.siliconflow.cn/v1
2025-11-21 10:52:37 - ai_model - DEBUG -    API Key: sk-gsaohhwdtofontqfo...rolhikfqmy
2025-11-21 10:52:39 - ai_model - DEBUG - ✅ AI模型初始化完成
2025-11-21 10:52:39 - ai_model - DEBUG -    模型: deepseek-ai/DeepSeek-V3
2025-11-21 10:52:39 - ai_model - DEBUG -    Base URL: https://api.siliconflow.cn/v1
2025-11-21 10:52:39 - ai_model - DEBUG -    API Key: sk-gsaohhwdtofontqfo...rolhikfqmy
2025-11-21 10:52:42 - ai_model - DEBUG - ✅ AI模型初始化完成
2025-11-21 10:52:42 - ai_model - DEBUG -    模型: deepseek-ai/DeepSeek-V3
2025-11-21 10:52:42 - ai_model - DEBUG -    Base URL: https://api.siliconflow.cn/v1
2025-11-21 10:52:42 - ai_model - DEBUG -    API Key: sk-gsaohhwdtofontqfo...rolhikfqmy
2025-11-21 10:52:42 - ai_model - DEBUG - ✅ AI模型初始化完成
2025-11-21 10:52:42 - ai_model - DEBUG -    模型: deepseek-ai/DeepSeek-V3
2025-11-21 10:52:42 - ai_model - DEBUG -    Base URL: https://api.siliconflow.cn/v1
2025-11-21 10:52:42 - ai_model - DEBUG -    API Key: sk-gsaohhwdtofontqfo...rolhikfqmy
2025-11-21 10:54:32 - ai_model - DEBUG - ✅ AI模型初始化完成
2025-11-21 10:54:32 - ai_model - DEBUG -    模型: deepseek-ai/DeepSeek-V3
2025-11-21 10:54:32 - ai_model - DEBUG -    Base URL: https://api.siliconflow.cn/v1
2025-11-21 10:54:32 - ai_model - DEBUG -    API Key: sk-gsaohhwdtofontqfo...rolhikfqmy
2025-11-21 10:54:34 - ai_model - DEBUG - ✅ AI模型初始化完成
2025-11-21 10:54:34 - ai_model - DEBUG -    模型: deepseek-ai/DeepSeek-V3
2025-11-21 10:54:34 - ai_model - DEBUG -    Base URL: https://api.siliconflow.cn/v1
2025-11-21 10:54:34 - ai_model - DEBUG -    API Key: sk-gsaohhwdtofontqfo...rolhikfqmy
2025-11-21 10:54:36 - ai_model - DEBUG - ✅ AI模型初始化完成
2025-11-21 10:54:36 - ai_model - DEBUG -    模型: deepseek-ai/DeepSeek-V3
2025-11-21 10:54:36 - ai_model - DEBUG -    Base URL: https://api.siliconflow.cn/v1
2025-11-21 10:54:36 - ai_model - DEBUG -    API Key: sk-gsaohhwdtofontqfo...rolhikfqmy
2025-11-21 10:54:36 - ai_model - DEBUG - ✅ AI模型初始化完成
2025-11-21 10:54:36 - ai_model - DEBUG -    模型: deepseek-ai/DeepSeek-V3
2025-11-21 10:54:36 - ai_model - DEBUG -    Base URL: https://api.siliconflow.cn/v1
2025-11-21 10:54:36 - ai_model - DEBUG -    API Key: sk-gsaohhwdtofontqfo...rolhikfqmy
2025-11-21 10:56:29 - ai_model - DEBUG - ✅ AI模型初始化完成
2025-11-21 10:56:29 - ai_model - DEBUG -    模型: deepseek-ai/DeepSeek-V3
2025-11-21 10:56:29 - ai_model - DEBUG -    Base URL: https://api.siliconflow.cn/v1
2025-11-21 10:56:29 - ai_model - DEBUG -    API Key: sk-gsaohhwdtofontqfo...rolhikfqmy
2025-11-21 10:56:31 - ai_model - DEBUG - ✅ AI模型初始化完成
2025-11-21 10:56:31 - ai_model - DEBUG -    模型: deepseek-ai/DeepSeek-V3
2025-11-21 10:56:31 - ai_model - DEBUG -    Base URL: https://api.siliconflow.cn/v1
2025-11-21 10:56:31 - ai_model - DEBUG -    API Key: sk-gsaohhwdtofontqfo...rolhikfqmy
2025-11-21 10:56:34 - ai_model - DEBUG - ✅ AI模型初始化完成
2025-11-21 10:56:34 - ai_model - DEBUG -    模型: deepseek-ai/DeepSeek-V3
2025-11-21 10:56:34 - ai_model - DEBUG -    Base URL: https://api.siliconflow.cn/v1
2025-11-21 10:56:34 - ai_model - DEBUG -    API Key: sk-gsaohhwdtofontqfo...rolhikfqmy
2025-11-21 10:56:34 - ai_model - DEBUG - ✅ AI模型初始化完成
2025-11-21 10:56:34 - ai_model - DEBUG -    模型: deepseek-ai/DeepSeek-V3
2025-11-21 10:56:34 - ai_model - DEBUG -    Base URL: https://api.siliconflow.cn/v1
2025-11-21 10:56:34 - ai_model - DEBUG -    API Key: sk-gsaohhwdtofontqfo...rolhikfqmy
2025-11-21 10:57:52 - ai_model - DEBUG - ✅ AI模型初始化完成
2025-11-21 10:57:52 - ai_model - DEBUG -    模型: deepseek-ai/DeepSeek-V3
2025-11-21 10:57:52 - ai_model - DEBUG -    Base URL: https://api.siliconflow.cn/v1
2025-11-21 10:57:52 - ai_model - DEBUG -    API Key: sk-gsaohhwdtofontqfo...rolhikfqmy
2025-11-21 10:57:54 - ai_model - DEBUG - ✅ AI模型初始化完成
2025-11-21 10:57:54 - ai_model - DEBUG -    模型: deepseek-ai/DeepSeek-V3
2025-11-21 10:57:54 - ai_model - DEBUG -    Base URL: https://api.siliconflow.cn/v1
2025-11-21 10:57:54 - ai_model - DEBUG -    API Key: sk-gsaohhwdtofontqfo...rolhikfqmy
2025-11-21 10:57:57 - ai_model - DEBUG - ✅ AI模型初始化完成
2025-11-21 10:57:57 - ai_model - DEBUG -    模型: deepseek-ai/DeepSeek-V3
2025-11-21 10:57:57 - ai_model - DEBUG -    Base URL: https://api.siliconflow.cn/v1
2025-11-21 10:57:57 - ai_model - DEBUG -    API Key: sk-gsaohhwdtofontqfo...rolhikfqmy
2025-11-21 10:57:58 - ai_model - DEBUG - ✅ AI模型初始化完成
2025-11-21 10:57:58 - ai_model - DEBUG -    模型: deepseek-ai/DeepSeek-V3
2025-11-21 10:57:58 - ai_model - DEBUG -    Base URL: https://api.siliconflow.cn/v1
2025-11-21 10:57:58 - ai_model - DEBUG -    API Key: sk-gsaohhwdtofontqfo...rolhikfqmy
2025-11-21 10:58:55 - ai_model - DEBUG - ✅ AI模型初始化完成
2025-11-21 10:58:55 - ai_model - DEBUG -    模型: deepseek-ai/DeepSeek-V3
2025-11-21 10:58:55 - ai_model - DEBUG -    Base URL: https://api.siliconflow.cn/v1
2025-11-21 10:58:55 - ai_model - DEBUG -    API Key: sk-gsaohhwdtofontqfo...rolhikfqmy
2025-11-21 10:58:57 - ai_model - DEBUG - ✅ AI模型初始化完成
2025-11-21 10:58:57 - ai_model - DEBUG -    模型: deepseek-ai/DeepSeek-V3
2025-11-21 10:58:57 - ai_model - DEBUG -    Base URL: https://api.siliconflow.cn/v1
2025-11-21 10:58:57 - ai_model - DEBUG -    API Key: sk-gsaohhwdtofontqfo...rolhikfqmy
2025-11-21 10:59:00 - ai_model - DEBUG - ✅ AI模型初始化完成
2025-11-21 10:59:00 - ai_model - DEBUG -    模型: deepseek-ai/DeepSeek-V3
2025-11-21 10:59:00 - ai_model - DEBUG -    Base URL: https://api.siliconflow.cn/v1
2025-11-21 10:59:00 - ai_model - DEBUG -    API Key: sk-gsaohhwdtofontqfo...rolhikfqmy
2025-11-21 10:59:01 - ai_model - DEBUG - ✅ AI模型初始化完成
2025-11-21 10:59:01 - ai_model - DEBUG -    模型: deepseek-ai/DeepSeek-V3
2025-11-21 10:59:01 - ai_model - DEBUG -    Base URL: https://api.siliconflow.cn/v1
2025-11-21 10:59:01 - ai_model - DEBUG -    API Key: sk-gsaohhwdtofontqfo...rolhikfqmy
2025-11-21 10:59:19 - ai_model - DEBUG - ✅ AI模型初始化完成
2025-11-21 10:59:19 - ai_model - DEBUG -    模型: deepseek-ai/DeepSeek-V3
2025-11-21 10:59:19 - ai_model - DEBUG -    Base URL: https://api.siliconflow.cn/v1
2025-11-21 10:59:19 - ai_model - DEBUG -    API Key: sk-gsaohhwdtofontqfo...rolhikfqmy
2025-11-21 10:59:20 - ai_model - DEBUG - ✅ AI模型初始化完成
2025-11-21 10:59:20 - ai_model - DEBUG -    模型: deepseek-ai/DeepSeek-V3
2025-11-21 10:59:20 - ai_model - DEBUG -    Base URL: https://api.siliconflow.cn/v1
2025-11-21 10:59:20 - ai_model - DEBUG -    API Key: sk-gsaohhwdtofontqfo...rolhikfqmy
2025-11-21 10:59:23 - ai_model - DEBUG - ✅ AI模型初始化完成
2025-11-21 10:59:23 - ai_model - DEBUG -    模型: deepseek-ai/DeepSeek-V3
2025-11-21 10:59:23 - ai_model - DEBUG -    Base URL: https://api.siliconflow.cn/v1
2025-11-21 10:59:23 - ai_model - DEBUG -    API Key: sk-gsaohhwdtofontqfo...rolhikfqmy
2025-11-21 10:59:23 - ai_model - DEBUG - ✅ AI模型初始化完成
2025-11-21 10:59:23 - ai_model - DEBUG -    模型: deepseek-ai/DeepSeek-V3
2025-11-21 10:59:23 - ai_model - DEBUG -    Base URL: https://api.siliconflow.cn/v1
2025-11-21 10:59:23 - ai_model - DEBUG -    API Key: sk-gsaohhwdtofontqfo...rolhikfqmy
2025-11-21 11:00:13 - ai_model - DEBUG - ✅ AI模型初始化完成
2025-11-21 11:00:13 - ai_model - DEBUG -    模型: deepseek-ai/DeepSeek-V3
2025-11-21 11:00:13 - ai_model - DEBUG -    Base URL: https://api.siliconflow.cn/v1
2025-11-21 11:00:13 - ai_model - DEBUG -    API Key: sk-gsaohhwdtofontqfo...rolhikfqmy
2025-11-21 11:00:16 - ai_model - DEBUG - ✅ AI模型初始化完成
2025-11-21 11:00:16 - ai_model - DEBUG -    模型: deepseek-ai/DeepSeek-V3
2025-11-21 11:00:16 - ai_model - DEBUG -    Base URL: https://api.siliconflow.cn/v1
2025-11-21 11:00:16 - ai_model - DEBUG -    API Key: sk-gsaohhwdtofontqfo...rolhikfqmy
2025-11-21 11:00:20 - ai_model - DEBUG - ✅ AI模型初始化完成
2025-11-21 11:00:20 - ai_model - DEBUG -    模型: deepseek-ai/DeepSeek-V3
2025-11-21 11:00:20 - ai_model - DEBUG -    Base URL: https://api.siliconflow.cn/v1
2025-11-21 11:00:20 - ai_model - DEBUG -    API Key: sk-gsaohhwdtofontqfo...rolhikfqmy
2025-11-21 11:00:20 - ai_model - DEBUG - ✅ AI模型初始化完成
2025-11-21 11:00:20 - ai_model - DEBUG -    模型: deepseek-ai/DeepSeek-V3
2025-11-21 11:00:20 - ai_model - DEBUG -    Base URL: https://api.siliconflow.cn/v1
2025-11-21 11:00:20 - ai_model - DEBUG -    API Key: sk-gsaohhwdtofontqfo...rolhikfqmy
2025-11-21 11:26:07 - ai_model - DEBUG - ✅ AI模型初始化完成
2025-11-21 11:26:07 - ai_model - DEBUG -    模型: deepseek-ai/DeepSeek-V3
2025-11-21 11:26:07 - ai_model - DEBUG -    Base URL: https://api.siliconflow.cn/v1
2025-11-21 11:26:07 - ai_model - DEBUG -    API Key: sk-gsaohhwdtofontqfo...rolhikfqmy
2025-11-21 11:26:10 - ai_model - DEBUG - ✅ AI模型初始化完成
2025-11-21 11:26:10 - ai_model - DEBUG -    模型: deepseek-ai/DeepSeek-V3
2025-11-21 11:26:10 - ai_model - DEBUG -    Base URL: https://api.siliconflow.cn/v1
2025-11-21 11:26:10 - ai_model - DEBUG -    API Key: sk-gsaohhwdtofontqfo...rolhikfqmy
2025-11-21 11:26:12 - ai_model - DEBUG - ✅ AI模型初始化完成
2025-11-21 11:26:12 - ai_model - DEBUG -    模型: deepseek-ai/DeepSeek-V3
2025-11-21 11:26:12 - ai_model - DEBUG -    Base URL: https://api.siliconflow.cn/v1
2025-11-21 11:26:12 - ai_model - DEBUG -    API Key: sk-gsaohhwdtofontqfo...rolhikfqmy
2025-11-21 11:26:12 - ai_model - DEBUG - ✅ AI模型初始化完成
2025-11-21 11:26:12 - ai_model - DEBUG -    模型: deepseek-ai/DeepSeek-V3
2025-11-21 11:26:12 - ai_model - DEBUG -    Base URL: https://api.siliconflow.cn/v1
2025-11-21 11:26:12 - ai_model - DEBUG -    API Key: sk-gsaohhwdtofontqfo...rolhikfqmy
2025-11-21 11:26:34 - ai_model - DEBUG - ✅ AI模型初始化完成
2025-11-21 11:26:34 - ai_model - DEBUG -    模型: deepseek-ai/DeepSeek-V3
2025-11-21 11:26:34 - ai_model - DEBUG -    Base URL: https://api.siliconflow.cn/v1
2025-11-21 11:26:34 - ai_model - DEBUG -    API Key: sk-gsaohhwdtofontqfo...rolhikfqmy
2025-11-21 11:26:36 - ai_model - DEBUG - ✅ AI模型初始化完成
2025-11-21 11:26:36 - ai_model - DEBUG -    模型: deepseek-ai/DeepSeek-V3
2025-11-21 11:26:36 - ai_model - DEBUG -    Base URL: https://api.siliconflow.cn/v1
2025-11-21 11:26:36 - ai_model - DEBUG -    API Key: sk-gsaohhwdtofontqfo...rolhikfqmy
2025-11-21 11:26:40 - ai_model - DEBUG - ✅ AI模型初始化完成
2025-11-21 11:26:40 - ai_model - DEBUG -    模型: deepseek-ai/DeepSeek-V3
2025-11-21 11:26:40 - ai_model - DEBUG -    Base URL: https://api.siliconflow.cn/v1
2025-11-21 11:26:40 - ai_model - DEBUG -    API Key: sk-gsaohhwdtofontqfo...rolhikfqmy
2025-11-21 11:26:41 - ai_model - DEBUG - ✅ AI模型初始化完成
2025-11-21 11:26:41 - ai_model - DEBUG -    模型: deepseek-ai/DeepSeek-V3
2025-11-21 11:26:41 - ai_model - DEBUG -    Base URL: https://api.siliconflow.cn/v1
2025-11-21 11:26:41 - ai_model - DEBUG -    API Key: sk-gsaohhwdtofontqfo...rolhikfqmy
2025-11-21 11:27:35 - ai_model - DEBUG - ✅ AI模型初始化完成
2025-11-21 11:27:35 - ai_model - DEBUG -    模型: deepseek-ai/DeepSeek-V3
2025-11-21 11:27:35 - ai_model - DEBUG -    Base URL: https://api.siliconflow.cn/v1
2025-11-21 11:27:35 - ai_model - DEBUG -    API Key: sk-gsaohhwdtofontqfo...rolhikfqmy
2025-11-21 11:27:38 - ai_model - DEBUG - ✅ AI模型初始化完成
2025-11-21 11:27:38 - ai_model - DEBUG -    模型: deepseek-ai/DeepSeek-V3
2025-11-21 11:27:38 - ai_model - DEBUG -    Base URL: https://api.siliconflow.cn/v1
2025-11-21 11:27:38 - ai_model - DEBUG -    API Key: sk-gsaohhwdtofontqfo...rolhikfqmy
2025-11-21 11:27:41 - ai_model - DEBUG - ✅ AI模型初始化完成
2025-11-21 11:27:41 - ai_model - DEBUG -    模型: deepseek-ai/DeepSeek-V3
2025-11-21 11:27:41 - ai_model - DEBUG -    Base URL: https://api.siliconflow.cn/v1
2025-11-21 11:27:41 - ai_model - DEBUG -    API Key: sk-gsaohhwdtofontqfo...rolhikfqmy
2025-11-21 11:27:42 - ai_model - DEBUG - ✅ AI模型初始化完成
2025-11-21 11:27:42 - ai_model - DEBUG -    模型: deepseek-ai/DeepSeek-V3
2025-11-21 11:27:42 - ai_model - DEBUG -    Base URL: https://api.siliconflow.cn/v1
2025-11-21 11:27:42 - ai_model - DEBUG -    API Key: sk-gsaohhwdtofontqfo...rolhikfqmy
2025-11-21 11:28:06 - ai_model - DEBUG - ✅ AI模型初始化完成
2025-11-21 11:28:06 - ai_model - DEBUG -    模型: deepseek-ai/DeepSeek-V3
2025-11-21 11:28:06 - ai_model - DEBUG -    Base URL: https://api.siliconflow.cn/v1
2025-11-21 11:28:06 - ai_model - DEBUG -    API Key: sk-gsaohhwdtofontqfo...rolhikfqmy
2025-11-21 11:28:08 - ai_model - DEBUG - ✅ AI模型初始化完成
2025-11-21 11:28:08 - ai_model - DEBUG -    模型: deepseek-ai/DeepSeek-V3
2025-11-21 11:28:08 - ai_model - DEBUG -    Base URL: https://api.siliconflow.cn/v1
2025-11-21 11:28:08 - ai_model - DEBUG -    API Key: sk-gsaohhwdtofontqfo...rolhikfqmy
2025-11-21 11:28:11 - ai_model - DEBUG - ✅ AI模型初始化完成
2025-11-21 11:28:11 - ai_model - DEBUG -    模型: deepseek-ai/DeepSeek-V3
2025-11-21 11:28:11 - ai_model - DEBUG -    Base URL: https://api.siliconflow.cn/v1
2025-11-21 11:28:11 - ai_model - DEBUG -    API Key: sk-gsaohhwdtofontqfo...rolhikfqmy
2025-11-21 11:28:11 - ai_model - DEBUG - ✅ AI模型初始化完成
2025-11-21 11:28:11 - ai_model - DEBUG -    模型: deepseek-ai/DeepSeek-V3
2025-11-21 11:28:11 - ai_model - DEBUG -    Base URL: https://api.siliconflow.cn/v1
2025-11-21 11:28:11 - ai_model - DEBUG -    API Key: sk-gsaohhwdtofontqfo...rolhikfqmy
2025-11-21 14:09:13 - ai_model - DEBUG - ✅ AI模型初始化完成
2025-11-21 14:09:13 - ai_model - DEBUG -    模型: deepseek-ai/DeepSeek-V3
2025-11-21 14:09:13 - ai_model - DEBUG -    Base URL: https://api.siliconflow.cn/v1
2025-11-21 14:09:13 - ai_model - DEBUG -    API Key: sk-gsaohhwdtofontqfo...rolhikfqmy
2025-11-21 14:09:18 - ai_model - DEBUG - ✅ AI模型初始化完成
2025-11-21 14:09:18 - ai_model - DEBUG -    模型: deepseek-ai/DeepSeek-V3
2025-11-21 14:09:18 - ai_model - DEBUG -    Base URL: https://api.siliconflow.cn/v1
2025-11-21 14:09:18 - ai_model - DEBUG -    API Key: sk-gsaohhwdtofontqfo...rolhikfqmy
2025-11-21 14:09:22 - ai_model - DEBUG - ✅ AI模型初始化完成
2025-11-21 14:09:22 - ai_model - DEBUG -    模型: deepseek-ai/DeepSeek-V3
2025-11-21 14:09:22 - ai_model - DEBUG -    Base URL: https://api.siliconflow.cn/v1
2025-11-21 14:09:22 - ai_model - DEBUG -    API Key: sk-gsaohhwdtofontqfo...rolhikfqmy
2025-11-21 14:09:22 - ai_model - DEBUG - ✅ AI模型初始化完成
2025-11-21 14:09:22 - ai_model - DEBUG -    模型: deepseek-ai/DeepSeek-V3
2025-11-21 14:09:22 - ai_model - DEBUG -    Base URL: https://api.siliconflow.cn/v1
2025-11-21 14:09:22 - ai_model - DEBUG -    API Key: sk-gsaohhwdtofontqfo...rolhikfqmy
2025-11-21 14:11:04 - ai_model - DEBUG - ✅ AI模型初始化完成
2025-11-21 14:11:04 - ai_model - DEBUG -    模型: deepseek-ai/DeepSeek-V3
2025-11-21 14:11:04 - ai_model - DEBUG -    Base URL: https://api.siliconflow.cn/v1
2025-11-21 14:11:04 - ai_model - DEBUG -    API Key: sk-gsaohhwdtofontqfo...rolhikfqmy
2025-11-21 14:11:09 - ai_model - DEBUG - ✅ AI模型初始化完成
2025-11-21 14:11:09 - ai_model - DEBUG -    模型: deepseek-ai/DeepSeek-V3
2025-11-21 14:11:09 - ai_model - DEBUG -    Base URL: https://api.siliconflow.cn/v1
2025-11-21 14:11:09 - ai_model - DEBUG -    API Key: sk-gsaohhwdtofontqfo...rolhikfqmy
2025-11-21 14:11:18 - ai_model - DEBUG - ✅ AI模型初始化完成
2025-11-21 14:11:18 - ai_model - DEBUG -    模型: deepseek-ai/DeepSeek-V3
2025-11-21 14:11:18 - ai_model - DEBUG -    Base URL: https://api.siliconflow.cn/v1
2025-11-21 14:11:18 - ai_model - DEBUG -    API Key: sk-gsaohhwdtofontqfo...rolhikfqmy
2025-11-21 14:11:18 - ai_model - DEBUG - ✅ AI模型初始化完成
2025-11-21 14:11:18 - ai_model - DEBUG -    模型: deepseek-ai/DeepSeek-V3
2025-11-21 14:11:18 - ai_model - DEBUG -    Base URL: https://api.siliconflow.cn/v1
2025-11-21 14:11:18 - ai_model - DEBUG -    API Key: sk-gsaohhwdtofontqfo...rolhikfqmy
2025-11-21 14:11:46 - ai_model - DEBUG - ✅ AI模型初始化完成
2025-11-21 14:11:46 - ai_model - DEBUG -    模型: deepseek-ai/DeepSeek-V3
2025-11-21 14:11:46 - ai_model - DEBUG -    Base URL: https://api.siliconflow.cn/v1
2025-11-21 14:11:46 - ai_model - DEBUG -    API Key: sk-gsaohhwdtofontqfo...rolhikfqmy
2025-11-21 14:11:51 - ai_model - DEBUG - ✅ AI模型初始化完成
2025-11-21 14:11:51 - ai_model - DEBUG -    模型: deepseek-ai/DeepSeek-V3
2025-11-21 14:11:51 - ai_model - DEBUG -    Base URL: https://api.siliconflow.cn/v1
2025-11-21 14:11:51 - ai_model - DEBUG -    API Key: sk-gsaohhwdtofontqfo...rolhikfqmy
2025-11-21 14:11:54 - ai_model - DEBUG - ✅ AI模型初始化完成
2025-11-21 14:11:54 - ai_model - DEBUG -    模型: deepseek-ai/DeepSeek-V3
2025-11-21 14:11:54 - ai_model - DEBUG -    Base URL: https://api.siliconflow.cn/v1
2025-11-21 14:11:54 - ai_model - DEBUG -    API Key: sk-gsaohhwdtofontqfo...rolhikfqmy
2025-11-21 14:11:54 - ai_model - DEBUG - ✅ AI模型初始化完成
2025-11-21 14:11:54 - ai_model - DEBUG -    模型: deepseek-ai/DeepSeek-V3
2025-11-21 14:11:54 - ai_model - DEBUG -    Base URL: https://api.siliconflow.cn/v1
2025-11-21 14:11:54 - ai_model - DEBUG -    API Key: sk-gsaohhwdtofontqfo...rolhikfqmy
2025-11-21 14:20:09 - ai_model - DEBUG - ✅ AI模型初始化完成
2025-11-21 14:20:09 - ai_model - DEBUG -    模型: deepseek-ai/DeepSeek-V3
2025-11-21 14:20:09 - ai_model - DEBUG -    Base URL: https://api.siliconflow.cn/v1
2025-11-21 14:20:09 - ai_model - DEBUG -    API Key: sk-gsaohhwdtofontqfo...rolhikfqmy
2025-11-21 14:20:11 - ai_model - DEBUG - ✅ AI模型初始化完成
2025-11-21 14:20:11 - ai_model - DEBUG -    模型: deepseek-ai/DeepSeek-V3
2025-11-21 14:20:11 - ai_model - DEBUG -    Base URL: https://api.siliconflow.cn/v1
2025-11-21 14:20:11 - ai_model - DEBUG -    API Key: sk-gsaohhwdtofontqfo...rolhikfqmy
2025-11-21 14:20:15 - ai_model - DEBUG - ✅ AI模型初始化完成
2025-11-21 14:20:15 - ai_model - DEBUG -    模型: deepseek-ai/DeepSeek-V3
2025-11-21 14:20:15 - ai_model - DEBUG -    Base URL: https://api.siliconflow.cn/v1
2025-11-21 14:20:15 - ai_model - DEBUG -    API Key: sk-gsaohhwdtofontqfo...rolhikfqmy
2025-11-21 14:20:15 - ai_model - DEBUG - ✅ AI模型初始化完成
2025-11-21 14:20:15 - ai_model - DEBUG -    模型: deepseek-ai/DeepSeek-V3
2025-11-21 14:20:15 - ai_model - DEBUG -    Base URL: https://api.siliconflow.cn/v1
2025-11-21 14:20:15 - ai_model - DEBUG -    API Key: sk-gsaohhwdtofontqfo...rolhikfqmy
2025-11-21 14:20:52 - ai_model - DEBUG - ✅ AI模型初始化完成
2025-11-21 14:20:52 - ai_model - DEBUG -    模型: deepseek-ai/DeepSeek-V3
2025-11-21 14:20:52 - ai_model - DEBUG -    Base URL: https://api.siliconflow.cn/v1
2025-11-21 14:20:52 - ai_model - DEBUG -    API Key: sk-gsaohhwdtofontqfo...rolhikfqmy
2025-11-21 14:20:54 - ai_model - DEBUG - ✅ AI模型初始化完成
2025-11-21 14:20:54 - ai_model - DEBUG -    模型: deepseek-ai/DeepSeek-V3
2025-11-21 14:20:54 - ai_model - DEBUG -    Base URL: https://api.siliconflow.cn/v1
2025-11-21 14:20:54 - ai_model - DEBUG -    API Key: sk-gsaohhwdtofontqfo...rolhikfqmy
2025-11-21 14:21:01 - ai_model - DEBUG - ✅ AI模型初始化完成
2025-11-21 14:21:01 - ai_model - DEBUG -    模型: deepseek-ai/DeepSeek-V3
2025-11-21 14:21:01 - ai_model - DEBUG -    Base URL: https://api.siliconflow.cn/v1
2025-11-21 14:21:01 - ai_model - DEBUG -    API Key: sk-gsaohhwdtofontqfo...rolhikfqmy
2025-11-21 14:21:01 - ai_model - DEBUG - ✅ AI模型初始化完成
2025-11-21 14:21:01 - ai_model - DEBUG -    模型: deepseek-ai/DeepSeek-V3
2025-11-21 14:21:01 - ai_model - DEBUG -    Base URL: https://api.siliconflow.cn/v1
2025-11-21 14:21:01 - ai_model - DEBUG -    API Key: sk-gsaohhwdtofontqfo...rolhikfqmy
2025-11-21 15:58:50 - ai_model - DEBUG - ✅ AI模型初始化完成
2025-11-21 15:58:50 - ai_model - DEBUG -    模型: deepseek-ai/DeepSeek-V3
2025-11-21 15:58:50 - ai_model - DEBUG -    Base URL: https://api.siliconflow.cn/v1
2025-11-21 15:58:50 - ai_model - DEBUG -    API Key: sk-gsaohhwdtofontqfo...rolhikfqmy
2025-11-21 15:58:56 - ai_model - DEBUG - ✅ AI模型初始化完成
2025-11-21 15:58:56 - ai_model - DEBUG -    模型: deepseek-ai/DeepSeek-V3
2025-11-21 15:58:56 - ai_model - DEBUG -    Base URL: https://api.siliconflow.cn/v1
2025-11-21 15:58:56 - ai_model - DEBUG -    API Key: sk-gsaohhwdtofontqfo...rolhikfqmy
2025-11-21 15:59:00 - ai_model - DEBUG - ✅ AI模型初始化完成
2025-11-21 15:59:00 - ai_model - DEBUG -    模型: deepseek-ai/DeepSeek-V3
2025-11-21 15:59:00 - ai_model - DEBUG -    Base URL: https://api.siliconflow.cn/v1
2025-11-21 15:59:00 - ai_model - DEBUG -    API Key: sk-gsaohhwdtofontqfo...rolhikfqmy
2025-11-21 15:59:01 - ai_model - DEBUG - ✅ AI模型初始化完成
2025-11-21 15:59:01 - ai_model - DEBUG -    模型: deepseek-ai/DeepSeek-V3
2025-11-21 15:59:01 - ai_model - DEBUG -    Base URL: https://api.siliconflow.cn/v1
2025-11-21 15:59:01 - ai_model - DEBUG -    API Key: sk-gsaohhwdtofontqfo...rolhikfqmy
2025-11-21 16:18:10 - ai_model - DEBUG - ✅ AI模型初始化完成
2025-11-21 16:18:10 - ai_model - DEBUG -    模型: deepseek-ai/DeepSeek-V3
2025-11-21 16:18:10 - ai_model - DEBUG -    Base URL: https://api.siliconflow.cn/v1
2025-11-21 16:18:10 - ai_model - DEBUG -    API Key: sk-gsaohhwdtofontqfo...rolhikfqmy
2025-11-21 16:18:14 - ai_model - DEBUG - ✅ AI模型初始化完成
2025-11-21 16:18:14 - ai_model - DEBUG -    模型: deepseek-ai/DeepSeek-V3
2025-11-21 16:18:14 - ai_model - DEBUG -    Base URL: https://api.siliconflow.cn/v1
2025-11-21 16:18:14 - ai_model - DEBUG -    API Key: sk-gsaohhwdtofontqfo...rolhikfqmy
2025-11-21 16:18:20 - ai_model - DEBUG - ✅ AI模型初始化完成
2025-11-21 16:18:20 - ai_model - DEBUG -    模型: deepseek-ai/DeepSeek-V3
2025-11-21 16:18:20 - ai_model - DEBUG -    Base URL: https://api.siliconflow.cn/v1
2025-11-21 16:18:20 - ai_model - DEBUG -    API Key: sk-gsaohhwdtofontqfo...rolhikfqmy
2025-11-21 16:18:20 - ai_model - DEBUG - ✅ AI模型初始化完成
2025-11-21 16:18:20 - ai_model - DEBUG -    模型: deepseek-ai/DeepSeek-V3
2025-11-21 16:18:20 - ai_model - DEBUG -    Base URL: https://api.siliconflow.cn/v1
2025-11-21 16:18:20 - ai_model - DEBUG -    API Key: sk-gsaohhwdtofontqfo...rolhikfqmy
2025-11-21 16:24:14 - ai_model - DEBUG - ✅ AI模型初始化完成
2025-11-21 16:24:14 - ai_model - DEBUG -    模型: deepseek-ai/DeepSeek-V3
2025-11-21 16:24:14 - ai_model - DEBUG -    Base URL: https://api.siliconflow.cn/v1
2025-11-21 16:24:14 - ai_model - DEBUG -    API Key: sk-gsaohhwdtofontqfo...rolhikfqmy
2025-11-21 16:24:19 - ai_model - DEBUG - ✅ AI模型初始化完成
2025-11-21 16:24:19 - ai_model - DEBUG -    模型: deepseek-ai/DeepSeek-V3
2025-11-21 16:24:19 - ai_model - DEBUG -    Base URL: https://api.siliconflow.cn/v1
2025-11-21 16:24:19 - ai_model - DEBUG -    API Key: sk-gsaohhwdtofontqfo...rolhikfqmy
2025-11-21 16:24:25 - ai_model - DEBUG - ✅ AI模型初始化完成
2025-11-21 16:24:25 - ai_model - DEBUG -    模型: deepseek-ai/DeepSeek-V3
2025-11-21 16:24:25 - ai_model - DEBUG -    Base URL: https://api.siliconflow.cn/v1
2025-11-21 16:24:25 - ai_model - DEBUG -    API Key: sk-gsaohhwdtofontqfo...rolhikfqmy
2025-11-21 16:24:26 - ai_model - DEBUG - ✅ AI模型初始化完成
2025-11-21 16:24:26 - ai_model - DEBUG -    模型: deepseek-ai/DeepSeek-V3
2025-11-21 16:24:26 - ai_model - DEBUG -    Base URL: https://api.siliconflow.cn/v1
2025-11-21 16:24:26 - ai_model - DEBUG -    API Key: sk-gsaohhwdtofontqfo...rolhikfqmy
2025-11-21 16:26:50 - ai_model - DEBUG - ✅ AI模型初始化完成
2025-11-21 16:26:50 - ai_model - DEBUG -    模型: deepseek-ai/DeepSeek-V3
2025-11-21 16:26:50 - ai_model - DEBUG -    Base URL: https://api.siliconflow.cn/v1
2025-11-21 16:26:50 - ai_model - DEBUG -    API Key: sk-gsaohhwdtofontqfo...rolhikfqmy
2025-11-21 16:26:53 - ai_model - DEBUG - ✅ AI模型初始化完成
2025-11-21 16:26:53 - ai_model - DEBUG -    模型: deepseek-ai/DeepSeek-V3
2025-11-21 16:26:53 - ai_model - DEBUG -    Base URL: https://api.siliconflow.cn/v1
2025-11-21 16:26:53 - ai_model - DEBUG -    API Key: sk-gsaohhwdtofontqfo...rolhikfqmy
2025-11-21 16:26:58 - ai_model - DEBUG - ✅ AI模型初始化完成
2025-11-21 16:26:58 - ai_model - DEBUG -    模型: deepseek-ai/DeepSeek-V3
2025-11-21 16:26:58 - ai_model - DEBUG -    Base URL: https://api.siliconflow.cn/v1
2025-11-21 16:26:58 - ai_model - DEBUG -    API Key: sk-gsaohhwdtofontqfo...rolhikfqmy
2025-11-21 16:26:59 - ai_model - DEBUG - ✅ AI模型初始化完成
2025-11-21 16:26:59 - ai_model - DEBUG -    模型: deepseek-ai/DeepSeek-V3
2025-11-21 16:26:59 - ai_model - DEBUG -    Base URL: https://api.siliconflow.cn/v1
2025-11-21 16:26:59 - ai_model - DEBUG -    API Key: sk-gsaohhwdtofontqfo...rolhikfqmy
2025-11-21 16:30:16 - ai_model - DEBUG - ✅ AI模型初始化完成
2025-11-21 16:30:16 - ai_model - DEBUG -    模型: deepseek-ai/DeepSeek-V3
2025-11-21 16:30:16 - ai_model - DEBUG -    Base URL: https://api.siliconflow.cn/v1
2025-11-21 16:30:16 - ai_model - DEBUG -    API Key: sk-gsaohhwdtofontqfo...rolhikfqmy
2025-11-21 16:30:20 - ai_model - DEBUG - ✅ AI模型初始化完成
2025-11-21 16:30:20 - ai_model - DEBUG -    模型: deepseek-ai/DeepSeek-V3
2025-11-21 16:30:20 - ai_model - DEBUG -    Base URL: https://api.siliconflow.cn/v1
2025-11-21 16:30:20 - ai_model - DEBUG -    API Key: sk-gsaohhwdtofontqfo...rolhikfqmy
2025-11-21 16:30:25 - ai_model - DEBUG - ✅ AI模型初始化完成
2025-11-21 16:30:25 - ai_model - DEBUG -    模型: deepseek-ai/DeepSeek-V3
2025-11-21 16:30:25 - ai_model - DEBUG -    Base URL: https://api.siliconflow.cn/v1
2025-11-21 16:30:25 - ai_model - DEBUG -    API Key: sk-gsaohhwdtofontqfo...rolhikfqmy
2025-11-21 16:30:26 - ai_model - DEBUG - ✅ AI模型初始化完成
2025-11-21 16:30:26 - ai_model - DEBUG -    模型: deepseek-ai/DeepSeek-V3
2025-11-21 16:30:26 - ai_model - DEBUG -    Base URL: https://api.siliconflow.cn/v1
2025-11-21 16:30:26 - ai_model - DEBUG -    API Key: sk-gsaohhwdtofontqfo...rolhikfqmy
2025-11-21 16:35:13 - ai_model - DEBUG - ✅ AI模型初始化完成
2025-11-21 16:35:13 - ai_model - DEBUG -    模型: deepseek-ai/DeepSeek-V3
2025-11-21 16:35:13 - ai_model - DEBUG -    Base URL: https://api.siliconflow.cn/v1
2025-11-21 16:35:13 - ai_model - DEBUG -    API Key: sk-gsaohhwdtofontqfo...rolhikfqmy
2025-11-21 16:35:19 - ai_model - DEBUG - ✅ AI模型初始化完成
2025-11-21 16:35:19 - ai_model - DEBUG -    模型: deepseek-ai/DeepSeek-V3
2025-11-21 16:35:19 - ai_model - DEBUG -    Base URL: https://api.siliconflow.cn/v1
2025-11-21 16:35:19 - ai_model - DEBUG -    API Key: sk-gsaohhwdtofontqfo...rolhikfqmy
2025-11-21 16:35:24 - ai_model - DEBUG - ✅ AI模型初始化完成
2025-11-21 16:35:24 - ai_model - DEBUG -    模型: deepseek-ai/DeepSeek-V3
2025-11-21 16:35:24 - ai_model - DEBUG -    Base URL: https://api.siliconflow.cn/v1
2025-11-21 16:35:24 - ai_model - DEBUG -    API Key: sk-gsaohhwdtofontqfo...rolhikfqmy
2025-11-21 16:35:25 - ai_model - DEBUG - ✅ AI模型初始化完成
2025-11-21 16:35:25 - ai_model - DEBUG -    模型: deepseek-ai/DeepSeek-V3
2025-11-21 16:35:25 - ai_model - DEBUG -    Base URL: https://api.siliconflow.cn/v1
2025-11-21 16:35:25 - ai_model - DEBUG -    API Key: sk-gsaohhwdtofontqfo...rolhikfqmy
2025-11-21 16:43:40 - ai_model - DEBUG - ✅ AI模型初始化完成
2025-11-21 16:43:40 - ai_model - DEBUG -    模型: deepseek-ai/DeepSeek-V3
2025-11-21 16:43:40 - ai_model - DEBUG -    Base URL: https://api.siliconflow.cn/v1
2025-11-21 16:43:40 - ai_model - DEBUG -    API Key: sk-gsaohhwdtofontqfo...rolhikfqmy
2025-11-21 16:43:45 - ai_model - DEBUG - ✅ AI模型初始化完成
2025-11-21 16:43:45 - ai_model - DEBUG -    模型: deepseek-ai/DeepSeek-V3
2025-11-21 16:43:45 - ai_model - DEBUG -    Base URL: https://api.siliconflow.cn/v1
2025-11-21 16:43:45 - ai_model - DEBUG -    API Key: sk-gsaohhwdtofontqfo...rolhikfqmy
2025-11-21 16:43:50 - ai_model - DEBUG - ✅ AI模型初始化完成
2025-11-21 16:43:50 - ai_model - DEBUG -    模型: deepseek-ai/DeepSeek-V3
2025-11-21 16:43:50 - ai_model - DEBUG -    Base URL: https://api.siliconflow.cn/v1
2025-11-21 16:43:50 - ai_model - DEBUG -    API Key: sk-gsaohhwdtofontqfo...rolhikfqmy
2025-11-21 16:43:51 - ai_model - DEBUG - ✅ AI模型初始化完成
2025-11-21 16:43:51 - ai_model - DEBUG -    模型: deepseek-ai/DeepSeek-V3
2025-11-21 16:43:51 - ai_model - DEBUG -    Base URL: https://api.siliconflow.cn/v1
2025-11-21 16:43:51 - ai_model - DEBUG -    API Key: sk-gsaohhwdtofontqfo...rolhikfqmy
2025-11-21 16:47:19 - ai_model - DEBUG - ✅ AI模型初始化完成
2025-11-21 16:47:19 - ai_model - DEBUG -    模型: deepseek-ai/DeepSeek-V3
2025-11-21 16:47:19 - ai_model - DEBUG -    Base URL: https://api.siliconflow.cn/v1
2025-11-21 16:47:19 - ai_model - DEBUG -    API Key: sk-gsaohhwdtofontqfo...rolhikfqmy
2025-11-21 16:47:24 - ai_model - DEBUG - ✅ AI模型初始化完成
2025-11-21 16:47:24 - ai_model - DEBUG -    模型: deepseek-ai/DeepSeek-V3
2025-11-21 16:47:24 - ai_model - DEBUG -    Base URL: https://api.siliconflow.cn/v1
2025-11-21 16:47:24 - ai_model - DEBUG -    API Key: sk-gsaohhwdtofontqfo...rolhikfqmy
2025-11-21 16:47:30 - ai_model - DEBUG - ✅ AI模型初始化完成
2025-11-21 16:47:30 - ai_model - DEBUG -    模型: deepseek-ai/DeepSeek-V3
2025-11-21 16:47:30 - ai_model - DEBUG -    Base URL: https://api.siliconflow.cn/v1
2025-11-21 16:47:30 - ai_model - DEBUG -    API Key: sk-gsaohhwdtofontqfo...rolhikfqmy
2025-11-21 16:47:30 - ai_model - DEBUG - ✅ AI模型初始化完成
2025-11-21 16:47:30 - ai_model - DEBUG -    模型: deepseek-ai/DeepSeek-V3
2025-11-21 16:47:30 - ai_model - DEBUG -    Base URL: https://api.siliconflow.cn/v1
2025-11-21 16:47:30 - ai_model - DEBUG -    API Key: sk-gsaohhwdtofontqfo...rolhikfqmy
2025-11-21 16:54:00 - ai_model - DEBUG - ✅ AI模型初始化完成
2025-11-21 16:54:00 - ai_model - DEBUG -    模型: deepseek-ai/DeepSeek-V3
2025-11-21 16:54:00 - ai_model - DEBUG -    Base URL: https://api.siliconflow.cn/v1
2025-11-21 16:54:00 - ai_model - DEBUG -    API Key: sk-gsaohhwdtofontqfo...rolhikfqmy
2025-11-21 16:54:03 - ai_model - DEBUG - ✅ AI模型初始化完成
2025-11-21 16:54:03 - ai_model - DEBUG -    模型: deepseek-ai/DeepSeek-V3
2025-11-21 16:54:03 - ai_model - DEBUG -    Base URL: https://api.siliconflow.cn/v1
2025-11-21 16:54:03 - ai_model - DEBUG -    API Key: sk-gsaohhwdtofontqfo...rolhikfqmy
2025-11-21 16:54:07 - ai_model - DEBUG - ✅ AI模型初始化完成
2025-11-21 16:54:07 - ai_model - DEBUG -    模型: deepseek-ai/DeepSeek-V3
2025-11-21 16:54:07 - ai_model - DEBUG -    Base URL: https://api.siliconflow.cn/v1
2025-11-21 16:54:07 - ai_model - DEBUG -    API Key: sk-gsaohhwdtofontqfo...rolhikfqmy
2025-11-21 16:55:05 - ai_model - DEBUG - ✅ AI模型初始化完成
2025-11-21 16:55:05 - ai_model - DEBUG -    模型: deepseek-ai/DeepSeek-V3
2025-11-21 16:55:05 - ai_model - DEBUG -    Base URL: https://api.siliconflow.cn/v1
2025-11-21 16:55:05 - ai_model - DEBUG -    API Key: sk-gsaohhwdtofontqfo...rolhikfqmy
2025-11-21 16:55:09 - ai_model - DEBUG - ✅ AI模型初始化完成
2025-11-21 16:55:09 - ai_model - DEBUG -    模型: deepseek-ai/DeepSeek-V3
2025-11-21 16:55:09 - ai_model - DEBUG -    Base URL: https://api.siliconflow.cn/v1
2025-11-21 16:55:09 - ai_model - DEBUG -    API Key: sk-gsaohhwdtofontqfo...rolhikfqmy
2025-11-21 16:55:13 - ai_model - DEBUG - ✅ AI模型初始化完成
2025-11-21 16:55:13 - ai_model - DEBUG -    模型: deepseek-ai/DeepSeek-V3
2025-11-21 16:55:13 - ai_model - DEBUG -    Base URL: https://api.siliconflow.cn/v1
2025-11-21 16:55:13 - ai_model - DEBUG -    API Key: sk-gsaohhwdtofontqfo...rolhikfqmy
2025-11-21 16:55:14 - ai_model - DEBUG - ✅ AI模型初始化完成
2025-11-21 16:55:14 - ai_model - DEBUG -    模型: deepseek-ai/DeepSeek-V3
2025-11-21 16:55:14 - ai_model - DEBUG -    Base URL: https://api.siliconflow.cn/v1
2025-11-21 16:55:14 - ai_model - DEBUG -    API Key: sk-gsaohhwdtofontqfo...rolhikfqmy
2025-11-21 16:55:54 - ai_model - DEBUG - ✅ AI模型初始化完成
2025-11-21 16:55:54 - ai_model - DEBUG -    模型: deepseek-ai/DeepSeek-V3
2025-11-21 16:55:54 - ai_model - DEBUG -    Base URL: https://api.siliconflow.cn/v1
2025-11-21 16:55:54 - ai_model - DEBUG -    API Key: sk-gsaohhwdtofontqfo...rolhikfqmy
2025-11-21 16:55:57 - ai_model - DEBUG - ✅ AI模型初始化完成
2025-11-21 16:55:57 - ai_model - DEBUG -    模型: deepseek-ai/DeepSeek-V3
2025-11-21 16:55:57 - ai_model - DEBUG -    Base URL: https://api.siliconflow.cn/v1
2025-11-21 16:55:57 - ai_model - DEBUG -    API Key: sk-gsaohhwdtofontqfo...rolhikfqmy
2025-11-21 16:56:03 - ai_model - DEBUG - ✅ AI模型初始化完成
2025-11-21 16:56:03 - ai_model - DEBUG -    模型: deepseek-ai/DeepSeek-V3
2025-11-21 16:56:03 - ai_model - DEBUG -    Base URL: https://api.siliconflow.cn/v1
2025-11-21 16:56:03 - ai_model - DEBUG -    API Key: sk-gsaohhwdtofontqfo...rolhikfqmy
2025-11-21 16:56:04 - ai_model - DEBUG - ✅ AI模型初始化完成
2025-11-21 16:56:04 - ai_model - DEBUG -    模型: deepseek-ai/DeepSeek-V3
2025-11-21 16:56:04 - ai_model - DEBUG -    Base URL: https://api.siliconflow.cn/v1
2025-11-21 16:56:04 - ai_model - DEBUG -    API Key: sk-gsaohhwdtofontqfo...rolhikfqmy
2025-11-21 16:58:42 - ai_model - DEBUG - ✅ AI模型初始化完成
2025-11-21 16:58:42 - ai_model - DEBUG -    模型: deepseek-ai/DeepSeek-V3
2025-11-21 16:58:42 - ai_model - DEBUG -    Base URL: https://api.siliconflow.cn/v1
2025-11-21 16:58:42 - ai_model - DEBUG -    API Key: sk-gsaohhwdtofontqfo...rolhikfqmy
2025-11-21 16:58:45 - ai_model - DEBUG - ✅ AI模型初始化完成
2025-11-21 16:58:45 - ai_model - DEBUG -    模型: deepseek-ai/DeepSeek-V3
2025-11-21 16:58:45 - ai_model - DEBUG -    Base URL: https://api.siliconflow.cn/v1
2025-11-21 16:58:45 - ai_model - DEBUG -    API Key: sk-gsaohhwdtofontqfo...rolhikfqmy
2025-11-21 16:58:48 - ai_model - DEBUG - ✅ AI模型初始化完成
2025-11-21 16:58:48 - ai_model - DEBUG -    模型: deepseek-ai/DeepSeek-V3
2025-11-21 16:58:49 - ai_model - DEBUG -    Base URL: https://api.siliconflow.cn/v1
2025-11-21 16:58:49 - ai_model - DEBUG -    API Key: sk-gsaohhwdtofontqfo...rolhikfqmy
2025-11-21 16:59:31 - ai_model - DEBUG - ✅ AI模型初始化完成
2025-11-21 16:59:31 - ai_model - DEBUG -    模型: deepseek-ai/DeepSeek-V3
2025-11-21 16:59:31 - ai_model - DEBUG -    Base URL: https://api.siliconflow.cn/v1
2025-11-21 16:59:31 - ai_model - DEBUG -    API Key: sk-gsaohhwdtofontqfo...rolhikfqmy
2025-11-21 16:59:34 - ai_model - DEBUG - ✅ AI模型初始化完成
2025-11-21 16:59:34 - ai_model - DEBUG -    模型: deepseek-ai/DeepSeek-V3
2025-11-21 16:59:34 - ai_model - DEBUG -    Base URL: https://api.siliconflow.cn/v1
2025-11-21 16:59:34 - ai_model - DEBUG -    API Key: sk-gsaohhwdtofontqfo...rolhikfqmy
2025-11-21 16:59:38 - ai_model - DEBUG - ✅ AI模型初始化完成
2025-11-21 16:59:38 - ai_model - DEBUG -    模型: deepseek-ai/DeepSeek-V3
2025-11-21 16:59:38 - ai_model - DEBUG -    Base URL: https://api.siliconflow.cn/v1
2025-11-21 16:59:38 - ai_model - DEBUG -    API Key: sk-gsaohhwdtofontqfo...rolhikfqmy
2025-11-21 16:59:38 - ai_model - DEBUG - ✅ AI模型初始化完成
2025-11-21 16:59:38 - ai_model - DEBUG -    模型: deepseek-ai/DeepSeek-V3
2025-11-21 16:59:38 - ai_model - DEBUG -    Base URL: https://api.siliconflow.cn/v1
2025-11-21 16:59:38 - ai_model - DEBUG -    API Key: sk-gsaohhwdtofontqfo...rolhikfqmy
2025-11-21 17:00:05 - ai_model - DEBUG - ✅ AI模型初始化完成
2025-11-21 17:00:05 - ai_model - DEBUG -    模型: deepseek-ai/DeepSeek-V3
2025-11-21 17:00:05 - ai_model - DEBUG -    Base URL: https://api.siliconflow.cn/v1
2025-11-21 17:00:05 - ai_model - DEBUG -    API Key: sk-gsaohhwdtofontqfo...rolhikfqmy
2025-11-21 17:00:07 - ai_model - DEBUG - ✅ AI模型初始化完成
2025-11-21 17:00:07 - ai_model - DEBUG -    模型: deepseek-ai/DeepSeek-V3
2025-11-21 17:00:07 - ai_model - DEBUG -    Base URL: https://api.siliconflow.cn/v1
2025-11-21 17:00:07 - ai_model - DEBUG -    API Key: sk-gsaohhwdtofontqfo...rolhikfqmy
2025-11-21 17:00:12 - ai_model - DEBUG - ✅ AI模型初始化完成
2025-11-21 17:00:12 - ai_model - DEBUG -    模型: deepseek-ai/DeepSeek-V3
2025-11-21 17:00:12 - ai_model - DEBUG -    Base URL: https://api.siliconflow.cn/v1
2025-11-21 17:00:12 - ai_model - DEBUG -    API Key: sk-gsaohhwdtofontqfo...rolhikfqmy
2025-11-21 17:00:12 - ai_model - DEBUG - ✅ AI模型初始化完成
2025-11-21 17:00:12 - ai_model - DEBUG -    模型: deepseek-ai/DeepSeek-V3
2025-11-21 17:00:12 - ai_model - DEBUG -    Base URL: https://api.siliconflow.cn/v1
2025-11-21 17:00:12 - ai_model - DEBUG -    API Key: sk-gsaohhwdtofontqfo...rolhikfqmy
2025-11-21 17:00:30 - ai_model - DEBUG - ✅ AI模型初始化完成
2025-11-21 17:00:30 - ai_model - DEBUG -    模型: deepseek-ai/DeepSeek-V3
2025-11-21 17:00:30 - ai_model - DEBUG -    Base URL: https://api.siliconflow.cn/v1
2025-11-21 17:00:30 - ai_model - DEBUG -    API Key: sk-gsaohhwdtofontqfo...rolhikfqmy
2025-11-21 17:00:33 - ai_model - DEBUG - ✅ AI模型初始化完成
2025-11-21 17:00:33 - ai_model - DEBUG -    模型: deepseek-ai/DeepSeek-V3
2025-11-21 17:00:33 - ai_model - DEBUG -    Base URL: https://api.siliconflow.cn/v1
2025-11-21 17:00:33 - ai_model - DEBUG -    API Key: sk-gsaohhwdtofontqfo...rolhikfqmy
2025-11-21 17:00:40 - ai_model - DEBUG - ✅ AI模型初始化完成
2025-11-21 17:00:40 - ai_model - DEBUG -    模型: deepseek-ai/DeepSeek-V3
2025-11-21 17:00:40 - ai_model - DEBUG -    Base URL: https://api.siliconflow.cn/v1
2025-11-21 17:00:40 - ai_model - DEBUG -    API Key: sk-gsaohhwdtofontqfo...rolhikfqmy
2025-11-21 17:00:41 - ai_model - DEBUG - ✅ AI模型初始化完成
2025-11-21 17:00:41 - ai_model - DEBUG -    模型: deepseek-ai/DeepSeek-V3
2025-11-21 17:00:41 - ai_model - DEBUG -    Base URL: https://api.siliconflow.cn/v1
2025-11-21 17:00:41 - ai_model - DEBUG -    API Key: sk-gsaohhwdtofontqfo...rolhikfqmy
2025-11-21 17:07:02 - ai_model - DEBUG - ✅ AI模型初始化完成
2025-11-21 17:07:02 - ai_model - DEBUG -    模型: deepseek-ai/DeepSeek-V3
2025-11-21 17:07:02 - ai_model - DEBUG -    Base URL: https://api.siliconflow.cn/v1
2025-11-21 17:07:02 - ai_model - DEBUG -    API Key: sk-gsaohhwdtofontqfo...rolhikfqmy
2025-11-21 17:07:07 - ai_model - DEBUG - ✅ AI模型初始化完成
2025-11-21 17:07:07 - ai_model - DEBUG -    模型: deepseek-ai/DeepSeek-V3
2025-11-21 17:07:07 - ai_model - DEBUG -    Base URL: https://api.siliconflow.cn/v1
2025-11-21 17:07:07 - ai_model - DEBUG -    API Key: sk-gsaohhwdtofontqfo...rolhikfqmy
2025-11-21 17:07:15 - ai_model - DEBUG - ✅ AI模型初始化完成
2025-11-21 17:07:15 - ai_model - DEBUG -    模型: deepseek-ai/DeepSeek-V3
2025-11-21 17:07:15 - ai_model - DEBUG -    Base URL: https://api.siliconflow.cn/v1
2025-11-21 17:07:15 - ai_model - DEBUG -    API Key: sk-gsaohhwdtofontqfo...rolhikfqmy
2025-11-21 17:07:15 - ai_model - DEBUG - ✅ AI模型初始化完成
2025-11-21 17:07:15 - ai_model - DEBUG -    模型: deepseek-ai/DeepSeek-V3
2025-11-21 17:07:15 - ai_model - DEBUG -    Base URL: https://api.siliconflow.cn/v1
2025-11-21 17:07:15 - ai_model - DEBUG -    API Key: sk-gsaohhwdtofontqfo...rolhikfqmy
2025-11-21 17:12:36 - ai_model - DEBUG - ✅ AI模型初始化完成
2025-11-21 17:12:36 - ai_model - DEBUG -    模型: deepseek-ai/DeepSeek-V3
2025-11-21 17:12:36 - ai_model - DEBUG -    Base URL: https://api.siliconflow.cn/v1
2025-11-21 17:12:36 - ai_model - DEBUG -    API Key: sk-gsaohhwdtofontqfo...rolhikfqmy
2025-11-21 17:12:39 - ai_model - DEBUG - ✅ AI模型初始化完成
2025-11-21 17:12:39 - ai_model - DEBUG -    模型: deepseek-ai/DeepSeek-V3
2025-11-21 17:12:39 - ai_model - DEBUG -    Base URL: https://api.siliconflow.cn/v1
2025-11-21 17:12:39 - ai_model - DEBUG -    API Key: sk-gsaohhwdtofontqfo...rolhikfqmy
2025-11-21 17:12:43 - ai_model - DEBUG - ✅ AI模型初始化完成
2025-11-21 17:12:43 - ai_model - DEBUG -    模型: deepseek-ai/DeepSeek-V3
2025-11-21 17:12:43 - ai_model - DEBUG -    Base URL: https://api.siliconflow.cn/v1
2025-11-21 17:12:43 - ai_model - DEBUG -    API Key: sk-gsaohhwdtofontqfo...rolhikfqmy
2025-11-21 17:12:44 - ai_model - DEBUG - ✅ AI模型初始化完成
2025-11-21 17:12:44 - ai_model - DEBUG -    模型: deepseek-ai/DeepSeek-V3
2025-11-21 17:12:44 - ai_model - DEBUG -    Base URL: https://api.siliconflow.cn/v1
2025-11-21 17:12:44 - ai_model - DEBUG -    API Key: sk-gsaohhwdtofontqfo...rolhikfqmy
2025-11-21 17:13:07 - ai_model - DEBUG - ✅ AI模型初始化完成
2025-11-21 17:13:07 - ai_model - DEBUG -    模型: deepseek-ai/DeepSeek-V3
2025-11-21 17:13:07 - ai_model - DEBUG -    Base URL: https://api.siliconflow.cn/v1
2025-11-21 17:13:07 - ai_model - DEBUG -    API Key: sk-gsaohhwdtofontqfo...rolhikfqmy
2025-11-21 17:13:11 - ai_model - DEBUG - ✅ AI模型初始化完成
2025-11-21 17:13:11 - ai_model - DEBUG -    模型: deepseek-ai/DeepSeek-V3
2025-11-21 17:13:11 - ai_model - DEBUG -    Base URL: https://api.siliconflow.cn/v1
2025-11-21 17:13:11 - ai_model - DEBUG -    API Key: sk-gsaohhwdtofontqfo...rolhikfqmy
2025-11-21 17:13:18 - ai_model - DEBUG - ✅ AI模型初始化完成
2025-11-21 17:13:18 - ai_model - DEBUG -    模型: deepseek-ai/DeepSeek-V3
2025-11-21 17:13:18 - ai_model - DEBUG -    Base URL: https://api.siliconflow.cn/v1
2025-11-21 17:13:18 - ai_model - DEBUG -    API Key: sk-gsaohhwdtofontqfo...rolhikfqmy
2025-11-21 17:13:18 - ai_model - DEBUG - ✅ AI模型初始化完成
2025-11-21 17:13:18 - ai_model - DEBUG -    模型: deepseek-ai/DeepSeek-V3
2025-11-21 17:13:18 - ai_model - DEBUG -    Base URL: https://api.siliconflow.cn/v1
2025-11-21 17:13:18 - ai_model - DEBUG -    API Key: sk-gsaohhwdtofontqfo...rolhikfqmy
2025-11-21 18:12:17 - ai_model - DEBUG - ✅ AI模型初始化完成
2025-11-21 18:12:17 - ai_model - DEBUG -    模型: deepseek-ai/DeepSeek-V3
2025-11-21 18:12:17 - ai_model - DEBUG -    Base URL: https://api.siliconflow.cn/v1
2025-11-21 18:12:17 - ai_model - DEBUG -    API Key: sk-gsaohhwdtofontqfo...rolhikfqmy
2025-11-21 18:12:19 - ai_model - DEBUG - ✅ AI模型初始化完成
2025-11-21 18:12:19 - ai_model - DEBUG -    模型: deepseek-ai/DeepSeek-V3
2025-11-21 18:12:19 - ai_model - DEBUG -    Base URL: https://api.siliconflow.cn/v1
2025-11-21 18:12:19 - ai_model - DEBUG -    API Key: sk-gsaohhwdtofontqfo...rolhikfqmy
2025-11-21 18:12:22 - ai_model - DEBUG - ✅ AI模型初始化完成
2025-11-21 18:12:22 - ai_model - DEBUG -    模型: deepseek-ai/DeepSeek-V3
2025-11-21 18:12:22 - ai_model - DEBUG -    Base URL: https://api.siliconflow.cn/v1
2025-11-21 18:12:22 - ai_model - DEBUG -    API Key: sk-gsaohhwdtofontqfo...rolhikfqmy
2025-11-21 18:12:22 - ai_model - DEBUG - ✅ AI模型初始化完成
2025-11-21 18:12:22 - ai_model - DEBUG -    模型: deepseek-ai/DeepSeek-V3
2025-11-21 18:12:22 - ai_model - DEBUG -    Base URL: https://api.siliconflow.cn/v1
2025-11-21 18:12:22 - ai_model - DEBUG -    API Key: sk-gsaohhwdtofontqfo...rolhikfqmy
2025-11-21 18:12:35 - ai_model - DEBUG - ✅ AI模型初始化完成
2025-11-21 18:12:35 - ai_model - DEBUG -    模型: deepseek-ai/DeepSeek-V3
2025-11-21 18:12:35 - ai_model - DEBUG -    Base URL: https://api.siliconflow.cn/v1
2025-11-21 18:12:35 - ai_model - DEBUG -    API Key: sk-gsaohhwdtofontqfo...rolhikfqmy
2025-11-21 18:12:37 - ai_model - DEBUG - ✅ AI模型初始化完成
2025-11-21 18:12:37 - ai_model - DEBUG -    模型: deepseek-ai/DeepSeek-V3
2025-11-21 18:12:37 - ai_model - DEBUG -    Base URL: https://api.siliconflow.cn/v1
2025-11-21 18:12:37 - ai_model - DEBUG -    API Key: sk-gsaohhwdtofontqfo...rolhikfqmy
2025-11-21 18:12:41 - ai_model - DEBUG - ✅ AI模型初始化完成
2025-11-21 18:12:41 - ai_model - DEBUG -    模型: deepseek-ai/DeepSeek-V3
2025-11-21 18:12:41 - ai_model - DEBUG -    Base URL: https://api.siliconflow.cn/v1
2025-11-21 18:12:41 - ai_model - DEBUG -    API Key: sk-gsaohhwdtofontqfo...rolhikfqmy
2025-11-21 18:12:41 - ai_model - DEBUG - ✅ AI模型初始化完成
2025-11-21 18:12:41 - ai_model - DEBUG -    模型: deepseek-ai/DeepSeek-V3
2025-11-21 18:12:41 - ai_model - DEBUG -    Base URL: https://api.siliconflow.cn/v1
2025-11-21 18:12:41 - ai_model - DEBUG -    API Key: sk-gsaohhwdtofontqfo...rolhikfqmy
2025-11-21 18:15:57 - ai_model - DEBUG - ✅ AI模型初始化完成
2025-11-21 18:15:57 - ai_model - DEBUG -    模型: deepseek-ai/DeepSeek-V3
2025-11-21 18:15:57 - ai_model - DEBUG -    Base URL: https://api.siliconflow.cn/v1
2025-11-21 18:15:57 - ai_model - DEBUG -    API Key: sk-gsaohhwdtofontqfo...rolhikfqmy
2025-11-21 18:15:59 - ai_model - DEBUG - ✅ AI模型初始化完成
2025-11-21 18:15:59 - ai_model - DEBUG -    模型: deepseek-ai/DeepSeek-V3
2025-11-21 18:15:59 - ai_model - DEBUG -    Base URL: https://api.siliconflow.cn/v1
2025-11-21 18:15:59 - ai_model - DEBUG -    API Key: sk-gsaohhwdtofontqfo...rolhikfqmy
2025-11-21 18:16:02 - ai_model - DEBUG - ✅ AI模型初始化完成
2025-11-21 18:16:02 - ai_model - DEBUG -    模型: deepseek-ai/DeepSeek-V3
2025-11-21 18:16:02 - ai_model - DEBUG -    Base URL: https://api.siliconflow.cn/v1
2025-11-21 18:16:02 - ai_model - DEBUG -    API Key: sk-gsaohhwdtofontqfo...rolhikfqmy
2025-11-21 18:16:02 - ai_model - DEBUG - ✅ AI模型初始化完成
2025-11-21 18:16:02 - ai_model - DEBUG -    模型: deepseek-ai/DeepSeek-V3
2025-11-21 18:16:02 - ai_model - DEBUG -    Base URL: https://api.siliconflow.cn/v1
2025-11-21 18:16:02 - ai_model - DEBUG -    API Key: sk-gsaohhwdtofontqfo...rolhikfqmy
2025-11-21 18:17:06 - ai_model - DEBUG - ✅ AI模型初始化完成
2025-11-21 18:17:06 - ai_model - DEBUG -    模型: deepseek-ai/DeepSeek-V3
2025-11-21 18:17:06 - ai_model - DEBUG -    Base URL: https://api.siliconflow.cn/v1
2025-11-21 18:17:06 - ai_model - DEBUG -    API Key: sk-gsaohhwdtofontqfo...rolhikfqmy
2025-11-21 18:17:08 - ai_model - DEBUG - ✅ AI模型初始化完成
2025-11-21 18:17:08 - ai_model - DEBUG -    模型: deepseek-ai/DeepSeek-V3
2025-11-21 18:17:08 - ai_model - DEBUG -    Base URL: https://api.siliconflow.cn/v1
2025-11-21 18:17:08 - ai_model - DEBUG -    API Key: sk-gsaohhwdtofontqfo...rolhikfqmy
2025-11-21 18:17:11 - ai_model - DEBUG - ✅ AI模型初始化完成
2025-11-21 18:17:11 - ai_model - DEBUG -    模型: deepseek-ai/DeepSeek-V3
2025-11-21 18:17:11 - ai_model - DEBUG -    Base URL: https://api.siliconflow.cn/v1
2025-11-21 18:17:11 - ai_model - DEBUG -    API Key: sk-gsaohhwdtofontqfo...rolhikfqmy
2025-11-21 18:17:11 - ai_model - DEBUG - ✅ AI模型初始化完成
2025-11-21 18:17:11 - ai_model - DEBUG -    模型: deepseek-ai/DeepSeek-V3
2025-11-21 18:17:11 - ai_model - DEBUG -    Base URL: https://api.siliconflow.cn/v1
2025-11-21 18:17:11 - ai_model - DEBUG -    API Key: sk-gsaohhwdtofontqfo...rolhikfqmy
2025-11-21 18:44:11 - ai_model - DEBUG - ✅ AI模型初始化完成
2025-11-21 18:44:11 - ai_model - DEBUG -    模型: deepseek-ai/DeepSeek-V3
2025-11-21 18:44:11 - ai_model - DEBUG -    Base URL: https://api.siliconflow.cn/v1
2025-11-21 18:44:11 - ai_model - DEBUG -    API Key: sk-gsaohhwdtofontqfo...rolhikfqmy
2025-11-21 18:44:13 - ai_model - DEBUG - ✅ AI模型初始化完成
2025-11-21 18:44:13 - ai_model - DEBUG -    模型: deepseek-ai/DeepSeek-V3
2025-11-21 18:44:13 - ai_model - DEBUG -    Base URL: https://api.siliconflow.cn/v1
2025-11-21 18:44:13 - ai_model - DEBUG -    API Key: sk-gsaohhwdtofontqfo...rolhikfqmy
2025-11-21 18:44:16 - ai_model - DEBUG - ✅ AI模型初始化完成
2025-11-21 18:44:16 - ai_model - DEBUG -    模型: deepseek-ai/DeepSeek-V3
2025-11-21 18:44:16 - ai_model - DEBUG -    Base URL: https://api.siliconflow.cn/v1
2025-11-21 18:44:16 - ai_model - DEBUG -    API Key: sk-gsaohhwdtofontqfo...rolhikfqmy
2025-11-21 18:44:20 - ai_model - DEBUG - ✅ AI模型初始化完成
2025-11-21 18:44:20 - ai_model - DEBUG -    模型: deepseek-ai/DeepSeek-V3
2025-11-21 18:44:20 - ai_model - DEBUG -    Base URL: https://api.siliconflow.cn/v1
2025-11-21 18:44:20 - ai_model - DEBUG -    API Key: sk-gsaohhwdtofontqfo...rolhikfqmy
2025-11-21 18:44:45 - ai_model - DEBUG - ✅ AI模型初始化完成
2025-11-21 18:44:45 - ai_model - DEBUG -    模型: deepseek-ai/DeepSeek-V3
2025-11-21 18:44:45 - ai_model - DEBUG -    Base URL: https://api.siliconflow.cn/v1
2025-11-21 18:44:45 - ai_model - DEBUG -    API Key: sk-gsaohhwdtofontqfo...rolhikfqmy
2025-11-21 18:44:47 - ai_model - DEBUG - ✅ AI模型初始化完成
2025-11-21 18:44:47 - ai_model - DEBUG -    模型: deepseek-ai/DeepSeek-V3
2025-11-21 18:44:47 - ai_model - DEBUG -    Base URL: https://api.siliconflow.cn/v1
2025-11-21 18:44:47 - ai_model - DEBUG -    API Key: sk-gsaohhwdtofontqfo...rolhikfqmy
2025-11-21 18:44:49 - ai_model - DEBUG - ✅ AI模型初始化完成
2025-11-21 18:44:49 - ai_model - DEBUG -    模型: deepseek-ai/DeepSeek-V3
2025-11-21 18:44:49 - ai_model - DEBUG -    Base URL: https://api.siliconflow.cn/v1
2025-11-21 18:44:49 - ai_model - DEBUG -    API Key: sk-gsaohhwdtofontqfo...rolhikfqmy
2025-11-21 18:44:52 - ai_model - DEBUG - ✅ AI模型初始化完成
2025-11-21 18:44:52 - ai_model - DEBUG -    模型: deepseek-ai/DeepSeek-V3
2025-11-21 18:44:52 - ai_model - DEBUG -    Base URL: https://api.siliconflow.cn/v1
2025-11-21 18:44:52 - ai_model - DEBUG -    API Key: sk-gsaohhwdtofontqfo...rolhikfqmy
2025-11-21 18:45:05 - ai_model - DEBUG - ✅ AI模型初始化完成
2025-11-21 18:45:05 - ai_model - DEBUG -    模型: deepseek-ai/DeepSeek-V3
2025-11-21 18:45:05 - ai_model - DEBUG -    Base URL: https://api.siliconflow.cn/v1
2025-11-21 18:45:05 - ai_model - DEBUG -    API Key: sk-gsaohhwdtofontqfo...rolhikfqmy
2025-11-21 18:45:08 - ai_model - DEBUG - ✅ AI模型初始化完成
2025-11-21 18:45:08 - ai_model - DEBUG -    模型: deepseek-ai/DeepSeek-V3
2025-11-21 18:45:08 - ai_model - DEBUG -    Base URL: https://api.siliconflow.cn/v1
2025-11-21 18:45:08 - ai_model - DEBUG -    API Key: sk-gsaohhwdtofontqfo...rolhikfqmy
2025-11-21 18:45:12 - ai_model - DEBUG - ✅ AI模型初始化完成
2025-11-21 18:45:12 - ai_model - DEBUG -    模型: deepseek-ai/DeepSeek-V3
2025-11-21 18:45:12 - ai_model - DEBUG -    Base URL: https://api.siliconflow.cn/v1
2025-11-21 18:45:12 - ai_model - DEBUG -    API Key: sk-gsaohhwdtofontqfo...rolhikfqmy
2025-11-21 18:45:41 - ai_model - DEBUG - ✅ AI模型初始化完成
2025-11-21 18:45:41 - ai_model - DEBUG -    模型: deepseek-ai/DeepSeek-V3
2025-11-21 18:45:41 - ai_model - DEBUG -    Base URL: https://api.siliconflow.cn/v1
2025-11-21 18:45:41 - ai_model - DEBUG -    API Key: sk-gsaohhwdtofontqfo...rolhikfqmy
2025-11-21 18:45:45 - ai_model - DEBUG - ✅ AI模型初始化完成
2025-11-21 18:45:45 - ai_model - DEBUG -    模型: deepseek-ai/DeepSeek-V3
2025-11-21 18:45:45 - ai_model - DEBUG -    Base URL: https://api.siliconflow.cn/v1
2025-11-21 18:45:45 - ai_model - DEBUG -    API Key: sk-gsaohhwdtofontqfo...rolhikfqmy
2025-11-21 18:45:46 - ai_model - DEBUG - ✅ AI模型初始化完成
2025-11-21 18:45:46 - ai_model - DEBUG -    模型: deepseek-ai/DeepSeek-V3
2025-11-21 18:45:46 - ai_model - DEBUG -    Base URL: https://api.siliconflow.cn/v1
2025-11-21 18:45:46 - ai_model - DEBUG -    API Key: sk-gsaohhwdtofontqfo...rolhikfqmy
2025-11-21 18:48:36 - ai_model - DEBUG - ✅ AI模型初始化完成
2025-11-21 18:48:36 - ai_model - DEBUG -    模型: deepseek-ai/DeepSeek-V3
2025-11-21 18:48:36 - ai_model - DEBUG -    Base URL: https://api.siliconflow.cn/v1
2025-11-21 18:48:36 - ai_model - DEBUG -    API Key: sk-gsaohhwdtofontqfo...rolhikfqmy
2025-11-21 18:48:38 - ai_model - DEBUG - ✅ AI模型初始化完成
2025-11-21 18:48:38 - ai_model - DEBUG -    模型: deepseek-ai/DeepSeek-V3
2025-11-21 18:48:38 - ai_model - DEBUG -    Base URL: https://api.siliconflow.cn/v1
2025-11-21 18:48:38 - ai_model - DEBUG -    API Key: sk-gsaohhwdtofontqfo...rolhikfqmy
2025-11-21 18:48:39 - ai_model - DEBUG - ✅ AI模型初始化完成
2025-11-21 18:48:39 - ai_model - DEBUG -    模型: deepseek-ai/DeepSeek-V3
2025-11-21 18:48:39 - ai_model - DEBUG -    Base URL: https://api.siliconflow.cn/v1
2025-11-21 18:48:39 - ai_model - DEBUG -    API Key: sk-gsaohhwdtofontqfo...rolhikfqmy
2025-11-21 18:48:42 - ai_model - DEBUG - ✅ AI模型初始化完成
2025-11-21 18:48:42 - ai_model - DEBUG -    模型: deepseek-ai/DeepSeek-V3
2025-11-21 18:48:42 - ai_model - DEBUG -    Base URL: https://api.siliconflow.cn/v1
2025-11-21 18:48:42 - ai_model - DEBUG -    API Key: sk-gsaohhwdtofontqfo...rolhikfqmy
2025-11-21 18:48:43 - ai_model - DEBUG - ✅ AI模型初始化完成
2025-11-21 18:48:43 - ai_model - DEBUG -    模型: deepseek-ai/DeepSeek-V3
2025-11-21 18:48:43 - ai_model - DEBUG -    Base URL: https://api.siliconflow.cn/v1
2025-11-21 18:48:43 - ai_model - DEBUG -    API Key: sk-gsaohhwdtofontqfo...rolhikfqmy
2025-11-21 18:49:34 - ai_model - DEBUG - ✅ AI模型初始化完成
2025-11-21 18:49:34 - ai_model - DEBUG -    模型: deepseek-ai/DeepSeek-V3
2025-11-21 18:49:34 - ai_model - DEBUG -    Base URL: https://api.siliconflow.cn/v1
2025-11-21 18:49:34 - ai_model - DEBUG -    API Key: sk-gsaohhwdtofontqfo...rolhikfqmy
2025-11-21 18:49:36 - ai_model - DEBUG - ✅ AI模型初始化完成
2025-11-21 18:49:36 - ai_model - DEBUG -    模型: deepseek-ai/DeepSeek-V3
2025-11-21 18:49:36 - ai_model - DEBUG -    Base URL: https://api.siliconflow.cn/v1
2025-11-21 18:49:36 - ai_model - DEBUG -    API Key: sk-gsaohhwdtofontqfo...rolhikfqmy
2025-11-21 18:49:40 - ai_model - DEBUG - ✅ AI模型初始化完成
2025-11-21 18:49:40 - ai_model - DEBUG -    模型: deepseek-ai/DeepSeek-V3
2025-11-21 18:49:40 - ai_model - DEBUG -    Base URL: https://api.siliconflow.cn/v1
2025-11-21 18:49:40 - ai_model - DEBUG -    API Key: sk-gsaohhwdtofontqfo...rolhikfqmy
2025-11-21 18:49:41 - ai_model - DEBUG - ✅ AI模型初始化完成
2025-11-21 18:49:41 - ai_model - DEBUG -    模型: deepseek-ai/DeepSeek-V3
2025-11-21 18:49:41 - ai_model - DEBUG -    Base URL: https://api.siliconflow.cn/v1
2025-11-21 18:49:41 - ai_model - DEBUG -    API Key: sk-gsaohhwdtofontqfo...rolhikfqmy
2025-11-21 18:55:31 - ai_model - DEBUG - ✅ AI模型初始化完成
2025-11-21 18:55:31 - ai_model - DEBUG -    模型: deepseek-ai/DeepSeek-V3
2025-11-21 18:55:31 - ai_model - DEBUG -    Base URL: https://api.siliconflow.cn/v1
2025-11-21 18:55:31 - ai_model - DEBUG -    API Key: sk-gsaohhwdtofontqfo...rolhikfqmy
2025-11-21 18:55:34 - ai_model - DEBUG - ✅ AI模型初始化完成
2025-11-21 18:55:34 - ai_model - DEBUG -    模型: deepseek-ai/DeepSeek-V3
2025-11-21 18:55:34 - ai_model - DEBUG -    Base URL: https://api.siliconflow.cn/v1
2025-11-21 18:55:34 - ai_model - DEBUG -    API Key: sk-gsaohhwdtofontqfo...rolhikfqmy
2025-11-21 18:55:34 - ai_model - DEBUG - ✅ AI模型初始化完成
2025-11-21 18:55:34 - ai_model - DEBUG -    模型: deepseek-ai/DeepSeek-V3
2025-11-21 18:55:34 - ai_model - DEBUG -    Base URL: https://api.siliconflow.cn/v1
2025-11-21 18:55:34 - ai_model - DEBUG -    API Key: sk-gsaohhwdtofontqfo...rolhikfqmy
2025-11-21 18:57:46 - ai_model - DEBUG - ✅ AI模型初始化完成
2025-11-21 18:57:46 - ai_model - DEBUG -    模型: deepseek-ai/DeepSeek-V3
2025-11-21 18:57:46 - ai_model - DEBUG -    Base URL: https://api.siliconflow.cn/v1
2025-11-21 18:57:46 - ai_model - DEBUG -    API Key: sk-gsaohhwdtofontqfo...rolhikfqmy
2025-11-21 18:57:49 - ai_model - DEBUG - ✅ AI模型初始化完成
2025-11-21 18:57:49 - ai_model - DEBUG -    模型: deepseek-ai/DeepSeek-V3
2025-11-21 18:57:49 - ai_model - DEBUG -    Base URL: https://api.siliconflow.cn/v1
2025-11-21 18:57:49 - ai_model - DEBUG -    API Key: sk-gsaohhwdtofontqfo...rolhikfqmy
2025-11-21 18:57:52 - ai_model - DEBUG - ✅ AI模型初始化完成
2025-11-21 18:57:52 - ai_model - DEBUG -    模型: deepseek-ai/DeepSeek-V3
2025-11-21 18:57:52 - ai_model - DEBUG -    Base URL: https://api.siliconflow.cn/v1
2025-11-21 18:57:52 - ai_model - DEBUG -    API Key: sk-gsaohhwdtofontqfo...rolhikfqmy
2025-11-21 18:57:53 - ai_model - DEBUG - ✅ AI模型初始化完成
2025-11-21 18:57:53 - ai_model - DEBUG -    模型: deepseek-ai/DeepSeek-V3
2025-11-21 18:57:53 - ai_model - DEBUG -    Base URL: https://api.siliconflow.cn/v1
2025-11-21 18:57:53 - ai_model - DEBUG -    API Key: sk-gsaohhwdtofontqfo...rolhikfqmy
2025-11-21 19:07:03 - ai_model - DEBUG - ✅ AI模型初始化完成
2025-11-21 19:07:03 - ai_model - DEBUG -    模型: deepseek-ai/DeepSeek-V3
2025-11-21 19:07:03 - ai_model - DEBUG -    Base URL: https://api.siliconflow.cn/v1
2025-11-21 19:07:03 - ai_model - DEBUG -    API Key: sk-gsaohhwdtofontqfo...rolhikfqmy
2025-11-21 19:07:05 - ai_model - DEBUG - ✅ AI模型初始化完成
2025-11-21 19:07:05 - ai_model - DEBUG -    模型: deepseek-ai/DeepSeek-V3
2025-11-21 19:07:05 - ai_model - DEBUG -    Base URL: https://api.siliconflow.cn/v1
2025-11-21 19:07:05 - ai_model - DEBUG -    API Key: sk-gsaohhwdtofontqfo...rolhikfqmy
2025-11-21 19:07:10 - ai_model - DEBUG - ✅ AI模型初始化完成
2025-11-21 19:07:10 - ai_model - DEBUG -    模型: deepseek-ai/DeepSeek-V3
2025-11-21 19:07:10 - ai_model - DEBUG -    Base URL: https://api.siliconflow.cn/v1
2025-11-21 19:07:10 - ai_model - DEBUG -    API Key: sk-gsaohhwdtofontqfo...rolhikfqmy
2025-11-21 19:07:10 - ai_model - DEBUG - ✅ AI模型初始化完成
2025-11-21 19:07:10 - ai_model - DEBUG -    模型: deepseek-ai/DeepSeek-V3
2025-11-21 19:07:10 - ai_model - DEBUG -    Base URL: https://api.siliconflow.cn/v1
2025-11-21 19:07:10 - ai_model - DEBUG -    API Key: sk-gsaohhwdtofontqfo...rolhikfqmy
2025-11-21 19:07:45 - ai_model - DEBUG - ✅ AI模型初始化完成
2025-11-21 19:07:45 - ai_model - DEBUG -    模型: deepseek-ai/DeepSeek-V3
2025-11-21 19:07:45 - ai_model - DEBUG -    Base URL: https://api.siliconflow.cn/v1
2025-11-21 19:07:45 - ai_model - DEBUG -    API Key: sk-gsaohhwdtofontqfo...rolhikfqmy
2025-11-21 19:07:49 - ai_model - DEBUG - ✅ AI模型初始化完成
2025-11-21 19:07:49 - ai_model - DEBUG -    模型: deepseek-ai/DeepSeek-V3
2025-11-21 19:07:49 - ai_model - DEBUG -    Base URL: https://api.siliconflow.cn/v1
2025-11-21 19:07:49 - ai_model - DEBUG -    API Key: sk-gsaohhwdtofontqfo...rolhikfqmy
2025-11-21 19:07:50 - ai_model - DEBUG - ✅ AI模型初始化完成
2025-11-21 19:07:50 - ai_model - DEBUG -    模型: deepseek-ai/DeepSeek-V3
2025-11-21 19:07:50 - ai_model - DEBUG -    Base URL: https://api.siliconflow.cn/v1
2025-11-21 19:07:50 - ai_model - DEBUG -    API Key: sk-gsaohhwdtofontqfo...rolhikfqmy
2025-11-21 19:11:29 - ai_model - DEBUG - ✅ AI模型初始化完成
2025-11-21 19:11:29 - ai_model - DEBUG -    模型: deepseek-ai/DeepSeek-V3
2025-11-21 19:11:29 - ai_model - DEBUG -    Base URL: https://api.siliconflow.cn/v1
2025-11-21 19:11:29 - ai_model - DEBUG -    API Key: sk-gsaohhwdtofontqfo...rolhikfqmy
2025-11-21 19:11:32 - ai_model - DEBUG - ✅ AI模型初始化完成
2025-11-21 19:11:32 - ai_model - DEBUG -    模型: deepseek-ai/DeepSeek-V3
2025-11-21 19:11:32 - ai_model - DEBUG -    Base URL: https://api.siliconflow.cn/v1
2025-11-21 19:11:32 - ai_model - DEBUG -    API Key: sk-gsaohhwdtofontqfo...rolhikfqmy
2025-11-21 19:11:32 - ai_model - DEBUG - ✅ AI模型初始化完成
2025-11-21 19:11:32 - ai_model - DEBUG -    模型: deepseek-ai/DeepSeek-V3
2025-11-21 19:11:32 - ai_model - DEBUG -    Base URL: https://api.siliconflow.cn/v1
2025-11-21 19:11:32 - ai_model - DEBUG -    API Key: sk-gsaohhwdtofontqfo...rolhikfqmy
2025-11-21 19:13:23 - ai_model - DEBUG - ✅ AI模型初始化完成
2025-11-21 19:13:23 - ai_model - DEBUG -    模型: deepseek-ai/DeepSeek-V3
2025-11-21 19:13:23 - ai_model - DEBUG -    Base URL: https://api.siliconflow.cn/v1
2025-11-21 19:13:23 - ai_model - DEBUG -    API Key: sk-gsaohhwdtofontqfo...rolhikfqmy
2025-11-21 19:13:26 - ai_model - DEBUG - ✅ AI模型初始化完成
2025-11-21 19:13:26 - ai_model - DEBUG -    模型: deepseek-ai/DeepSeek-V3
2025-11-21 19:13:26 - ai_model - DEBUG -    Base URL: https://api.siliconflow.cn/v1
2025-11-21 19:13:26 - ai_model - DEBUG -    API Key: sk-gsaohhwdtofontqfo...rolhikfqmy
2025-11-21 19:13:31 - ai_model - DEBUG - ✅ AI模型初始化完成
2025-11-21 19:13:31 - ai_model - DEBUG -    模型: deepseek-ai/DeepSeek-V3
2025-11-21 19:13:31 - ai_model - DEBUG -    Base URL: https://api.siliconflow.cn/v1
2025-11-21 19:13:31 - ai_model - DEBUG -    API Key: sk-gsaohhwdtofontqfo...rolhikfqmy
2025-11-21 19:13:31 - ai_model - DEBUG - ✅ AI模型初始化完成
2025-11-21 19:13:31 - ai_model - DEBUG -    模型: deepseek-ai/DeepSeek-V3
2025-11-21 19:13:31 - ai_model - DEBUG -    Base URL: https://api.siliconflow.cn/v1
2025-11-21 19:13:31 - ai_model - DEBUG -    API Key: sk-gsaohhwdtofontqfo...rolhikfqmy
2025-11-21 19:14:41 - ai_model - DEBUG - ✅ AI模型初始化完成
2025-11-21 19:14:41 - ai_model - DEBUG -    模型: deepseek-ai/DeepSeek-V3
2025-11-21 19:14:41 - ai_model - DEBUG -    Base URL: https://api.siliconflow.cn/v1
2025-11-21 19:14:41 - ai_model - DEBUG -    API Key: sk-gsaohhwdtofontqfo...rolhikfqmy
2025-11-21 19:14:44 - ai_model - DEBUG - ✅ AI模型初始化完成
2025-11-21 19:14:44 - ai_model - DEBUG -    模型: deepseek-ai/DeepSeek-V3
2025-11-21 19:14:44 - ai_model - DEBUG -    Base URL: https://api.siliconflow.cn/v1
2025-11-21 19:14:44 - ai_model - DEBUG -    API Key: sk-gsaohhwdtofontqfo...rolhikfqmy
2025-11-21 19:14:47 - ai_model - DEBUG - ✅ AI模型初始化完成
2025-11-21 19:14:47 - ai_model - DEBUG -    模型: deepseek-ai/DeepSeek-V3
2025-11-21 19:14:47 - ai_model - DEBUG -    Base URL: https://api.siliconflow.cn/v1
2025-11-21 19:14:47 - ai_model - DEBUG -    API Key: sk-gsaohhwdtofontqfo...rolhikfqmy
2025-11-21 19:14:47 - ai_model - DEBUG - ✅ AI模型初始化完成
2025-11-21 19:14:47 - ai_model - DEBUG -    模型: deepseek-ai/DeepSeek-V3
2025-11-21 19:14:47 - ai_model - DEBUG -    Base URL: https://api.siliconflow.cn/v1
2025-11-21 19:14:47 - ai_model - DEBUG -    API Key: sk-gsaohhwdtofontqfo...rolhikfqmy
2025-11-21 19:21:36 - ai_model - DEBUG - ✅ AI模型初始化完成
2025-11-21 19:21:36 - ai_model - DEBUG -    模型: deepseek-ai/DeepSeek-V3
2025-11-21 19:21:36 - ai_model - DEBUG -    Base URL: https://api.siliconflow.cn/v1
2025-11-21 19:21:36 - ai_model - DEBUG -    API Key: sk-gsaohhwdtofontqfo...rolhikfqmy
2025-11-21 19:21:38 - ai_model - DEBUG - ✅ AI模型初始化完成
2025-11-21 19:21:38 - ai_model - DEBUG -    模型: deepseek-ai/DeepSeek-V3
2025-11-21 19:21:38 - ai_model - DEBUG -    Base URL: https://api.siliconflow.cn/v1
2025-11-21 19:21:38 - ai_model - DEBUG -    API Key: sk-gsaohhwdtofontqfo...rolhikfqmy
2025-11-21 19:21:38 - ai_model - DEBUG - ✅ AI模型初始化完成
2025-11-21 19:21:38 - ai_model - DEBUG -    模型: deepseek-ai/DeepSeek-V3
2025-11-21 19:21:38 - ai_model - DEBUG -    Base URL: https://api.siliconflow.cn/v1
2025-11-21 19:21:38 - ai_model - DEBUG -    API Key: sk-gsaohhwdtofontqfo...rolhikfqmy
2025-11-21 19:23:15 - ai_model - DEBUG - ✅ AI模型初始化完成
2025-11-21 19:23:15 - ai_model - DEBUG -    模型: deepseek-ai/DeepSeek-V3
2025-11-21 19:23:15 - ai_model - DEBUG -    Base URL: https://api.siliconflow.cn/v1
2025-11-21 19:23:15 - ai_model - DEBUG -    API Key: sk-gsaohhwdtofontqfo...rolhikfqmy
2025-11-21 19:23:17 - ai_model - DEBUG - ✅ AI模型初始化完成
2025-11-21 19:23:17 - ai_model - DEBUG -    模型: deepseek-ai/DeepSeek-V3
2025-11-21 19:23:17 - ai_model - DEBUG -    Base URL: https://api.siliconflow.cn/v1
2025-11-21 19:23:17 - ai_model - DEBUG -    API Key: sk-gsaohhwdtofontqfo...rolhikfqmy
2025-11-21 19:23:21 - ai_model - DEBUG - ✅ AI模型初始化完成
2025-11-21 19:23:21 - ai_model - DEBUG -    模型: deepseek-ai/DeepSeek-V3
2025-11-21 19:23:21 - ai_model - DEBUG -    Base URL: https://api.siliconflow.cn/v1
2025-11-21 19:23:21 - ai_model - DEBUG -    API Key: sk-gsaohhwdtofontqfo...rolhikfqmy
2025-11-21 19:23:21 - ai_model - DEBUG - ✅ AI模型初始化完成
2025-11-21 19:23:21 - ai_model - DEBUG -    模型: deepseek-ai/DeepSeek-V3
2025-11-21 19:23:21 - ai_model - DEBUG -    Base URL: https://api.siliconflow.cn/v1
2025-11-21 19:23:21 - ai_model - DEBUG -    API Key: sk-gsaohhwdtofontqfo...rolhikfqmy
2025-11-21 19:24:53 - ai_model - DEBUG - ✅ AI模型初始化完成
2025-11-21 19:24:53 - ai_model - DEBUG -    模型: deepseek-ai/DeepSeek-V3
2025-11-21 19:24:53 - ai_model - DEBUG -    Base URL: https://api.siliconflow.cn/v1
2025-11-21 19:24:53 - ai_model - DEBUG -    API Key: sk-gsaohhwdtofontqfo...rolhikfqmy
2025-11-21 19:24:56 - ai_model - DEBUG - ✅ AI模型初始化完成
2025-11-21 19:24:56 - ai_model - DEBUG -    模型: deepseek-ai/DeepSeek-V3
2025-11-21 19:24:56 - ai_model - DEBUG -    Base URL: https://api.siliconflow.cn/v1
2025-11-21 19:24:56 - ai_model - DEBUG -    API Key: sk-gsaohhwdtofontqfo...rolhikfqmy
2025-11-21 19:24:59 - ai_model - DEBUG - ✅ AI模型初始化完成
2025-11-21 19:24:59 - ai_model - DEBUG -    模型: deepseek-ai/DeepSeek-V3
2025-11-21 19:24:59 - ai_model - DEBUG -    Base URL: https://api.siliconflow.cn/v1
2025-11-21 19:24:59 - ai_model - DEBUG -    API Key: sk-gsaohhwdtofontqfo...rolhikfqmy
2025-11-21 19:24:59 - ai_model - DEBUG - ✅ AI模型初始化完成
2025-11-21 19:24:59 - ai_model - DEBUG -    模型: deepseek-ai/DeepSeek-V3
2025-11-21 19:24:59 - ai_model - DEBUG -    Base URL: https://api.siliconflow.cn/v1
2025-11-21 19:24:59 - ai_model - DEBUG -    API Key: sk-gsaohhwdtofontqfo...rolhikfqmy
2025-11-21 19:26:49 - ai_model - DEBUG - ✅ AI模型初始化完成
2025-11-21 19:26:49 - ai_model - DEBUG -    模型: deepseek-ai/DeepSeek-V3
2025-11-21 19:26:49 - ai_model - DEBUG -    Base URL: https://api.siliconflow.cn/v1
2025-11-21 19:26:49 - ai_model - DEBUG -    API Key: sk-gsaohhwdtofontqfo...rolhikfqmy
2025-11-21 19:26:52 - ai_model - DEBUG - ✅ AI模型初始化完成
2025-11-21 19:26:52 - ai_model - DEBUG -    模型: deepseek-ai/DeepSeek-V3
2025-11-21 19:26:52 - ai_model - DEBUG -    Base URL: https://api.siliconflow.cn/v1
2025-11-21 19:26:52 - ai_model - DEBUG -    API Key: sk-gsaohhwdtofontqfo...rolhikfqmy
2025-11-21 19:26:52 - ai_model - DEBUG - ✅ AI模型初始化完成
2025-11-21 19:26:52 - ai_model - DEBUG -    模型: deepseek-ai/DeepSeek-V3
2025-11-21 19:26:52 - ai_model - DEBUG -    Base URL: https://api.siliconflow.cn/v1
2025-11-21 19:26:52 - ai_model - DEBUG -    API Key: sk-gsaohhwdtofontqfo...rolhikfqmy
2025-11-21 19:27:30 - ai_model - DEBUG - ✅ AI模型初始化完成
2025-11-21 19:27:30 - ai_model - DEBUG -    模型: deepseek-ai/DeepSeek-V3
2025-11-21 19:27:30 - ai_model - DEBUG -    Base URL: https://api.siliconflow.cn/v1
2025-11-21 19:27:30 - ai_model - DEBUG -    API Key: sk-gsaohhwdtofontqfo...rolhikfqmy
2025-11-21 19:27:32 - ai_model - DEBUG - ✅ AI模型初始化完成
2025-11-21 19:27:32 - ai_model - DEBUG -    模型: deepseek-ai/DeepSeek-V3
2025-11-21 19:27:32 - ai_model - DEBUG -    Base URL: https://api.siliconflow.cn/v1
2025-11-21 19:27:32 - ai_model - DEBUG -    API Key: sk-gsaohhwdtofontqfo...rolhikfqmy
2025-11-21 19:27:36 - ai_model - DEBUG - ✅ AI模型初始化完成
2025-11-21 19:27:36 - ai_model - DEBUG -    模型: deepseek-ai/DeepSeek-V3
2025-11-21 19:27:36 - ai_model - DEBUG -    Base URL: https://api.siliconflow.cn/v1
2025-11-21 19:27:36 - ai_model - DEBUG -    API Key: sk-gsaohhwdtofontqfo...rolhikfqmy
2025-11-21 19:27:36 - ai_model - DEBUG - ✅ AI模型初始化完成
2025-11-21 19:27:36 - ai_model - DEBUG -    模型: deepseek-ai/DeepSeek-V3
2025-11-21 19:27:36 - ai_model - DEBUG -    Base URL: https://api.siliconflow.cn/v1
2025-11-21 19:27:36 - ai_model - DEBUG -    API Key: sk-gsaohhwdtofontqfo...rolhikfqmy
2025-11-23 23:06:28 - ai_model - DEBUG - ✅ AI模型初始化完成
2025-11-23 23:06:28 - ai_model - DEBUG -    模型: deepseek-ai/DeepSeek-V3
2025-11-23 23:06:28 - ai_model - DEBUG -    Base URL: https://api.siliconflow.cn/v1
2025-11-23 23:06:28 - ai_model - DEBUG -    API Key: sk-gsaohhwdtofontqfo...rolhikfqmy
2025-11-23 23:06:31 - ai_model - DEBUG - ✅ AI模型初始化完成
2025-11-23 23:06:31 - ai_model - DEBUG -    模型: deepseek-ai/DeepSeek-V3
2025-11-23 23:06:31 - ai_model - DEBUG -    Base URL: https://api.siliconflow.cn/v1
2025-11-23 23:06:31 - ai_model - DEBUG -    API Key: sk-gsaohhwdtofontqfo...rolhikfqmy
2025-11-23 23:06:31 - ai_model - DEBUG - ✅ AI模型初始化完成
2025-11-23 23:06:31 - ai_model - DEBUG -    模型: deepseek-ai/DeepSeek-V3
2025-11-23 23:06:31 - ai_model - DEBUG -    Base URL: https://api.siliconflow.cn/v1
2025-11-23 23:06:31 - ai_model - DEBUG -    API Key: sk-gsaohhwdtofontqfo...rolhikfqmy
2025-11-23 23:08:35 - ai_model - DEBUG - ✅ AI模型初始化完成
2025-11-23 23:08:35 - ai_model - DEBUG -    模型: deepseek-ai/DeepSeek-V3
2025-11-23 23:08:35 - ai_model - DEBUG -    Base URL: https://api.siliconflow.cn/v1
2025-11-23 23:08:35 - ai_model - DEBUG -    API Key: sk-gsaohhwdtofontqfo...rolhikfqmy
2025-11-23 23:08:38 - ai_model - DEBUG - ✅ AI模型初始化完成
2025-11-23 23:08:38 - ai_model - DEBUG -    模型: deepseek-ai/DeepSeek-V3
2025-11-23 23:08:38 - ai_model - DEBUG -    Base URL: https://api.siliconflow.cn/v1
2025-11-23 23:08:38 - ai_model - DEBUG -    API Key: sk-gsaohhwdtofontqfo...rolhikfqmy
2025-11-23 23:08:41 - ai_model - DEBUG - ✅ AI模型初始化完成
2025-11-23 23:08:41 - ai_model - DEBUG -    模型: deepseek-ai/DeepSeek-V3
2025-11-23 23:08:41 - ai_model - DEBUG -    Base URL: https://api.siliconflow.cn/v1
2025-11-23 23:08:41 - ai_model - DEBUG -    API Key: sk-gsaohhwdtofontqfo...rolhikfqmy
2025-11-23 23:08:41 - ai_model - DEBUG - ✅ AI模型初始化完成
2025-11-23 23:08:41 - ai_model - DEBUG -    模型: deepseek-ai/DeepSeek-V3
2025-11-23 23:08:41 - ai_model - DEBUG -    Base URL: https://api.siliconflow.cn/v1
2025-11-23 23:08:41 - ai_model - DEBUG -    API Key: sk-gsaohhwdtofontqfo...rolhikfqmy
2025-11-23 23:09:50 - ai_model - DEBUG - ✅ AI模型初始化完成
2025-11-23 23:09:50 - ai_model - DEBUG -    模型: deepseek-ai/DeepSeek-V3
2025-11-23 23:09:50 - ai_model - DEBUG -    Base URL: https://api.siliconflow.cn/v1
2025-11-23 23:09:50 - ai_model - DEBUG -    API Key: sk-gsaohhwdtofontqfo...rolhikfqmy
2025-11-23 23:09:52 - ai_model - DEBUG - ✅ AI模型初始化完成
2025-11-23 23:09:52 - ai_model - DEBUG -    模型: deepseek-ai/DeepSeek-V3
2025-11-23 23:09:52 - ai_model - DEBUG -    Base URL: https://api.siliconflow.cn/v1
2025-11-23 23:09:52 - ai_model - DEBUG -    API Key: sk-gsaohhwdtofontqfo...rolhikfqmy
2025-11-23 23:09:55 - ai_model - DEBUG - ✅ AI模型初始化完成
2025-11-23 23:09:55 - ai_model - DEBUG -    模型: deepseek-ai/DeepSeek-V3
2025-11-23 23:09:55 - ai_model - DEBUG -    Base URL: https://api.siliconflow.cn/v1
2025-11-23 23:09:55 - ai_model - DEBUG -    API Key: sk-gsaohhwdtofontqfo...rolhikfqmy
2025-11-23 23:09:55 - ai_model - DEBUG - ✅ AI模型初始化完成
2025-11-23 23:09:55 - ai_model - DEBUG -    模型: deepseek-ai/DeepSeek-V3
2025-11-23 23:09:55 - ai_model - DEBUG -    Base URL: https://api.siliconflow.cn/v1
2025-11-23 23:09:55 - ai_model - DEBUG -    API Key: sk-gsaohhwdtofontqfo...rolhikfqmy
2025-11-23 23:13:07 - ai_model - DEBUG - ✅ AI模型初始化完成
2025-11-23 23:13:07 - ai_model - DEBUG -    模型: deepseek-ai/DeepSeek-V3
2025-11-23 23:13:07 - ai_model - DEBUG -    Base URL: https://api.siliconflow.cn/v1
2025-11-23 23:13:07 - ai_model - DEBUG -    API Key: sk-gsaohhwdtofontqfo...rolhikfqmy
2025-11-23 23:13:09 - ai_model - DEBUG - ✅ AI模型初始化完成
2025-11-23 23:13:09 - ai_model - DEBUG -    模型: deepseek-ai/DeepSeek-V3
2025-11-23 23:13:09 - ai_model - DEBUG -    Base URL: https://api.siliconflow.cn/v1
2025-11-23 23:13:09 - ai_model - DEBUG -    API Key: sk-gsaohhwdtofontqfo...rolhikfqmy
2025-11-23 23:13:15 - ai_model - DEBUG - ✅ AI模型初始化完成
2025-11-23 23:13:15 - ai_model - DEBUG -    模型: deepseek-ai/DeepSeek-V3
2025-11-23 23:13:15 - ai_model - DEBUG -    Base URL: https://api.siliconflow.cn/v1
2025-11-23 23:13:15 - ai_model - DEBUG -    API Key: sk-gsaohhwdtofontqfo...rolhikfqmy
2025-11-23 23:13:15 - ai_model - DEBUG - ✅ AI模型初始化完成
2025-11-23 23:13:15 - ai_model - DEBUG -    模型: deepseek-ai/DeepSeek-V3
2025-11-23 23:13:15 - ai_model - DEBUG -    Base URL: https://api.siliconflow.cn/v1
2025-11-23 23:13:15 - ai_model - DEBUG -    API Key: sk-gsaohhwdtofontqfo...rolhikfqmy
2025-11-23 23:16:19 - ai_model - DEBUG - ✅ AI模型初始化完成
2025-11-23 23:16:19 - ai_model - DEBUG -    模型: deepseek-ai/DeepSeek-V3
2025-11-23 23:16:19 - ai_model - DEBUG -    Base URL: https://api.siliconflow.cn/v1
2025-11-23 23:16:19 - ai_model - DEBUG -    API Key: sk-gsaohhwdtofontqfo...rolhikfqmy
2025-11-23 23:16:21 - ai_model - DEBUG - ✅ AI模型初始化完成
2025-11-23 23:16:21 - ai_model - DEBUG -    模型: deepseek-ai/DeepSeek-V3
2025-11-23 23:16:21 - ai_model - DEBUG -    Base URL: https://api.siliconflow.cn/v1
2025-11-23 23:16:21 - ai_model - DEBUG -    API Key: sk-gsaohhwdtofontqfo...rolhikfqmy
2025-11-23 23:16:25 - ai_model - DEBUG - ✅ AI模型初始化完成
2025-11-23 23:16:25 - ai_model - DEBUG -    模型: deepseek-ai/DeepSeek-V3
2025-11-23 23:16:25 - ai_model - DEBUG -    Base URL: https://api.siliconflow.cn/v1
2025-11-23 23:16:25 - ai_model - DEBUG -    API Key: sk-gsaohhwdtofontqfo...rolhikfqmy
2025-11-23 23:16:25 - ai_model - DEBUG - ✅ AI模型初始化完成
2025-11-23 23:16:25 - ai_model - DEBUG -    模型: deepseek-ai/DeepSeek-V3
2025-11-23 23:16:25 - ai_model - DEBUG -    Base URL: https://api.siliconflow.cn/v1
2025-11-23 23:16:25 - ai_model - DEBUG -    API Key: sk-gsaohhwdtofontqfo...rolhikfqmy
2025-11-23 23:17:19 - ai_model - DEBUG - ✅ AI模型初始化完成
2025-11-23 23:17:19 - ai_model - DEBUG -    模型: deepseek-ai/DeepSeek-V3
2025-11-23 23:17:19 - ai_model - DEBUG -    Base URL: https://api.siliconflow.cn/v1
2025-11-23 23:17:19 - ai_model - DEBUG -    API Key: sk-gsaohhwdtofontqfo...rolhikfqmy
2025-11-23 23:17:22 - ai_model - DEBUG - ✅ AI模型初始化完成
2025-11-23 23:17:22 - ai_model - DEBUG -    模型: deepseek-ai/DeepSeek-V3
2025-11-23 23:17:22 - ai_model - DEBUG -    Base URL: https://api.siliconflow.cn/v1
2025-11-23 23:17:22 - ai_model - DEBUG -    API Key: sk-gsaohhwdtofontqfo...rolhikfqmy
2025-11-23 23:17:28 - ai_model - DEBUG - ✅ AI模型初始化完成
2025-11-23 23:17:28 - ai_model - DEBUG -    模型: deepseek-ai/DeepSeek-V3
2025-11-23 23:17:28 - ai_model - DEBUG -    Base URL: https://api.siliconflow.cn/v1
2025-11-23 23:17:28 - ai_model - DEBUG -    API Key: sk-gsaohhwdtofontqfo...rolhikfqmy
2025-11-23 23:17:28 - ai_model - DEBUG - ✅ AI模型初始化完成
2025-11-23 23:17:28 - ai_model - DEBUG -    模型: deepseek-ai/DeepSeek-V3
2025-11-23 23:17:28 - ai_model - DEBUG -    Base URL: https://api.siliconflow.cn/v1
2025-11-23 23:17:28 - ai_model - DEBUG -    API Key: sk-gsaohhwdtofontqfo...rolhikfqmy
2025-11-23 23:25:05 - ai_model - DEBUG - ✅ AI模型初始化完成
2025-11-23 23:25:05 - ai_model - DEBUG -    模型: deepseek-ai/DeepSeek-V3
2025-11-23 23:25:05 - ai_model - DEBUG -    Base URL: https://api.siliconflow.cn/v1
2025-11-23 23:25:05 - ai_model - DEBUG -    API Key: sk-gsaohhwdtofontqfo...rolhikfqmy
2025-11-23 23:25:07 - ai_model - DEBUG - ✅ AI模型初始化完成
2025-11-23 23:25:07 - ai_model - DEBUG -    模型: deepseek-ai/DeepSeek-V3
2025-11-23 23:25:07 - ai_model - DEBUG -    Base URL: https://api.siliconflow.cn/v1
2025-11-23 23:25:07 - ai_model - DEBUG -    API Key: sk-gsaohhwdtofontqfo...rolhikfqmy
2025-11-23 23:25:10 - ai_model - DEBUG - ✅ AI模型初始化完成
2025-11-23 23:25:10 - ai_model - DEBUG -    模型: deepseek-ai/DeepSeek-V3
2025-11-23 23:25:10 - ai_model - DEBUG -    Base URL: https://api.siliconflow.cn/v1
2025-11-23 23:25:10 - ai_model - DEBUG -    API Key: sk-gsaohhwdtofontqfo...rolhikfqmy
2025-11-23 23:25:10 - ai_model - DEBUG - ✅ AI模型初始化完成
2025-11-23 23:25:10 - ai_model - DEBUG -    模型: deepseek-ai/DeepSeek-V3
2025-11-23 23:25:10 - ai_model - DEBUG -    Base URL: https://api.siliconflow.cn/v1
2025-11-23 23:25:10 - ai_model - DEBUG -    API Key: sk-gsaohhwdtofontqfo...rolhikfqmy
2025-11-23 23:25:23 - ai_model - DEBUG - ✅ AI模型初始化完成
2025-11-23 23:25:23 - ai_model - DEBUG -    模型: deepseek-ai/DeepSeek-V3
2025-11-23 23:25:23 - ai_model - DEBUG -    Base URL: https://api.siliconflow.cn/v1
2025-11-23 23:25:23 - ai_model - DEBUG -    API Key: sk-gsaohhwdtofontqfo...rolhikfqmy
2025-11-23 23:25:26 - ai_model - DEBUG - ✅ AI模型初始化完成
2025-11-23 23:25:26 - ai_model - DEBUG -    模型: deepseek-ai/DeepSeek-V3
2025-11-23 23:25:26 - ai_model - DEBUG -    Base URL: https://api.siliconflow.cn/v1
2025-11-23 23:25:26 - ai_model - DEBUG -    API Key: sk-gsaohhwdtofontqfo...rolhikfqmy
2025-11-23 23:25:29 - ai_model - DEBUG - ✅ AI模型初始化完成
2025-11-23 23:25:29 - ai_model - DEBUG -    模型: deepseek-ai/DeepSeek-V3
2025-11-23 23:25:29 - ai_model - DEBUG -    Base URL: https://api.siliconflow.cn/v1
2025-11-23 23:25:29 - ai_model - DEBUG -    API Key: sk-gsaohhwdtofontqfo...rolhikfqmy
2025-11-23 23:25:29 - ai_model - DEBUG - ✅ AI模型初始化完成
2025-11-23 23:25:29 - ai_model - DEBUG -    模型: deepseek-ai/DeepSeek-V3
2025-11-23 23:25:29 - ai_model - DEBUG -    Base URL: https://api.siliconflow.cn/v1
2025-11-23 23:25:29 - ai_model - DEBUG -    API Key: sk-gsaohhwdtofontqfo...rolhikfqmy
2025-11-23 23:30:06 - ai_model - DEBUG - ✅ AI模型初始化完成
2025-11-23 23:30:06 - ai_model - DEBUG -    模型: deepseek-ai/DeepSeek-V3
2025-11-23 23:30:06 - ai_model - DEBUG -    Base URL: https://api.siliconflow.cn/v1
2025-11-23 23:30:06 - ai_model - DEBUG -    API Key: sk-gsaohhwdtofontqfo...rolhikfqmy
2025-11-23 23:30:08 - ai_model - DEBUG - ✅ AI模型初始化完成
2025-11-23 23:30:08 - ai_model - DEBUG -    模型: deepseek-ai/DeepSeek-V3
2025-11-23 23:30:08 - ai_model - DEBUG -    Base URL: https://api.siliconflow.cn/v1
2025-11-23 23:30:08 - ai_model - DEBUG -    API Key: sk-gsaohhwdtofontqfo...rolhikfqmy
2025-11-23 23:30:12 - ai_model - DEBUG - ✅ AI模型初始化完成
2025-11-23 23:30:12 - ai_model - DEBUG -    模型: deepseek-ai/DeepSeek-V3
2025-11-23 23:30:12 - ai_model - DEBUG -    Base URL: https://api.siliconflow.cn/v1
2025-11-23 23:30:12 - ai_model - DEBUG -    API Key: sk-gsaohhwdtofontqfo...rolhikfqmy
2025-11-23 23:30:12 - ai_model - DEBUG - ✅ AI模型初始化完成
2025-11-23 23:30:12 - ai_model - DEBUG -    模型: deepseek-ai/DeepSeek-V3
2025-11-23 23:30:12 - ai_model - DEBUG -    Base URL: https://api.siliconflow.cn/v1
2025-11-23 23:30:12 - ai_model - DEBUG -    API Key: sk-gsaohhwdtofontqfo...rolhikfqmy
2025-11-23 23:31:44 - ai_model - DEBUG - ✅ AI模型初始化完成
2025-11-23 23:31:44 - ai_model - DEBUG -    模型: deepseek-ai/DeepSeek-V3
2025-11-23 23:31:44 - ai_model - DEBUG -    Base URL: https://api.siliconflow.cn/v1
2025-11-23 23:31:44 - ai_model - DEBUG -    API Key: sk-gsaohhwdtofontqfo...rolhikfqmy
2025-11-23 23:31:47 - ai_model - DEBUG - ✅ AI模型初始化完成
2025-11-23 23:31:47 - ai_model - DEBUG -    模型: deepseek-ai/DeepSeek-V3
2025-11-23 23:31:47 - ai_model - DEBUG -    Base URL: https://api.siliconflow.cn/v1
2025-11-23 23:31:47 - ai_model - DEBUG -    API Key: sk-gsaohhwdtofontqfo...rolhikfqmy
2025-11-23 23:31:54 - ai_model - DEBUG - ✅ AI模型初始化完成
2025-11-23 23:31:54 - ai_model - DEBUG -    模型: deepseek-ai/DeepSeek-V3
2025-11-23 23:31:54 - ai_model - DEBUG -    Base URL: https://api.siliconflow.cn/v1
2025-11-23 23:31:54 - ai_model - DEBUG -    API Key: sk-gsaohhwdtofontqfo...rolhikfqmy
2025-11-23 23:31:54 - ai_model - DEBUG - ✅ AI模型初始化完成
2025-11-23 23:31:54 - ai_model - DEBUG -    模型: deepseek-ai/DeepSeek-V3
2025-11-23 23:31:54 - ai_model - DEBUG -    Base URL: https://api.siliconflow.cn/v1
2025-11-23 23:31:54 - ai_model - DEBUG -    API Key: sk-gsaohhwdtofontqfo...rolhikfqmy
2025-11-23 23:32:09 - ai_model - DEBUG - ✅ AI模型初始化完成
2025-11-23 23:32:09 - ai_model - DEBUG -    模型: deepseek-ai/DeepSeek-V3
2025-11-23 23:32:09 - ai_model - DEBUG -    Base URL: https://api.siliconflow.cn/v1
2025-11-23 23:32:09 - ai_model - DEBUG -    API Key: sk-gsaohhwdtofontqfo...rolhikfqmy
2025-11-23 23:32:13 - ai_model - DEBUG - ✅ AI模型初始化完成
2025-11-23 23:32:13 - ai_model - DEBUG -    模型: deepseek-ai/DeepSeek-V3
2025-11-23 23:32:13 - ai_model - DEBUG -    Base URL: https://api.siliconflow.cn/v1
2025-11-23 23:32:13 - ai_model - DEBUG -    API Key: sk-gsaohhwdtofontqfo...rolhikfqmy
2025-11-23 23:32:18 - ai_model - DEBUG - ✅ AI模型初始化完成
2025-11-23 23:32:18 - ai_model - DEBUG -    模型: deepseek-ai/DeepSeek-V3
2025-11-23 23:32:18 - ai_model - DEBUG -    Base URL: https://api.siliconflow.cn/v1
2025-11-23 23:32:18 - ai_model - DEBUG -    API Key: sk-gsaohhwdtofontqfo...rolhikfqmy
2025-11-23 23:32:18 - ai_model - DEBUG - ✅ AI模型初始化完成
2025-11-23 23:32:18 - ai_model - DEBUG -    模型: deepseek-ai/DeepSeek-V3
2025-11-23 23:32:18 - ai_model - DEBUG -    Base URL: https://api.siliconflow.cn/v1
2025-11-23 23:32:18 - ai_model - DEBUG -    API Key: sk-gsaohhwdtofontqfo...rolhikfqmy
2025-11-23 23:33:23 - ai_model - DEBUG - ✅ AI模型初始化完成
2025-11-23 23:33:23 - ai_model - DEBUG -    模型: deepseek-ai/DeepSeek-V3
2025-11-23 23:33:23 - ai_model - DEBUG -    Base URL: https://api.siliconflow.cn/v1
2025-11-23 23:33:23 - ai_model - DEBUG -    API Key: sk-gsaohhwdtofontqfo...rolhikfqmy
2025-11-23 23:35:26 - ai_model - DEBUG - ✅ AI模型初始化完成
2025-11-23 23:35:26 - ai_model - DEBUG -    模型: deepseek-ai/DeepSeek-V3
2025-11-23 23:35:26 - ai_model - DEBUG -    Base URL: https://api.siliconflow.cn/v1
2025-11-23 23:35:26 - ai_model - DEBUG -    API Key: sk-gsaohhwdtofontqfo...rolhikfqmy
2025-11-23 23:35:58 - ai_model - DEBUG - ✅ AI模型初始化完成
2025-11-23 23:35:58 - ai_model - DEBUG -    模型: deepseek-ai/DeepSeek-V3
2025-11-23 23:35:58 - ai_model - DEBUG -    Base URL: https://api.siliconflow.cn/v1
2025-11-23 23:35:58 - ai_model - DEBUG -    API Key: sk-gsaohhwdtofontqfo...rolhikfqmy
2025-11-23 23:36:04 - ai_model - DEBUG - ✅ AI模型初始化完成
2025-11-23 23:36:04 - ai_model - DEBUG -    模型: deepseek-ai/DeepSeek-V3
2025-11-23 23:36:04 - ai_model - DEBUG -    Base URL: https://api.siliconflow.cn/v1
2025-11-23 23:36:04 - ai_model - DEBUG -    API Key: sk-gsaohhwdtofontqfo...rolhikfqmy
2025-11-23 23:36:04 - ai_model - DEBUG - ✅ AI模型初始化完成
2025-11-23 23:36:04 - ai_model - DEBUG -    模型: deepseek-ai/DeepSeek-V3
2025-11-23 23:36:04 - ai_model - DEBUG -    Base URL: https://api.siliconflow.cn/v1
2025-11-23 23:36:04 - ai_model - DEBUG -    API Key: sk-gsaohhwdtofontqfo...rolhikfqmy
2025-11-23 23:38:58 - ai_model - DEBUG - ✅ AI模型初始化完成
2025-11-23 23:38:58 - ai_model - DEBUG -    模型: deepseek-ai/DeepSeek-V3
2025-11-23 23:38:58 - ai_model - DEBUG -    Base URL: https://api.siliconflow.cn/v1
2025-11-23 23:38:58 - ai_model - DEBUG -    API Key: sk-gsaohhwdtofontqfo...rolhikfqmy
2025-11-23 23:39:00 - ai_model - DEBUG - ✅ AI模型初始化完成
2025-11-23 23:39:00 - ai_model - DEBUG -    模型: deepseek-ai/DeepSeek-V3
2025-11-23 23:39:00 - ai_model - DEBUG -    Base URL: https://api.siliconflow.cn/v1
2025-11-23 23:39:00 - ai_model - DEBUG -    API Key: sk-gsaohhwdtofontqfo...rolhikfqmy
2025-11-23 23:39:06 - ai_model - DEBUG - ✅ AI模型初始化完成
2025-11-23 23:39:06 - ai_model - DEBUG -    模型: deepseek-ai/DeepSeek-V3
2025-11-23 23:39:06 - ai_model - DEBUG -    Base URL: https://api.siliconflow.cn/v1
2025-11-23 23:39:06 - ai_model - DEBUG -    API Key: sk-gsaohhwdtofontqfo...rolhikfqmy
2025-11-23 23:39:06 - ai_model - DEBUG - ✅ AI模型初始化完成
2025-11-23 23:39:06 - ai_model - DEBUG -    模型: deepseek-ai/DeepSeek-V3
2025-11-23 23:39:06 - ai_model - DEBUG -    Base URL: https://api.siliconflow.cn/v1
2025-11-23 23:39:06 - ai_model - DEBUG -    API Key: sk-gsaohhwdtofontqfo...rolhikfqmy
2025-11-23 23:39:44 - ai_model - DEBUG - ✅ AI模型初始化完成
2025-11-23 23:39:44 - ai_model - DEBUG -    模型: deepseek-ai/DeepSeek-V3
2025-11-23 23:39:44 - ai_model - DEBUG -    Base URL: https://api.siliconflow.cn/v1
2025-11-23 23:39:44 - ai_model - DEBUG -    API Key: sk-gsaohhwdtofontqfo...rolhikfqmy
2025-11-23 23:39:47 - ai_model - DEBUG - ✅ AI模型初始化完成
2025-11-23 23:39:47 - ai_model - DEBUG -    模型: deepseek-ai/DeepSeek-V3
2025-11-23 23:39:47 - ai_model - DEBUG -    Base URL: https://api.siliconflow.cn/v1
2025-11-23 23:39:47 - ai_model - DEBUG -    API Key: sk-gsaohhwdtofontqfo...rolhikfqmy
2025-11-23 23:39:51 - ai_model - DEBUG - ✅ AI模型初始化完成
2025-11-23 23:39:51 - ai_model - DEBUG -    模型: deepseek-ai/DeepSeek-V3
2025-11-23 23:39:51 - ai_model - DEBUG -    Base URL: https://api.siliconflow.cn/v1
2025-11-23 23:39:51 - ai_model - DEBUG -    API Key: sk-gsaohhwdtofontqfo...rolhikfqmy
2025-11-23 23:39:51 - ai_model - DEBUG - ✅ AI模型初始化完成
2025-11-23 23:39:51 - ai_model - DEBUG -    模型: deepseek-ai/DeepSeek-V3
2025-11-23 23:39:51 - ai_model - DEBUG -    Base URL: https://api.siliconflow.cn/v1
2025-11-23 23:39:51 - ai_model - DEBUG -    API Key: sk-gsaohhwdtofontqfo...rolhikfqmy
2025-11-23 23:40:00 - ai_model - DEBUG - ✅ AI模型初始化完成
2025-11-23 23:40:00 - ai_model - DEBUG -    模型: deepseek-ai/DeepSeek-V3
2025-11-23 23:40:00 - ai_model - DEBUG -    Base URL: https://api.siliconflow.cn/v1
2025-11-23 23:40:00 - ai_model - DEBUG -    API Key: sk-gsaohhwdtofontqfo...rolhikfqmy
2025-11-23 23:40:04 - ai_model - DEBUG - ✅ AI模型初始化完成
2025-11-23 23:40:04 - ai_model - DEBUG -    模型: deepseek-ai/DeepSeek-V3
2025-11-23 23:40:04 - ai_model - DEBUG -    Base URL: https://api.siliconflow.cn/v1
2025-11-23 23:40:04 - ai_model - DEBUG -    API Key: sk-gsaohhwdtofontqfo...rolhikfqmy
2025-11-23 23:40:10 - ai_model - DEBUG - ✅ AI模型初始化完成
2025-11-23 23:40:10 - ai_model - DEBUG -    模型: deepseek-ai/DeepSeek-V3
2025-11-23 23:40:10 - ai_model - DEBUG -    Base URL: https://api.siliconflow.cn/v1
2025-11-23 23:40:10 - ai_model - DEBUG -    API Key: sk-gsaohhwdtofontqfo...rolhikfqmy
2025-11-23 23:40:10 - ai_model - DEBUG - ✅ AI模型初始化完成
2025-11-23 23:40:10 - ai_model - DEBUG -    模型: deepseek-ai/DeepSeek-V3
2025-11-23 23:40:10 - ai_model - DEBUG -    Base URL: https://api.siliconflow.cn/v1
2025-11-23 23:40:10 - ai_model - DEBUG -    API Key: sk-gsaohhwdtofontqfo...rolhikfqmy
2025-11-23 23:42:25 - ai_model - DEBUG - ✅ AI模型初始化完成
2025-11-23 23:42:25 - ai_model - DEBUG -    模型: deepseek-ai/DeepSeek-V3
2025-11-23 23:42:25 - ai_model - DEBUG -    Base URL: https://api.siliconflow.cn/v1
2025-11-23 23:42:25 - ai_model - DEBUG -    API Key: sk-gsaohhwdtofontqfo...rolhikfqmy
2025-11-23 23:42:27 - ai_model - DEBUG - ✅ AI模型初始化完成
2025-11-23 23:42:27 - ai_model - DEBUG -    模型: deepseek-ai/DeepSeek-V3
2025-11-23 23:42:27 - ai_model - DEBUG -    Base URL: https://api.siliconflow.cn/v1
2025-11-23 23:42:27 - ai_model - DEBUG -    API Key: sk-gsaohhwdtofontqfo...rolhikfqmy
2025-11-23 23:42:33 - ai_model - DEBUG - ✅ AI模型初始化完成
2025-11-23 23:42:33 - ai_model - DEBUG -    模型: deepseek-ai/DeepSeek-V3
2025-11-23 23:42:33 - ai_model - DEBUG -    Base URL: https://api.siliconflow.cn/v1
2025-11-23 23:42:33 - ai_model - DEBUG -    API Key: sk-gsaohhwdtofontqfo...rolhikfqmy
2025-11-23 23:42:33 - ai_model - DEBUG - ✅ AI模型初始化完成
2025-11-23 23:42:33 - ai_model - DEBUG -    模型: deepseek-ai/DeepSeek-V3
2025-11-23 23:42:33 - ai_model - DEBUG -    Base URL: https://api.siliconflow.cn/v1
2025-11-23 23:42:33 - ai_model - DEBUG -    API Key: sk-gsaohhwdtofontqfo...rolhikfqmy
2025-11-23 23:46:16 - ai_model - DEBUG - ✅ AI模型初始化完成
2025-11-23 23:46:16 - ai_model - DEBUG -    模型: deepseek-ai/DeepSeek-V3
2025-11-23 23:46:16 - ai_model - DEBUG -    Base URL: https://api.siliconflow.cn/v1
2025-11-23 23:46:16 - ai_model - DEBUG -    API Key: sk-gsaohhwdtofontqfo...rolhikfqmy
2025-11-23 23:46:19 - ai_model - DEBUG - ✅ AI模型初始化完成
2025-11-23 23:46:19 - ai_model - DEBUG -    模型: deepseek-ai/DeepSeek-V3
2025-11-23 23:46:19 - ai_model - DEBUG -    Base URL: https://api.siliconflow.cn/v1
2025-11-23 23:46:19 - ai_model - DEBUG -    API Key: sk-gsaohhwdtofontqfo...rolhikfqmy
2025-11-23 23:46:19 - ai_model - DEBUG - ✅ AI模型初始化完成
2025-11-23 23:46:19 - ai_model - DEBUG -    模型: deepseek-ai/DeepSeek-V3
2025-11-23 23:46:19 - ai_model - DEBUG -    Base URL: https://api.siliconflow.cn/v1
2025-11-23 23:46:19 - ai_model - DEBUG -    API Key: sk-gsaohhwdtofontqfo...rolhikfqmy
2025-11-23 23:47:56 - ai_model - DEBUG - ✅ AI模型初始化完成
2025-11-23 23:47:56 - ai_model - DEBUG -    模型: deepseek-ai/DeepSeek-V3
2025-11-23 23:47:56 - ai_model - DEBUG -    Base URL: https://api.siliconflow.cn/v1
2025-11-23 23:47:56 - ai_model - DEBUG -    API Key: sk-gsaohhwdtofontqfo...rolhikfqmy
2025-11-23 23:48:00 - ai_model - DEBUG - ✅ AI模型初始化完成
2025-11-23 23:48:00 - ai_model - DEBUG -    模型: deepseek-ai/DeepSeek-V3
2025-11-23 23:48:00 - ai_model - DEBUG -    Base URL: https://api.siliconflow.cn/v1
2025-11-23 23:48:00 - ai_model - DEBUG -    API Key: sk-gsaohhwdtofontqfo...rolhikfqmy
2025-11-23 23:48:03 - ai_model - DEBUG - ✅ AI模型初始化完成
2025-11-23 23:48:03 - ai_model - DEBUG -    模型: deepseek-ai/DeepSeek-V3
2025-11-23 23:48:03 - ai_model - DEBUG -    Base URL: https://api.siliconflow.cn/v1
2025-11-23 23:48:03 - ai_model - DEBUG -    API Key: sk-gsaohhwdtofontqfo...rolhikfqmy
2025-11-23 23:48:03 - ai_model - DEBUG - ✅ AI模型初始化完成
2025-11-23 23:48:03 - ai_model - DEBUG -    模型: deepseek-ai/DeepSeek-V3
2025-11-23 23:48:03 - ai_model - DEBUG -    Base URL: https://api.siliconflow.cn/v1
2025-11-23 23:48:03 - ai_model - DEBUG -    API Key: sk-gsaohhwdtofontqfo...rolhikfqmy
2025-11-23 23:48:45 - ai_model - DEBUG - ✅ AI模型初始化完成
2025-11-23 23:48:45 - ai_model - DEBUG -    模型: deepseek-ai/DeepSeek-V3
2025-11-23 23:48:45 - ai_model - DEBUG -    Base URL: https://api.siliconflow.cn/v1
2025-11-23 23:48:45 - ai_model - DEBUG -    API Key: sk-gsaohhwdtofontqfo...rolhikfqmy
2025-11-23 23:48:49 - ai_model - DEBUG - ✅ AI模型初始化完成
2025-11-23 23:48:49 - ai_model - DEBUG -    模型: deepseek-ai/DeepSeek-V3
2025-11-23 23:48:49 - ai_model - DEBUG -    Base URL: https://api.siliconflow.cn/v1
2025-11-23 23:48:49 - ai_model - DEBUG -    API Key: sk-gsaohhwdtofontqfo...rolhikfqmy
2025-11-23 23:48:54 - ai_model - DEBUG - ✅ AI模型初始化完成
2025-11-23 23:48:54 - ai_model - DEBUG -    模型: deepseek-ai/DeepSeek-V3
2025-11-23 23:48:54 - ai_model - DEBUG -    Base URL: https://api.siliconflow.cn/v1
2025-11-23 23:48:54 - ai_model - DEBUG -    API Key: sk-gsaohhwdtofontqfo...rolhikfqmy
2025-11-23 23:48:54 - ai_model - DEBUG - ✅ AI模型初始化完成
2025-11-23 23:48:54 - ai_model - DEBUG -    模型: deepseek-ai/DeepSeek-V3
2025-11-23 23:48:54 - ai_model - DEBUG -    Base URL: https://api.siliconflow.cn/v1
2025-11-23 23:48:54 - ai_model - DEBUG -    API Key: sk-gsaohhwdtofontqfo...rolhikfqmy
2025-11-23 23:49:04 - ai_model - DEBUG - ✅ AI模型初始化完成
2025-11-23 23:49:04 - ai_model - DEBUG -    模型: deepseek-ai/DeepSeek-V3
2025-11-23 23:49:04 - ai_model - DEBUG -    Base URL: https://api.siliconflow.cn/v1
2025-11-23 23:49:04 - ai_model - DEBUG -    API Key: sk-gsaohhwdtofontqfo...rolhikfqmy
2025-11-23 23:49:06 - ai_model - DEBUG - ✅ AI模型初始化完成
2025-11-23 23:49:06 - ai_model - DEBUG -    模型: deepseek-ai/DeepSeek-V3
2025-11-23 23:49:06 - ai_model - DEBUG -    Base URL: https://api.siliconflow.cn/v1
2025-11-23 23:49:06 - ai_model - DEBUG -    API Key: sk-gsaohhwdtofontqfo...rolhikfqmy
2025-11-23 23:49:11 - ai_model - DEBUG - ✅ AI模型初始化完成
2025-11-23 23:49:11 - ai_model - DEBUG -    模型: deepseek-ai/DeepSeek-V3
2025-11-23 23:49:11 - ai_model - DEBUG -    Base URL: https://api.siliconflow.cn/v1
2025-11-23 23:49:11 - ai_model - DEBUG -    API Key: sk-gsaohhwdtofontqfo...rolhikfqmy
2025-11-23 23:49:11 - ai_model - DEBUG - ✅ AI模型初始化完成
2025-11-23 23:49:11 - ai_model - DEBUG -    模型: deepseek-ai/DeepSeek-V3
2025-11-23 23:49:11 - ai_model - DEBUG -    Base URL: https://api.siliconflow.cn/v1
2025-11-23 23:49:11 - ai_model - DEBUG -    API Key: sk-gsaohhwdtofontqfo...rolhikfqmy
2025-11-23 23:51:31 - ai_model - DEBUG - ✅ AI模型初始化完成
2025-11-23 23:51:31 - ai_model - DEBUG -    模型: deepseek-ai/DeepSeek-V3
2025-11-23 23:51:31 - ai_model - DEBUG -    Base URL: https://api.siliconflow.cn/v1
2025-11-23 23:51:31 - ai_model - DEBUG -    API Key: sk-gsaohhwdtofontqfo...rolhikfqmy
2025-11-23 23:51:35 - ai_model - DEBUG - ✅ AI模型初始化完成
2025-11-23 23:51:35 - ai_model - DEBUG -    模型: deepseek-ai/DeepSeek-V3
2025-11-23 23:51:35 - ai_model - DEBUG -    Base URL: https://api.siliconflow.cn/v1
2025-11-23 23:51:35 - ai_model - DEBUG -    API Key: sk-gsaohhwdtofontqfo...rolhikfqmy
2025-11-23 23:51:39 - ai_model - DEBUG - ✅ AI模型初始化完成
2025-11-23 23:51:39 - ai_model - DEBUG -    模型: deepseek-ai/DeepSeek-V3
2025-11-23 23:51:39 - ai_model - DEBUG -    Base URL: https://api.siliconflow.cn/v1
2025-11-23 23:51:39 - ai_model - DEBUG -    API Key: sk-gsaohhwdtofontqfo...rolhikfqmy
2025-11-23 23:51:39 - ai_model - DEBUG - ✅ AI模型初始化完成
2025-11-23 23:51:39 - ai_model - DEBUG -    模型: deepseek-ai/DeepSeek-V3
2025-11-23 23:51:39 - ai_model - DEBUG -    Base URL: https://api.siliconflow.cn/v1
2025-11-23 23:51:39 - ai_model - DEBUG -    API Key: sk-gsaohhwdtofontqfo...rolhikfqmy
2025-11-23 23:53:31 - ai_model - DEBUG - ✅ AI模型初始化完成
2025-11-23 23:53:31 - ai_model - DEBUG -    模型: deepseek-ai/DeepSeek-V3
2025-11-23 23:53:31 - ai_model - DEBUG -    Base URL: https://api.siliconflow.cn/v1
2025-11-23 23:53:31 - ai_model - DEBUG -    API Key: sk-gsaohhwdtofontqfo...rolhikfqmy
2025-11-23 23:53:33 - ai_model - DEBUG - ✅ AI模型初始化完成
2025-11-23 23:53:33 - ai_model - DEBUG -    模型: deepseek-ai/DeepSeek-V3
2025-11-23 23:53:33 - ai_model - DEBUG -    Base URL: https://api.siliconflow.cn/v1
2025-11-23 23:53:33 - ai_model - DEBUG -    API Key: sk-gsaohhwdtofontqfo...rolhikfqmy
2025-11-23 23:53:39 - ai_model - DEBUG - ✅ AI模型初始化完成
2025-11-23 23:53:39 - ai_model - DEBUG -    模型: deepseek-ai/DeepSeek-V3
2025-11-23 23:53:39 - ai_model - DEBUG -    Base URL: https://api.siliconflow.cn/v1
2025-11-23 23:53:39 - ai_model - DEBUG -    API Key: sk-gsaohhwdtofontqfo...rolhikfqmy
2025-11-23 23:53:39 - ai_model - DEBUG - ✅ AI模型初始化完成
2025-11-23 23:53:39 - ai_model - DEBUG -    模型: deepseek-ai/DeepSeek-V3
2025-11-23 23:53:39 - ai_model - DEBUG -    Base URL: https://api.siliconflow.cn/v1
2025-11-23 23:53:39 - ai_model - DEBUG -    API Key: sk-gsaohhwdtofontqfo...rolhikfqmy
2025-11-24 00:03:33 - ai_model - DEBUG - ✅ AI模型初始化完成
2025-11-24 00:03:33 - ai_model - DEBUG -    模型: deepseek-ai/DeepSeek-V3
2025-11-24 00:03:33 - ai_model - DEBUG -    Base URL: https://api.siliconflow.cn/v1
2025-11-24 00:03:33 - ai_model - DEBUG -    API Key: sk-gsaohhwdtofontqfo...rolhikfqmy
2025-11-24 00:03:36 - ai_model - DEBUG - ✅ AI模型初始化完成
2025-11-24 00:03:36 - ai_model - DEBUG -    模型: deepseek-ai/DeepSeek-V3
2025-11-24 00:03:36 - ai_model - DEBUG -    Base URL: https://api.siliconflow.cn/v1
2025-11-24 00:03:36 - ai_model - DEBUG -    API Key: sk-gsaohhwdtofontqfo...rolhikfqmy
2025-11-24 00:03:40 - ai_model - DEBUG - ✅ AI模型初始化完成
2025-11-24 00:03:40 - ai_model - DEBUG -    模型: deepseek-ai/DeepSeek-V3
2025-11-24 00:03:40 - ai_model - DEBUG -    Base URL: https://api.siliconflow.cn/v1
2025-11-24 00:03:40 - ai_model - DEBUG -    API Key: sk-gsaohhwdtofontqfo...rolhikfqmy
2025-11-24 00:03:40 - ai_model - DEBUG - ✅ AI模型初始化完成
2025-11-24 00:03:40 - ai_model - DEBUG -    模型: deepseek-ai/DeepSeek-V3
2025-11-24 00:03:40 - ai_model - DEBUG -    Base URL: https://api.siliconflow.cn/v1
2025-11-24 00:03:40 - ai_model - DEBUG -    API Key: sk-gsaohhwdtofontqfo...rolhikfqmy
2025-11-24 00:15:41 - ai_model - DEBUG - ✅ AI模型初始化完成
2025-11-24 00:15:41 - ai_model - DEBUG -    模型: deepseek-ai/DeepSeek-V3
2025-11-24 00:15:41 - ai_model - DEBUG -    Base URL: https://api.siliconflow.cn/v1
2025-11-24 00:15:41 - ai_model - DEBUG -    API Key: sk-gsaohhwdtofontqfo...rolhikfqmy
2025-11-24 00:15:46 - ai_model - DEBUG - ✅ AI模型初始化完成
2025-11-24 00:15:46 - ai_model - DEBUG -    模型: deepseek-ai/DeepSeek-V3
2025-11-24 00:15:46 - ai_model - DEBUG -    Base URL: https://api.siliconflow.cn/v1
2025-11-24 00:15:46 - ai_model - DEBUG -    API Key: sk-gsaohhwdtofontqfo...rolhikfqmy
2025-11-24 00:15:46 - ai_model - DEBUG - ✅ AI模型初始化完成
2025-11-24 00:15:46 - ai_model - DEBUG -    模型: deepseek-ai/DeepSeek-V3
2025-11-24 00:15:46 - ai_model - DEBUG -    Base URL: https://api.siliconflow.cn/v1
2025-11-24 00:15:46 - ai_model - DEBUG -    API Key: sk-gsaohhwdtofontqfo...rolhikfqmy
2025-11-24 00:17:06 - ai_model - DEBUG - ✅ AI模型初始化完成
2025-11-24 00:17:06 - ai_model - DEBUG -    模型: deepseek-ai/DeepSeek-V3
2025-11-24 00:17:06 - ai_model - DEBUG -    Base URL: https://api.siliconflow.cn/v1
2025-11-24 00:17:06 - ai_model - DEBUG -    API Key: sk-gsaohhwdtofontqfo...rolhikfqmy
2025-11-24 00:17:09 - ai_model - DEBUG - ✅ AI模型初始化完成
2025-11-24 00:17:09 - ai_model - DEBUG -    模型: deepseek-ai/DeepSeek-V3
2025-11-24 00:17:09 - ai_model - DEBUG -    Base URL: https://api.siliconflow.cn/v1
2025-11-24 00:17:09 - ai_model - DEBUG -    API Key: sk-gsaohhwdtofontqfo...rolhikfqmy
2025-11-24 00:17:14 - ai_model - DEBUG - ✅ AI模型初始化完成
2025-11-24 00:17:14 - ai_model - DEBUG -    模型: deepseek-ai/DeepSeek-V3
2025-11-24 00:17:14 - ai_model - DEBUG -    Base URL: https://api.siliconflow.cn/v1
2025-11-24 00:17:14 - ai_model - DEBUG -    API Key: sk-gsaohhwdtofontqfo...rolhikfqmy
2025-11-24 00:17:14 - ai_model - DEBUG - ✅ AI模型初始化完成
2025-11-24 00:17:14 - ai_model - DEBUG -    模型: deepseek-ai/DeepSeek-V3
2025-11-24 00:17:14 - ai_model - DEBUG -    Base URL: https://api.siliconflow.cn/v1
2025-11-24 00:17:14 - ai_model - DEBUG -    API Key: sk-gsaohhwdtofontqfo...rolhikfqmy
2025-11-24 00:17:56 - ai_model - DEBUG - ✅ AI模型初始化完成
2025-11-24 00:17:56 - ai_model - DEBUG -    模型: deepseek-ai/DeepSeek-V3
2025-11-24 00:17:56 - ai_model - DEBUG -    Base URL: https://api.siliconflow.cn/v1
2025-11-24 00:17:56 - ai_model - DEBUG -    API Key: sk-gsaohhwdtofontqfo...rolhikfqmy
2025-11-24 00:17:59 - ai_model - DEBUG - ✅ AI模型初始化完成
2025-11-24 00:17:59 - ai_model - DEBUG -    模型: deepseek-ai/DeepSeek-V3
2025-11-24 00:17:59 - ai_model - DEBUG -    Base URL: https://api.siliconflow.cn/v1
2025-11-24 00:17:59 - ai_model - DEBUG -    API Key: sk-gsaohhwdtofontqfo...rolhikfqmy
2025-11-24 00:18:02 - ai_model - DEBUG - ✅ AI模型初始化完成
2025-11-24 00:18:02 - ai_model - DEBUG -    模型: deepseek-ai/DeepSeek-V3
2025-11-24 00:18:02 - ai_model - DEBUG -    Base URL: https://api.siliconflow.cn/v1
2025-11-24 00:18:02 - ai_model - DEBUG -    API Key: sk-gsaohhwdtofontqfo...rolhikfqmy
2025-11-24 00:18:02 - ai_model - DEBUG - ✅ AI模型初始化完成
2025-11-24 00:18:02 - ai_model - DEBUG -    模型: deepseek-ai/DeepSeek-V3
2025-11-24 00:18:02 - ai_model - DEBUG -    Base URL: https://api.siliconflow.cn/v1
2025-11-24 00:18:02 - ai_model - DEBUG -    API Key: sk-gsaohhwdtofontqfo...rolhikfqmy
2025-11-24 00:18:41 - ai_model - DEBUG - ✅ AI模型初始化完成
2025-11-24 00:18:41 - ai_model - DEBUG -    模型: deepseek-ai/DeepSeek-V3
2025-11-24 00:18:41 - ai_model - DEBUG -    Base URL: https://api.siliconflow.cn/v1
2025-11-24 00:18:41 - ai_model - DEBUG -    API Key: sk-gsaohhwdtofontqfo...rolhikfqmy
2025-11-24 00:18:44 - ai_model - DEBUG - ✅ AI模型初始化完成
2025-11-24 00:18:44 - ai_model - DEBUG -    模型: deepseek-ai/DeepSeek-V3
2025-11-24 00:18:44 - ai_model - DEBUG -    Base URL: https://api.siliconflow.cn/v1
2025-11-24 00:18:44 - ai_model - DEBUG -    API Key: sk-gsaohhwdtofontqfo...rolhikfqmy
2025-11-24 00:18:49 - ai_model - DEBUG - ✅ AI模型初始化完成
2025-11-24 00:18:49 - ai_model - DEBUG -    模型: deepseek-ai/DeepSeek-V3
2025-11-24 00:18:49 - ai_model - DEBUG -    Base URL: https://api.siliconflow.cn/v1
2025-11-24 00:18:49 - ai_model - DEBUG -    API Key: sk-gsaohhwdtofontqfo...rolhikfqmy
2025-11-24 00:18:49 - ai_model - DEBUG - ✅ AI模型初始化完成
2025-11-24 00:18:49 - ai_model - DEBUG -    模型: deepseek-ai/DeepSeek-V3
2025-11-24 00:18:49 - ai_model - DEBUG -    Base URL: https://api.siliconflow.cn/v1
2025-11-24 00:18:49 - ai_model - DEBUG -    API Key: sk-gsaohhwdtofontqfo...rolhikfqmy
2025-11-24 00:21:17 - ai_model - DEBUG - ✅ AI模型初始化完成
2025-11-24 00:21:17 - ai_model - DEBUG -    模型: deepseek-ai/DeepSeek-V3
2025-11-24 00:21:17 - ai_model - DEBUG -    Base URL: https://api.siliconflow.cn/v1
2025-11-24 00:21:17 - ai_model - DEBUG -    API Key: sk-gsaohhwdtofontqfo...rolhikfqmy
2025-11-24 00:21:19 - ai_model - DEBUG - ✅ AI模型初始化完成
2025-11-24 00:21:19 - ai_model - DEBUG -    模型: deepseek-ai/DeepSeek-V3
2025-11-24 00:21:19 - ai_model - DEBUG -    Base URL: https://api.siliconflow.cn/v1
2025-11-24 00:21:19 - ai_model - DEBUG -    API Key: sk-gsaohhwdtofontqfo...rolhikfqmy
2025-11-24 00:21:26 - ai_model - DEBUG - ✅ AI模型初始化完成
2025-11-24 00:21:26 - ai_model - DEBUG -    模型: deepseek-ai/DeepSeek-V3
2025-11-24 00:21:26 - ai_model - DEBUG -    Base URL: https://api.siliconflow.cn/v1
2025-11-24 00:21:26 - ai_model - DEBUG -    API Key: sk-gsaohhwdtofontqfo...rolhikfqmy
2025-11-24 00:21:26 - ai_model - DEBUG - ✅ AI模型初始化完成
2025-11-24 00:21:26 - ai_model - DEBUG -    模型: deepseek-ai/DeepSeek-V3
2025-11-24 00:21:26 - ai_model - DEBUG -    Base URL: https://api.siliconflow.cn/v1
2025-11-24 00:21:26 - ai_model - DEBUG -    API Key: sk-gsaohhwdtofontqfo...rolhikfqmy
2025-11-24 00:22:42 - ai_model - DEBUG - ✅ AI模型初始化完成
2025-11-24 00:22:42 - ai_model - DEBUG -    模型: deepseek-ai/DeepSeek-V3
2025-11-24 00:22:42 - ai_model - DEBUG -    Base URL: https://api.siliconflow.cn/v1
2025-11-24 00:22:42 - ai_model - DEBUG -    API Key: sk-gsaohhwdtofontqfo...rolhikfqmy
2025-11-24 00:22:45 - ai_model - DEBUG - ✅ AI模型初始化完成
2025-11-24 00:22:45 - ai_model - DEBUG -    模型: deepseek-ai/DeepSeek-V3
2025-11-24 00:22:45 - ai_model - DEBUG -    Base URL: https://api.siliconflow.cn/v1
2025-11-24 00:22:45 - ai_model - DEBUG -    API Key: sk-gsaohhwdtofontqfo...rolhikfqmy
2025-11-24 00:22:49 - ai_model - DEBUG - ✅ AI模型初始化完成
2025-11-24 00:22:49 - ai_model - DEBUG -    模型: deepseek-ai/DeepSeek-V3
2025-11-24 00:22:49 - ai_model - DEBUG -    Base URL: https://api.siliconflow.cn/v1
2025-11-24 00:22:49 - ai_model - DEBUG -    API Key: sk-gsaohhwdtofontqfo...rolhikfqmy
2025-11-24 00:22:49 - ai_model - DEBUG - ✅ AI模型初始化完成
2025-11-24 00:22:49 - ai_model - DEBUG -    模型: deepseek-ai/DeepSeek-V3
2025-11-24 00:22:49 - ai_model - DEBUG -    Base URL: https://api.siliconflow.cn/v1
2025-11-24 00:22:49 - ai_model - DEBUG -    API Key: sk-gsaohhwdtofontqfo...rolhikfqmy
2025-11-24 00:24:58 - ai_model - DEBUG - ✅ AI模型初始化完成
2025-11-24 00:24:58 - ai_model - DEBUG -    模型: deepseek-ai/DeepSeek-V3
2025-11-24 00:24:58 - ai_model - DEBUG -    Base URL: https://api.siliconflow.cn/v1
2025-11-24 00:24:58 - ai_model - DEBUG -    API Key: sk-gsaohhwdtofontqfo...rolhikfqmy
2025-11-24 00:25:02 - ai_model - DEBUG - ✅ AI模型初始化完成
2025-11-24 00:25:02 - ai_model - DEBUG -    模型: deepseek-ai/DeepSeek-V3
2025-11-24 00:25:02 - ai_model - DEBUG -    Base URL: https://api.siliconflow.cn/v1
2025-11-24 00:25:02 - ai_model - DEBUG -    API Key: sk-gsaohhwdtofontqfo...rolhikfqmy
2025-11-24 00:25:05 - ai_model - DEBUG - ✅ AI模型初始化完成
2025-11-24 00:25:05 - ai_model - DEBUG -    模型: deepseek-ai/DeepSeek-V3
2025-11-24 00:25:05 - ai_model - DEBUG -    Base URL: https://api.siliconflow.cn/v1
2025-11-24 00:25:05 - ai_model - DEBUG -    API Key: sk-gsaohhwdtofontqfo...rolhikfqmy
2025-11-24 00:25:05 - ai_model - DEBUG - ✅ AI模型初始化完成
2025-11-24 00:25:05 - ai_model - DEBUG -    模型: deepseek-ai/DeepSeek-V3
2025-11-24 00:25:05 - ai_model - DEBUG -    Base URL: https://api.siliconflow.cn/v1
2025-11-24 00:25:05 - ai_model - DEBUG -    API Key: sk-gsaohhwdtofontqfo...rolhikfqmy
2025-11-24 00:25:21 - ai_model - DEBUG - ✅ AI模型初始化完成
2025-11-24 00:25:21 - ai_model - DEBUG -    模型: deepseek-ai/DeepSeek-V3
2025-11-24 00:25:21 - ai_model - DEBUG -    Base URL: https://api.siliconflow.cn/v1
2025-11-24 00:25:21 - ai_model - DEBUG -    API Key: sk-gsaohhwdtofontqfo...rolhikfqmy
2025-11-24 00:25:24 - ai_model - DEBUG - ✅ AI模型初始化完成
2025-11-24 00:25:24 - ai_model - DEBUG -    模型: deepseek-ai/DeepSeek-V3
2025-11-24 00:25:24 - ai_model - DEBUG -    Base URL: https://api.siliconflow.cn/v1
2025-11-24 00:25:24 - ai_model - DEBUG -    API Key: sk-gsaohhwdtofontqfo...rolhikfqmy
2025-11-24 00:25:27 - ai_model - DEBUG - ✅ AI模型初始化完成
2025-11-24 00:25:27 - ai_model - DEBUG -    模型: deepseek-ai/DeepSeek-V3
2025-11-24 00:25:27 - ai_model - DEBUG -    Base URL: https://api.siliconflow.cn/v1
2025-11-24 00:25:27 - ai_model - DEBUG -    API Key: sk-gsaohhwdtofontqfo...rolhikfqmy
2025-11-24 00:25:27 - ai_model - DEBUG - ✅ AI模型初始化完成
2025-11-24 00:25:27 - ai_model - DEBUG -    模型: deepseek-ai/DeepSeek-V3
2025-11-24 00:25:27 - ai_model - DEBUG -    Base URL: https://api.siliconflow.cn/v1
2025-11-24 00:25:27 - ai_model - DEBUG -    API Key: sk-gsaohhwdtofontqfo...rolhikfqmy
2025-11-24 00:31:50 - ai_model - DEBUG - ✅ AI模型初始化完成
2025-11-24 00:31:50 - ai_model - DEBUG -    模型: deepseek-ai/DeepSeek-V3
2025-11-24 00:31:50 - ai_model - DEBUG -    Base URL: https://api.siliconflow.cn/v1
2025-11-24 00:31:50 - ai_model - DEBUG -    API Key: sk-gsaohhwdtofontqfo...rolhikfqmy
2025-11-24 00:31:53 - ai_model - DEBUG - ✅ AI模型初始化完成
2025-11-24 00:31:53 - ai_model - DEBUG -    模型: deepseek-ai/DeepSeek-V3
2025-11-24 00:31:53 - ai_model - DEBUG -    Base URL: https://api.siliconflow.cn/v1
2025-11-24 00:31:53 - ai_model - DEBUG -    API Key: sk-gsaohhwdtofontqfo...rolhikfqmy
2025-11-24 00:31:59 - ai_model - DEBUG - ✅ AI模型初始化完成
2025-11-24 00:31:59 - ai_model - DEBUG -    模型: deepseek-ai/DeepSeek-V3
2025-11-24 00:31:59 - ai_model - DEBUG -    Base URL: https://api.siliconflow.cn/v1
2025-11-24 00:31:59 - ai_model - DEBUG -    API Key: sk-gsaohhwdtofontqfo...rolhikfqmy
2025-11-24 00:31:59 - ai_model - DEBUG - ✅ AI模型初始化完成
2025-11-24 00:31:59 - ai_model - DEBUG -    模型: deepseek-ai/DeepSeek-V3
2025-11-24 00:31:59 - ai_model - DEBUG -    Base URL: https://api.siliconflow.cn/v1
2025-11-24 00:31:59 - ai_model - DEBUG -    API Key: sk-gsaohhwdtofontqfo...rolhikfqmy
2025-11-24 00:35:32 - ai_model - DEBUG - ✅ AI模型初始化完成
2025-11-24 00:35:32 - ai_model - DEBUG -    模型: deepseek-ai/DeepSeek-V3
2025-11-24 00:35:32 - ai_model - DEBUG -    Base URL: https://api.siliconflow.cn/v1
2025-11-24 00:35:32 - ai_model - DEBUG -    API Key: sk-gsaohhwdtofontqfo...rolhikfqmy
2025-11-24 00:35:37 - ai_model - DEBUG - ✅ AI模型初始化完成
2025-11-24 00:35:37 - ai_model - DEBUG -    模型: deepseek-ai/DeepSeek-V3
2025-11-24 00:35:37 - ai_model - DEBUG -    Base URL: https://api.siliconflow.cn/v1
2025-11-24 00:35:37 - ai_model - DEBUG -    API Key: sk-gsaohhwdtofontqfo...rolhikfqmy
2025-11-24 00:35:41 - ai_model - DEBUG - ✅ AI模型初始化完成
2025-11-24 00:35:41 - ai_model - DEBUG -    模型: deepseek-ai/DeepSeek-V3
2025-11-24 00:35:41 - ai_model - DEBUG -    Base URL: https://api.siliconflow.cn/v1
2025-11-24 00:35:41 - ai_model - DEBUG -    API Key: sk-gsaohhwdtofontqfo...rolhikfqmy
2025-11-24 00:35:41 - ai_model - DEBUG - ✅ AI模型初始化完成
2025-11-24 00:35:41 - ai_model - DEBUG -    模型: deepseek-ai/DeepSeek-V3
2025-11-24 00:35:41 - ai_model - DEBUG -    Base URL: https://api.siliconflow.cn/v1
2025-11-24 00:35:41 - ai_model - DEBUG -    API Key: sk-gsaohhwdtofontqfo...rolhikfqmy
2025-11-24 00:36:04 - ai_model - DEBUG - ✅ AI模型初始化完成
2025-11-24 00:36:04 - ai_model - DEBUG -    模型: deepseek-ai/DeepSeek-V3
2025-11-24 00:36:04 - ai_model - DEBUG -    Base URL: https://api.siliconflow.cn/v1
2025-11-24 00:36:04 - ai_model - DEBUG -    API Key: sk-gsaohhwdtofontqfo...rolhikfqmy
2025-11-24 00:36:07 - ai_model - DEBUG - ✅ AI模型初始化完成
2025-11-24 00:36:07 - ai_model - DEBUG -    模型: deepseek-ai/DeepSeek-V3
2025-11-24 00:36:07 - ai_model - DEBUG -    Base URL: https://api.siliconflow.cn/v1
2025-11-24 00:36:07 - ai_model - DEBUG -    API Key: sk-gsaohhwdtofontqfo...rolhikfqmy
2025-11-24 00:36:11 - ai_model - DEBUG - ✅ AI模型初始化完成
2025-11-24 00:36:11 - ai_model - DEBUG -    模型: deepseek-ai/DeepSeek-V3
2025-11-24 00:36:11 - ai_model - DEBUG -    Base URL: https://api.siliconflow.cn/v1
2025-11-24 00:36:11 - ai_model - DEBUG -    API Key: sk-gsaohhwdtofontqfo...rolhikfqmy
2025-11-24 00:36:11 - ai_model - DEBUG - ✅ AI模型初始化完成
2025-11-24 00:36:11 - ai_model - DEBUG -    模型: deepseek-ai/DeepSeek-V3
2025-11-24 00:36:11 - ai_model - DEBUG -    Base URL: https://api.siliconflow.cn/v1
2025-11-24 00:36:11 - ai_model - DEBUG -    API Key: sk-gsaohhwdtofontqfo...rolhikfqmy
2025-11-24 00:44:08 - ai_model - DEBUG - ✅ AI模型初始化完成
2025-11-24 00:44:08 - ai_model - DEBUG -    模型: deepseek-ai/DeepSeek-V3
2025-11-24 00:44:08 - ai_model - DEBUG -    Base URL: https://api.siliconflow.cn/v1
2025-11-24 00:44:08 - ai_model - DEBUG -    API Key: sk-gsaohhwdtofontqfo...rolhikfqmy
2025-11-24 00:44:11 - ai_model - DEBUG - ✅ AI模型初始化完成
2025-11-24 00:44:11 - ai_model - DEBUG -    模型: deepseek-ai/DeepSeek-V3
2025-11-24 00:44:11 - ai_model - DEBUG -    Base URL: https://api.siliconflow.cn/v1
2025-11-24 00:44:11 - ai_model - DEBUG -    API Key: sk-gsaohhwdtofontqfo...rolhikfqmy
2025-11-24 00:44:15 - ai_model - DEBUG - ✅ AI模型初始化完成
2025-11-24 00:44:15 - ai_model - DEBUG -    模型: deepseek-ai/DeepSeek-V3
2025-11-24 00:44:15 - ai_model - DEBUG -    Base URL: https://api.siliconflow.cn/v1
2025-11-24 00:44:15 - ai_model - DEBUG -    API Key: sk-gsaohhwdtofontqfo...rolhikfqmy
2025-11-24 00:44:15 - ai_model - DEBUG - ✅ AI模型初始化完成
2025-11-24 00:44:15 - ai_model - DEBUG -    模型: deepseek-ai/DeepSeek-V3
2025-11-24 00:44:15 - ai_model - DEBUG -    Base URL: https://api.siliconflow.cn/v1
2025-11-24 00:44:15 - ai_model - DEBUG -    API Key: sk-gsaohhwdtofontqfo...rolhikfqmy
2025-11-24 00:44:33 - ai_model - DEBUG - ✅ AI模型初始化完成
2025-11-24 00:44:33 - ai_model - DEBUG -    模型: deepseek-ai/DeepSeek-V3
2025-11-24 00:44:33 - ai_model - DEBUG -    Base URL: https://api.siliconflow.cn/v1
2025-11-24 00:44:33 - ai_model - DEBUG -    API Key: sk-gsaohhwdtofontqfo...rolhikfqmy
2025-11-24 00:44:36 - ai_model - DEBUG - ✅ AI模型初始化完成
2025-11-24 00:44:36 - ai_model - DEBUG -    模型: deepseek-ai/DeepSeek-V3
2025-11-24 00:44:36 - ai_model - DEBUG -    Base URL: https://api.siliconflow.cn/v1
2025-11-24 00:44:36 - ai_model - DEBUG -    API Key: sk-gsaohhwdtofontqfo...rolhikfqmy
2025-11-24 00:44:39 - ai_model - DEBUG - ✅ AI模型初始化完成
2025-11-24 00:44:39 - ai_model - DEBUG -    模型: deepseek-ai/DeepSeek-V3
2025-11-24 00:44:39 - ai_model - DEBUG -    Base URL: https://api.siliconflow.cn/v1
2025-11-24 00:44:39 - ai_model - DEBUG -    API Key: sk-gsaohhwdtofontqfo...rolhikfqmy
2025-11-24 00:44:39 - ai_model - DEBUG - ✅ AI模型初始化完成
2025-11-24 00:44:39 - ai_model - DEBUG -    模型: deepseek-ai/DeepSeek-V3
2025-11-24 00:44:39 - ai_model - DEBUG -    Base URL: https://api.siliconflow.cn/v1
2025-11-24 00:44:39 - ai_model - DEBUG -    API Key: sk-gsaohhwdtofontqfo...rolhikfqmy
2025-11-24 00:49:27 - ai_model - DEBUG - ✅ AI模型初始化完成
2025-11-24 00:49:27 - ai_model - DEBUG -    模型: deepseek-ai/DeepSeek-V3
2025-11-24 00:49:27 - ai_model - DEBUG -    Base URL: https://api.siliconflow.cn/v1
2025-11-24 00:49:27 - ai_model - DEBUG -    API Key: sk-gsaohhwdtofontqfo...rolhikfqmy
2025-11-24 00:49:29 - ai_model - DEBUG - ✅ AI模型初始化完成
2025-11-24 00:49:29 - ai_model - DEBUG -    模型: deepseek-ai/DeepSeek-V3
2025-11-24 00:49:29 - ai_model - DEBUG -    Base URL: https://api.siliconflow.cn/v1
2025-11-24 00:49:29 - ai_model - DEBUG -    API Key: sk-gsaohhwdtofontqfo...rolhikfqmy
2025-11-24 00:49:33 - ai_model - DEBUG - ✅ AI模型初始化完成
2025-11-24 00:49:33 - ai_model - DEBUG -    模型: deepseek-ai/DeepSeek-V3
2025-11-24 00:49:33 - ai_model - DEBUG -    Base URL: https://api.siliconflow.cn/v1
2025-11-24 00:49:33 - ai_model - DEBUG -    API Key: sk-gsaohhwdtofontqfo...rolhikfqmy
2025-11-24 00:49:33 - ai_model - DEBUG - ✅ AI模型初始化完成
2025-11-24 00:49:33 - ai_model - DEBUG -    模型: deepseek-ai/DeepSeek-V3
2025-11-24 00:49:33 - ai_model - DEBUG -    Base URL: https://api.siliconflow.cn/v1
2025-11-24 00:49:33 - ai_model - DEBUG -    API Key: sk-gsaohhwdtofontqfo...rolhikfqmy
2025-11-24 00:49:39 - ai_model - DEBUG - ✅ AI模型初始化完成
2025-11-24 00:49:39 - ai_model - DEBUG -    模型: deepseek-ai/DeepSeek-V3
2025-11-24 00:49:39 - ai_model - DEBUG -    Base URL: https://api.siliconflow.cn/v1
2025-11-24 00:49:39 - ai_model - DEBUG -    API Key: sk-gsaohhwdtofontqfo...rolhikfqmy
2025-11-24 00:49:41 - ai_model - DEBUG - ✅ AI模型初始化完成
2025-11-24 00:49:41 - ai_model - DEBUG -    模型: deepseek-ai/DeepSeek-V3
2025-11-24 00:49:41 - ai_model - DEBUG -    Base URL: https://api.siliconflow.cn/v1
2025-11-24 00:49:41 - ai_model - DEBUG -    API Key: sk-gsaohhwdtofontqfo...rolhikfqmy
2025-11-24 00:49:44 - ai_model - DEBUG - ✅ AI模型初始化完成
2025-11-24 00:49:44 - ai_model - DEBUG -    模型: deepseek-ai/DeepSeek-V3
2025-11-24 00:49:44 - ai_model - DEBUG -    Base URL: https://api.siliconflow.cn/v1
2025-11-24 00:49:44 - ai_model - DEBUG -    API Key: sk-gsaohhwdtofontqfo...rolhikfqmy
2025-11-24 00:49:44 - ai_model - DEBUG - ✅ AI模型初始化完成
2025-11-24 00:49:44 - ai_model - DEBUG -    模型: deepseek-ai/DeepSeek-V3
2025-11-24 00:49:44 - ai_model - DEBUG -    Base URL: https://api.siliconflow.cn/v1
2025-11-24 00:49:44 - ai_model - DEBUG -    API Key: sk-gsaohhwdtofontqfo...rolhikfqmy
2025-11-24 00:52:07 - ai_model - DEBUG - ✅ AI模型初始化完成
2025-11-24 00:52:07 - ai_model - DEBUG -    模型: deepseek-ai/DeepSeek-V3
2025-11-24 00:52:07 - ai_model - DEBUG -    Base URL: https://api.siliconflow.cn/v1
2025-11-24 00:52:07 - ai_model - DEBUG -    API Key: sk-gsaohhwdtofontqfo...rolhikfqmy
2025-11-24 00:52:11 - ai_model - DEBUG - ✅ AI模型初始化完成
2025-11-24 00:52:11 - ai_model - DEBUG -    模型: deepseek-ai/DeepSeek-V3
2025-11-24 00:52:11 - ai_model - DEBUG -    Base URL: https://api.siliconflow.cn/v1
2025-11-24 00:52:11 - ai_model - DEBUG -    API Key: sk-gsaohhwdtofontqfo...rolhikfqmy
2025-11-24 00:52:15 - ai_model - DEBUG - ✅ AI模型初始化完成
2025-11-24 00:52:15 - ai_model - DEBUG -    模型: deepseek-ai/DeepSeek-V3
2025-11-24 00:52:15 - ai_model - DEBUG -    Base URL: https://api.siliconflow.cn/v1
2025-11-24 00:52:15 - ai_model - DEBUG -    API Key: sk-gsaohhwdtofontqfo...rolhikfqmy
2025-11-24 00:52:15 - ai_model - DEBUG - ✅ AI模型初始化完成
2025-11-24 00:52:15 - ai_model - DEBUG -    模型: deepseek-ai/DeepSeek-V3
2025-11-24 00:52:15 - ai_model - DEBUG -    Base URL: https://api.siliconflow.cn/v1
2025-11-24 00:52:15 - ai_model - DEBUG -    API Key: sk-gsaohhwdtofontqfo...rolhikfqmy
2025-11-24 00:53:38 - ai_model - DEBUG - ✅ AI模型初始化完成
2025-11-24 00:53:38 - ai_model - DEBUG -    模型: deepseek-ai/DeepSeek-V3
2025-11-24 00:53:38 - ai_model - DEBUG -    Base URL: https://api.siliconflow.cn/v1
2025-11-24 00:53:38 - ai_model - DEBUG -    API Key: sk-gsaohhwdtofontqfo...rolhikfqmy
2025-11-24 00:53:40 - ai_model - DEBUG - ✅ AI模型初始化完成
2025-11-24 00:53:40 - ai_model - DEBUG -    模型: deepseek-ai/DeepSeek-V3
2025-11-24 00:53:40 - ai_model - DEBUG -    Base URL: https://api.siliconflow.cn/v1
2025-11-24 00:53:40 - ai_model - DEBUG -    API Key: sk-gsaohhwdtofontqfo...rolhikfqmy
2025-11-24 00:53:40 - ai_model - DEBUG - ✅ AI模型初始化完成
2025-11-24 00:53:40 - ai_model - DEBUG -    模型: deepseek-ai/DeepSeek-V3
2025-11-24 00:53:40 - ai_model - DEBUG -    Base URL: https://api.siliconflow.cn/v1
2025-11-24 00:53:40 - ai_model - DEBUG -    API Key: sk-gsaohhwdtofontqfo...rolhikfqmy
2025-11-24 00:54:56 - ai_model - DEBUG - ✅ AI模型初始化完成
2025-11-24 00:54:56 - ai_model - DEBUG -    模型: deepseek-ai/DeepSeek-V3
2025-11-24 00:54:56 - ai_model - DEBUG -    Base URL: https://api.siliconflow.cn/v1
2025-11-24 00:54:56 - ai_model - DEBUG -    API Key: sk-gsaohhwdtofontqfo...rolhikfqmy
2025-11-24 00:54:58 - ai_model - DEBUG - ✅ AI模型初始化完成
2025-11-24 00:54:58 - ai_model - DEBUG -    模型: deepseek-ai/DeepSeek-V3
2025-11-24 00:54:58 - ai_model - DEBUG -    Base URL: https://api.siliconflow.cn/v1
2025-11-24 00:54:58 - ai_model - DEBUG -    API Key: sk-gsaohhwdtofontqfo...rolhikfqmy
2025-11-24 00:55:02 - ai_model - DEBUG - ✅ AI模型初始化完成
2025-11-24 00:55:02 - ai_model - DEBUG -    模型: deepseek-ai/DeepSeek-V3
2025-11-24 00:55:02 - ai_model - DEBUG -    Base URL: https://api.siliconflow.cn/v1
2025-11-24 00:55:02 - ai_model - DEBUG -    API Key: sk-gsaohhwdtofontqfo...rolhikfqmy
2025-11-24 00:55:02 - ai_model - DEBUG - ✅ AI模型初始化完成
2025-11-24 00:55:02 - ai_model - DEBUG -    模型: deepseek-ai/DeepSeek-V3
2025-11-24 00:55:02 - ai_model - DEBUG -    Base URL: https://api.siliconflow.cn/v1
2025-11-24 00:55:02 - ai_model - DEBUG -    API Key: sk-gsaohhwdtofontqfo...rolhikfqmy
2025-11-24 00:55:11 - ai_model - DEBUG - ✅ AI模型初始化完成
2025-11-24 00:55:11 - ai_model - DEBUG -    模型: deepseek-ai/DeepSeek-V3
2025-11-24 00:55:11 - ai_model - DEBUG -    Base URL: https://api.siliconflow.cn/v1
2025-11-24 00:55:11 - ai_model - DEBUG -    API Key: sk-gsaohhwdtofontqfo...rolhikfqmy
2025-11-24 00:55:17 - ai_model - DEBUG - ✅ AI模型初始化完成
2025-11-24 00:55:17 - ai_model - DEBUG -    模型: deepseek-ai/DeepSeek-V3
2025-11-24 00:55:17 - ai_model - DEBUG -    Base URL: https://api.siliconflow.cn/v1
2025-11-24 00:55:17 - ai_model - DEBUG -    API Key: sk-gsaohhwdtofontqfo...rolhikfqmy
2025-11-24 00:55:20 - ai_model - DEBUG - ✅ AI模型初始化完成
2025-11-24 00:55:20 - ai_model - DEBUG -    模型: deepseek-ai/DeepSeek-V3
2025-11-24 00:55:20 - ai_model - DEBUG -    Base URL: https://api.siliconflow.cn/v1
2025-11-24 00:55:20 - ai_model - DEBUG -    API Key: sk-gsaohhwdtofontqfo...rolhikfqmy
2025-11-24 00:55:20 - ai_model - DEBUG - ✅ AI模型初始化完成
2025-11-24 00:55:20 - ai_model - DEBUG -    模型: deepseek-ai/DeepSeek-V3
2025-11-24 00:55:20 - ai_model - DEBUG -    Base URL: https://api.siliconflow.cn/v1
2025-11-24 00:55:20 - ai_model - DEBUG -    API Key: sk-gsaohhwdtofontqfo...rolhikfqmy
2025-11-24 01:11:44 - ai_model - DEBUG - ✅ AI模型初始化完成
2025-11-24 01:11:44 - ai_model - DEBUG -    模型: deepseek-ai/DeepSeek-V3
2025-11-24 01:11:44 - ai_model - DEBUG -    Base URL: https://api.siliconflow.cn/v1
2025-11-24 01:11:44 - ai_model - DEBUG -    API Key: sk-gsaohhwdtofontqfo...rolhikfqmy
2025-11-24 01:11:46 - ai_model - DEBUG - ✅ AI模型初始化完成
2025-11-24 01:11:46 - ai_model - DEBUG -    模型: deepseek-ai/DeepSeek-V3
2025-11-24 01:11:46 - ai_model - DEBUG -    Base URL: https://api.siliconflow.cn/v1
2025-11-24 01:11:46 - ai_model - DEBUG -    API Key: sk-gsaohhwdtofontqfo...rolhikfqmy
2025-11-24 01:11:46 - ai_model - DEBUG - ✅ AI模型初始化完成
2025-11-24 01:11:46 - ai_model - DEBUG -    模型: deepseek-ai/DeepSeek-V3
2025-11-24 01:11:46 - ai_model - DEBUG -    Base URL: https://api.siliconflow.cn/v1
2025-11-24 01:11:46 - ai_model - DEBUG -    API Key: sk-gsaohhwdtofontqfo...rolhikfqmy
2025-11-24 01:13:58 - ai_model - DEBUG - ✅ AI模型初始化完成
2025-11-24 01:13:58 - ai_model - DEBUG -    模型: deepseek-ai/DeepSeek-V3
2025-11-24 01:13:58 - ai_model - DEBUG -    Base URL: https://api.siliconflow.cn/v1
2025-11-24 01:13:58 - ai_model - DEBUG -    API Key: sk-gsaohhwdtofontqfo...rolhikfqmy
2025-11-24 01:14:00 - ai_model - DEBUG - ✅ AI模型初始化完成
2025-11-24 01:14:00 - ai_model - DEBUG -    模型: deepseek-ai/DeepSeek-V3
2025-11-24 01:14:00 - ai_model - DEBUG -    Base URL: https://api.siliconflow.cn/v1
2025-11-24 01:14:00 - ai_model - DEBUG -    API Key: sk-gsaohhwdtofontqfo...rolhikfqmy
2025-11-24 01:14:04 - ai_model - DEBUG - ✅ AI模型初始化完成
2025-11-24 01:14:04 - ai_model - DEBUG -    模型: deepseek-ai/DeepSeek-V3
2025-11-24 01:14:04 - ai_model - DEBUG -    Base URL: https://api.siliconflow.cn/v1
2025-11-24 01:14:04 - ai_model - DEBUG -    API Key: sk-gsaohhwdtofontqfo...rolhikfqmy
2025-11-24 01:14:04 - ai_model - DEBUG - ✅ AI模型初始化完成
2025-11-24 01:14:04 - ai_model - DEBUG -    模型: deepseek-ai/DeepSeek-V3
2025-11-24 01:14:04 - ai_model - DEBUG -    Base URL: https://api.siliconflow.cn/v1
2025-11-24 01:14:04 - ai_model - DEBUG -    API Key: sk-gsaohhwdtofontqfo...rolhikfqmy
2025-11-24 01:14:25 - ai_model - DEBUG - ✅ AI模型初始化完成
2025-11-24 01:14:25 - ai_model - DEBUG -    模型: deepseek-ai/DeepSeek-V3
2025-11-24 01:14:25 - ai_model - DEBUG -    Base URL: https://api.siliconflow.cn/v1
2025-11-24 01:14:25 - ai_model - DEBUG -    API Key: sk-gsaohhwdtofontqfo...rolhikfqmy
2025-11-24 01:14:33 - ai_model - DEBUG - ✅ AI模型初始化完成
2025-11-24 01:14:33 - ai_model - DEBUG -    模型: deepseek-ai/DeepSeek-V3
2025-11-24 01:14:33 - ai_model - DEBUG -    Base URL: https://api.siliconflow.cn/v1
2025-11-24 01:14:33 - ai_model - DEBUG -    API Key: sk-gsaohhwdtofontqfo...rolhikfqmy
2025-11-24 01:14:36 - ai_model - DEBUG - ✅ AI模型初始化完成
2025-11-24 01:14:36 - ai_model - DEBUG -    模型: deepseek-ai/DeepSeek-V3
2025-11-24 01:14:36 - ai_model - DEBUG -    Base URL: https://api.siliconflow.cn/v1
2025-11-24 01:14:36 - ai_model - DEBUG -    API Key: sk-gsaohhwdtofontqfo...rolhikfqmy
2025-11-24 01:14:36 - ai_model - DEBUG - ✅ AI模型初始化完成
2025-11-24 01:14:36 - ai_model - DEBUG -    模型: deepseek-ai/DeepSeek-V3
2025-11-24 01:14:36 - ai_model - DEBUG -    Base URL: https://api.siliconflow.cn/v1
2025-11-24 01:14:36 - ai_model - DEBUG -    API Key: sk-gsaohhwdtofontqfo...rolhikfqmy
2025-11-24 01:16:36 - ai_model - DEBUG - ✅ AI模型初始化完成
2025-11-24 01:16:36 - ai_model - DEBUG -    模型: deepseek-ai/DeepSeek-V3
2025-11-24 01:16:36 - ai_model - DEBUG -    Base URL: https://api.siliconflow.cn/v1
2025-11-24 01:16:36 - ai_model - DEBUG -    API Key: sk-gsaohhwdtofontqfo...rolhikfqmy
2025-11-24 01:16:38 - ai_model - DEBUG - ✅ AI模型初始化完成
2025-11-24 01:16:38 - ai_model - DEBUG -    模型: deepseek-ai/DeepSeek-V3
2025-11-24 01:16:38 - ai_model - DEBUG -    Base URL: https://api.siliconflow.cn/v1
2025-11-24 01:16:38 - ai_model - DEBUG -    API Key: sk-gsaohhwdtofontqfo...rolhikfqmy
2025-11-24 01:16:44 - ai_model - DEBUG - ✅ AI模型初始化完成
2025-11-24 01:16:44 - ai_model - DEBUG -    模型: deepseek-ai/DeepSeek-V3
2025-11-24 01:16:44 - ai_model - DEBUG -    Base URL: https://api.siliconflow.cn/v1
2025-11-24 01:16:44 - ai_model - DEBUG -    API Key: sk-gsaohhwdtofontqfo...rolhikfqmy
2025-11-24 01:16:44 - ai_model - DEBUG - ✅ AI模型初始化完成
2025-11-24 01:16:44 - ai_model - DEBUG -    模型: deepseek-ai/DeepSeek-V3
2025-11-24 01:16:44 - ai_model - DEBUG -    Base URL: https://api.siliconflow.cn/v1
2025-11-24 01:16:44 - ai_model - DEBUG -    API Key: sk-gsaohhwdtofontqfo...rolhikfqmy
2025-11-24 01:18:41 - ai_model - DEBUG - ✅ AI模型初始化完成
2025-11-24 01:18:41 - ai_model - DEBUG -    模型: deepseek-ai/DeepSeek-V3
2025-11-24 01:18:41 - ai_model - DEBUG -    Base URL: https://api.siliconflow.cn/v1
2025-11-24 01:18:41 - ai_model - DEBUG -    API Key: sk-gsaohhwdtofontqfo...rolhikfqmy
2025-11-24 01:18:44 - ai_model - DEBUG - ✅ AI模型初始化完成
2025-11-24 01:18:44 - ai_model - DEBUG -    模型: deepseek-ai/DeepSeek-V3
2025-11-24 01:18:44 - ai_model - DEBUG -    Base URL: https://api.siliconflow.cn/v1
2025-11-24 01:18:44 - ai_model - DEBUG -    API Key: sk-gsaohhwdtofontqfo...rolhikfqmy
2025-11-24 01:18:49 - ai_model - DEBUG - ✅ AI模型初始化完成
2025-11-24 01:18:49 - ai_model - DEBUG -    模型: deepseek-ai/DeepSeek-V3
2025-11-24 01:18:49 - ai_model - DEBUG -    Base URL: https://api.siliconflow.cn/v1
2025-11-24 01:18:49 - ai_model - DEBUG -    API Key: sk-gsaohhwdtofontqfo...rolhikfqmy
2025-11-24 01:18:49 - ai_model - DEBUG - ✅ AI模型初始化完成
2025-11-24 01:18:49 - ai_model - DEBUG -    模型: deepseek-ai/DeepSeek-V3
2025-11-24 01:18:49 - ai_model - DEBUG -    Base URL: https://api.siliconflow.cn/v1
2025-11-24 01:18:49 - ai_model - DEBUG -    API Key: sk-gsaohhwdtofontqfo...rolhikfqmy
2025-11-24 01:21:08 - ai_model - DEBUG - ✅ AI模型初始化完成
2025-11-24 01:21:08 - ai_model - DEBUG -    模型: deepseek-ai/DeepSeek-V3
2025-11-24 01:21:08 - ai_model - DEBUG -    Base URL: https://api.siliconflow.cn/v1
2025-11-24 01:21:08 - ai_model - DEBUG -    API Key: sk-gsaohhwdtofontqfo...rolhikfqmy
2025-11-24 01:21:11 - ai_model - DEBUG - ✅ AI模型初始化完成
2025-11-24 01:21:11 - ai_model - DEBUG -    模型: deepseek-ai/DeepSeek-V3
2025-11-24 01:21:11 - ai_model - DEBUG -    Base URL: https://api.siliconflow.cn/v1
2025-11-24 01:21:11 - ai_model - DEBUG -    API Key: sk-gsaohhwdtofontqfo...rolhikfqmy
2025-11-24 01:21:16 - ai_model - DEBUG - ✅ AI模型初始化完成
2025-11-24 01:21:16 - ai_model - DEBUG -    模型: deepseek-ai/DeepSeek-V3
2025-11-24 01:21:16 - ai_model - DEBUG -    Base URL: https://api.siliconflow.cn/v1
2025-11-24 01:21:16 - ai_model - DEBUG -    API Key: sk-gsaohhwdtofontqfo...rolhikfqmy
2025-11-24 01:21:16 - ai_model - DEBUG - ✅ AI模型初始化完成
2025-11-24 01:21:16 - ai_model - DEBUG -    模型: deepseek-ai/DeepSeek-V3
2025-11-24 01:21:16 - ai_model - DEBUG -    Base URL: https://api.siliconflow.cn/v1
2025-11-24 01:21:16 - ai_model - DEBUG -    API Key: sk-gsaohhwdtofontqfo...rolhikfqmy
2025-11-24 01:21:44 - ai_model - DEBUG - ✅ AI模型初始化完成
2025-11-24 01:21:44 - ai_model - DEBUG -    模型: deepseek-ai/DeepSeek-V3
2025-11-24 01:21:44 - ai_model - DEBUG -    Base URL: https://api.siliconflow.cn/v1
2025-11-24 01:21:44 - ai_model - DEBUG -    API Key: sk-gsaohhwdtofontqfo...rolhikfqmy
2025-11-24 01:21:47 - ai_model - DEBUG - ✅ AI模型初始化完成
2025-11-24 01:21:47 - ai_model - DEBUG -    模型: deepseek-ai/DeepSeek-V3
2025-11-24 01:21:47 - ai_model - DEBUG -    Base URL: https://api.siliconflow.cn/v1
2025-11-24 01:21:47 - ai_model - DEBUG -    API Key: sk-gsaohhwdtofontqfo...rolhikfqmy
2025-11-24 01:21:51 - ai_model - DEBUG - ✅ AI模型初始化完成
2025-11-24 01:21:51 - ai_model - DEBUG -    模型: deepseek-ai/DeepSeek-V3
2025-11-24 01:21:51 - ai_model - DEBUG -    Base URL: https://api.siliconflow.cn/v1
2025-11-24 01:21:51 - ai_model - DEBUG -    API Key: sk-gsaohhwdtofontqfo...rolhikfqmy
2025-11-24 01:21:51 - ai_model - DEBUG - ✅ AI模型初始化完成
2025-11-24 01:21:51 - ai_model - DEBUG -    模型: deepseek-ai/DeepSeek-V3
2025-11-24 01:21:51 - ai_model - DEBUG -    Base URL: https://api.siliconflow.cn/v1
2025-11-24 01:21:51 - ai_model - DEBUG -    API Key: sk-gsaohhwdtofontqfo...rolhikfqmy
2025-11-24 01:25:07 - ai_model - DEBUG - ✅ AI模型初始化完成
2025-11-24 01:25:07 - ai_model - DEBUG -    模型: deepseek-ai/DeepSeek-V3
2025-11-24 01:25:07 - ai_model - DEBUG -    Base URL: https://api.siliconflow.cn/v1
2025-11-24 01:25:07 - ai_model - DEBUG -    API Key: sk-gsaohhwdtofontqfo...rolhikfqmy
2025-11-24 01:25:09 - ai_model - DEBUG - ✅ AI模型初始化完成
2025-11-24 01:25:09 - ai_model - DEBUG -    模型: deepseek-ai/DeepSeek-V3
2025-11-24 01:25:09 - ai_model - DEBUG -    Base URL: https://api.siliconflow.cn/v1
2025-11-24 01:25:09 - ai_model - DEBUG -    API Key: sk-gsaohhwdtofontqfo...rolhikfqmy
2025-11-24 01:25:13 - ai_model - DEBUG - ✅ AI模型初始化完成
2025-11-24 01:25:13 - ai_model - DEBUG -    模型: deepseek-ai/DeepSeek-V3
2025-11-24 01:25:13 - ai_model - DEBUG -    Base URL: https://api.siliconflow.cn/v1
2025-11-24 01:25:13 - ai_model - DEBUG -    API Key: sk-gsaohhwdtofontqfo...rolhikfqmy
2025-11-24 01:25:13 - ai_model - DEBUG - ✅ AI模型初始化完成
2025-11-24 01:25:13 - ai_model - DEBUG -    模型: deepseek-ai/DeepSeek-V3
2025-11-24 01:25:13 - ai_model - DEBUG -    Base URL: https://api.siliconflow.cn/v1
2025-11-24 01:25:13 - ai_model - DEBUG -    API Key: sk-gsaohhwdtofontqfo...rolhikfqmy
2025-11-24 01:31:16 - ai_model - DEBUG - ✅ AI模型初始化完成
2025-11-24 01:31:16 - ai_model - DEBUG -    模型: deepseek-ai/DeepSeek-V3
2025-11-24 01:31:16 - ai_model - DEBUG -    Base URL: https://api.siliconflow.cn/v1
2025-11-24 01:31:16 - ai_model - DEBUG -    API Key: sk-gsaohhwdtofontqfo...rolhikfqmy
2025-11-24 01:31:18 - ai_model - DEBUG - ✅ AI模型初始化完成
2025-11-24 01:31:18 - ai_model - DEBUG -    模型: deepseek-ai/DeepSeek-V3
2025-11-24 01:31:18 - ai_model - DEBUG -    Base URL: https://api.siliconflow.cn/v1
2025-11-24 01:31:18 - ai_model - DEBUG -    API Key: sk-gsaohhwdtofontqfo...rolhikfqmy
2025-11-24 01:31:20 - ai_model - DEBUG - ✅ AI模型初始化完成
2025-11-24 01:31:20 - ai_model - DEBUG -    模型: deepseek-ai/DeepSeek-V3
2025-11-24 01:31:20 - ai_model - DEBUG -    Base URL: https://api.siliconflow.cn/v1
2025-11-24 01:31:20 - ai_model - DEBUG -    API Key: sk-gsaohhwdtofontqfo...rolhikfqmy
2025-11-24 01:31:20 - ai_model - DEBUG - ✅ AI模型初始化完成
2025-11-24 01:31:20 - ai_model - DEBUG -    模型: deepseek-ai/DeepSeek-V3
2025-11-24 01:31:20 - ai_model - DEBUG -    Base URL: https://api.siliconflow.cn/v1
2025-11-24 01:31:20 - ai_model - DEBUG -    API Key: sk-gsaohhwdtofontqfo...rolhikfqmy
2025-11-24 01:31:26 - ai_model - DEBUG - ✅ AI模型初始化完成
2025-11-24 01:31:26 - ai_model - DEBUG -    模型: deepseek-ai/DeepSeek-V3
2025-11-24 01:31:26 - ai_model - DEBUG -    Base URL: https://api.siliconflow.cn/v1
2025-11-24 01:31:26 - ai_model - DEBUG -    API Key: sk-gsaohhwdtofontqfo...rolhikfqmy
2025-11-24 01:31:27 - ai_model - DEBUG - ✅ AI模型初始化完成
2025-11-24 01:31:27 - ai_model - DEBUG -    模型: deepseek-ai/DeepSeek-V3
2025-11-24 01:31:27 - ai_model - DEBUG -    Base URL: https://api.siliconflow.cn/v1
2025-11-24 01:31:27 - ai_model - DEBUG -    API Key: sk-gsaohhwdtofontqfo...rolhikfqmy
2025-11-24 01:31:31 - ai_model - DEBUG - ✅ AI模型初始化完成
2025-11-24 01:31:31 - ai_model - DEBUG -    模型: deepseek-ai/DeepSeek-V3
2025-11-24 01:31:31 - ai_model - DEBUG -    Base URL: https://api.siliconflow.cn/v1
2025-11-24 01:31:31 - ai_model - DEBUG -    API Key: sk-gsaohhwdtofontqfo...rolhikfqmy
2025-11-24 01:31:31 - ai_model - DEBUG - ✅ AI模型初始化完成
2025-11-24 01:31:31 - ai_model - DEBUG -    模型: deepseek-ai/DeepSeek-V3
2025-11-24 01:31:31 - ai_model - DEBUG -    Base URL: https://api.siliconflow.cn/v1
2025-11-24 01:31:31 - ai_model - DEBUG -    API Key: sk-gsaohhwdtofontqfo...rolhikfqmy
2025-11-24 09:25:59 - ai_model - DEBUG - ✅ AI模型初始化完成
2025-11-24 09:25:59 - ai_model - DEBUG -    模型: deepseek-ai/DeepSeek-V3
2025-11-24 09:25:59 - ai_model - DEBUG -    Base URL: https://api.siliconflow.cn/v1
2025-11-24 09:25:59 - ai_model - DEBUG -    API Key: sk-gsaohhwdtofontqfo...rolhikfqmy
2025-11-24 09:26:01 - ai_model - DEBUG - ✅ AI模型初始化完成
2025-11-24 09:26:01 - ai_model - DEBUG -    模型: deepseek-ai/DeepSeek-V3
2025-11-24 09:26:01 - ai_model - DEBUG -    Base URL: https://api.siliconflow.cn/v1
2025-11-24 09:26:01 - ai_model - DEBUG -    API Key: sk-gsaohhwdtofontqfo...rolhikfqmy
2025-11-24 09:26:04 - ai_model - DEBUG - ✅ AI模型初始化完成
2025-11-24 09:26:04 - ai_model - DEBUG -    模型: deepseek-ai/DeepSeek-V3
2025-11-24 09:26:04 - ai_model - DEBUG -    Base URL: https://api.siliconflow.cn/v1
2025-11-24 09:26:04 - ai_model - DEBUG -    API Key: sk-gsaohhwdtofontqfo...rolhikfqmy
2025-11-24 09:26:17 - ai_model - DEBUG - ✅ AI模型初始化完成
2025-11-24 09:26:17 - ai_model - DEBUG -    模型: deepseek-ai/DeepSeek-V3
2025-11-24 09:26:17 - ai_model - DEBUG -    Base URL: https://api.siliconflow.cn/v1
2025-11-24 09:26:17 - ai_model - DEBUG -    API Key: sk-gsaohhwdtofontqfo...rolhikfqmy
2025-11-24 09:26:19 - ai_model - DEBUG - ✅ AI模型初始化完成
2025-11-24 09:26:19 - ai_model - DEBUG -    模型: deepseek-ai/DeepSeek-V3
2025-11-24 09:26:19 - ai_model - DEBUG -    Base URL: https://api.siliconflow.cn/v1
2025-11-24 09:26:19 - ai_model - DEBUG -    API Key: sk-gsaohhwdtofontqfo...rolhikfqmy
2025-11-24 09:26:19 - ai_model - DEBUG - ✅ AI模型初始化完成
2025-11-24 09:26:19 - ai_model - DEBUG -    模型: deepseek-ai/DeepSeek-V3
2025-11-24 09:26:19 - ai_model - DEBUG -    Base URL: https://api.siliconflow.cn/v1
2025-11-24 09:26:19 - ai_model - DEBUG -    API Key: sk-gsaohhwdtofontqfo...rolhikfqmy
2025-11-24 09:32:56 - ai_model - DEBUG - ✅ AI模型初始化完成
2025-11-24 09:32:56 - ai_model - DEBUG -    模型: deepseek-ai/DeepSeek-V3
2025-11-24 09:32:56 - ai_model - DEBUG -    Base URL: https://api.siliconflow.cn/v1
2025-11-24 09:32:56 - ai_model - DEBUG -    API Key: sk-gsaohhwdtofontqfo...rolhikfqmy
2025-11-24 09:34:42 - ai_model - DEBUG - ✅ AI模型初始化完成
2025-11-24 09:34:42 - ai_model - DEBUG -    模型: deepseek-ai/DeepSeek-V3
2025-11-24 09:34:42 - ai_model - DEBUG -    Base URL: https://api.siliconflow.cn/v1
2025-11-24 09:34:42 - ai_model - DEBUG -    API Key: sk-gsaohhwdtofontqfo...rolhikfqmy
2025-11-24 09:34:43 - ai_model - DEBUG - ✅ AI模型初始化完成
2025-11-24 09:34:43 - ai_model - DEBUG -    模型: deepseek-ai/DeepSeek-V3
2025-11-24 09:34:43 - ai_model - DEBUG -    Base URL: https://api.siliconflow.cn/v1
2025-11-24 09:34:43 - ai_model - DEBUG -    API Key: sk-gsaohhwdtofontqfo...rolhikfqmy
2025-11-24 09:34:43 - ai_model - DEBUG - ✅ AI模型初始化完成
2025-11-24 09:34:43 - ai_model - DEBUG -    模型: deepseek-ai/DeepSeek-V3
2025-11-24 09:34:43 - ai_model - DEBUG -    Base URL: https://api.siliconflow.cn/v1
2025-11-24 09:34:43 - ai_model - DEBUG -    API Key: sk-gsaohhwdtofontqfo...rolhikfqmy
2025-11-24 09:35:48 - ai_model - DEBUG - ✅ AI模型初始化完成
2025-11-24 09:35:48 - ai_model - DEBUG -    模型: deepseek-ai/DeepSeek-V3
2025-11-24 09:35:48 - ai_model - DEBUG -    Base URL: https://api.siliconflow.cn/v1
2025-11-24 09:35:48 - ai_model - DEBUG -    API Key: sk-gsaohhwdtofontqfo...rolhikfqmy
2025-11-24 09:35:49 - ai_model - DEBUG - ✅ AI模型初始化完成
2025-11-24 09:35:49 - ai_model - DEBUG -    模型: deepseek-ai/DeepSeek-V3
2025-11-24 09:35:49 - ai_model - DEBUG -    Base URL: https://api.siliconflow.cn/v1
2025-11-24 09:35:49 - ai_model - DEBUG -    API Key: sk-gsaohhwdtofontqfo...rolhikfqmy
2025-11-24 09:35:49 - ai_model - DEBUG - ✅ AI模型初始化完成
2025-11-24 09:35:49 - ai_model - DEBUG -    模型: deepseek-ai/DeepSeek-V3
2025-11-24 09:35:49 - ai_model - DEBUG -    Base URL: https://api.siliconflow.cn/v1
2025-11-24 09:35:49 - ai_model - DEBUG -    API Key: sk-gsaohhwdtofontqfo...rolhikfqmy
2025-11-24 09:38:26 - ai_model - DEBUG - ✅ AI模型初始化完成
2025-11-24 09:38:26 - ai_model - DEBUG -    模型: deepseek-ai/DeepSeek-V3
2025-11-24 09:38:26 - ai_model - DEBUG -    Base URL: https://api.siliconflow.cn/v1
2025-11-24 09:38:26 - ai_model - DEBUG -    API Key: sk-gsaohhwdtofontqfo...rolhikfqmy
2025-11-24 09:38:28 - ai_model - DEBUG - ✅ AI模型初始化完成
2025-11-24 09:38:28 - ai_model - DEBUG -    模型: deepseek-ai/DeepSeek-V3
2025-11-24 09:38:28 - ai_model - DEBUG -    Base URL: https://api.siliconflow.cn/v1
2025-11-24 09:38:28 - ai_model - DEBUG -    API Key: sk-gsaohhwdtofontqfo...rolhikfqmy
2025-11-24 09:38:31 - ai_model - DEBUG - ✅ AI模型初始化完成
2025-11-24 09:38:31 - ai_model - DEBUG -    模型: deepseek-ai/DeepSeek-V3
2025-11-24 09:38:31 - ai_model - DEBUG -    Base URL: https://api.siliconflow.cn/v1
2025-11-24 09:38:31 - ai_model - DEBUG -    API Key: sk-gsaohhwdtofontqfo...rolhikfqmy
2025-11-24 09:38:31 - ai_model - DEBUG - ✅ AI模型初始化完成
2025-11-24 09:38:31 - ai_model - DEBUG -    模型: deepseek-ai/DeepSeek-V3
2025-11-24 09:38:31 - ai_model - DEBUG -    Base URL: https://api.siliconflow.cn/v1
2025-11-24 09:38:31 - ai_model - DEBUG -    API Key: sk-gsaohhwdtofontqfo...rolhikfqmy
2025-11-24 09:39:37 - ai_model - DEBUG - ✅ AI模型初始化完成
2025-11-24 09:39:37 - ai_model - DEBUG -    模型: deepseek-ai/DeepSeek-V3
2025-11-24 09:39:37 - ai_model - DEBUG -    Base URL: https://api.siliconflow.cn/v1
2025-11-24 09:39:37 - ai_model - DEBUG -    API Key: sk-gsaohhwdtofontqfo...rolhikfqmy
2025-11-24 09:39:39 - ai_model - DEBUG - ✅ AI模型初始化完成
2025-11-24 09:39:39 - ai_model - DEBUG -    模型: deepseek-ai/DeepSeek-V3
2025-11-24 09:39:39 - ai_model - DEBUG -    Base URL: https://api.siliconflow.cn/v1
2025-11-24 09:39:39 - ai_model - DEBUG -    API Key: sk-gsaohhwdtofontqfo...rolhikfqmy
2025-11-24 09:39:41 - ai_model - DEBUG - ✅ AI模型初始化完成
2025-11-24 09:39:41 - ai_model - DEBUG -    模型: deepseek-ai/DeepSeek-V3
2025-11-24 09:39:41 - ai_model - DEBUG -    Base URL: https://api.siliconflow.cn/v1
2025-11-24 09:39:41 - ai_model - DEBUG -    API Key: sk-gsaohhwdtofontqfo...rolhikfqmy
2025-11-24 09:39:41 - ai_model - DEBUG - ✅ AI模型初始化完成
2025-11-24 09:39:41 - ai_model - DEBUG -    模型: deepseek-ai/DeepSeek-V3
2025-11-24 09:39:41 - ai_model - DEBUG -    Base URL: https://api.siliconflow.cn/v1
2025-11-24 09:39:41 - ai_model - DEBUG -    API Key: sk-gsaohhwdtofontqfo...rolhikfqmy
2025-11-24 09:40:17 - ai_model - DEBUG - ✅ AI模型初始化完成
2025-11-24 09:40:17 - ai_model - DEBUG -    模型: deepseek-ai/DeepSeek-V3
2025-11-24 09:40:17 - ai_model - DEBUG -    Base URL: https://api.siliconflow.cn/v1
2025-11-24 09:40:17 - ai_model - DEBUG -    API Key: sk-gsaohhwdtofontqfo...rolhikfqmy
2025-11-24 09:40:18 - ai_model - DEBUG - ✅ AI模型初始化完成
2025-11-24 09:40:18 - ai_model - DEBUG -    模型: deepseek-ai/DeepSeek-V3
2025-11-24 09:40:18 - ai_model - DEBUG -    Base URL: https://api.siliconflow.cn/v1
2025-11-24 09:40:18 - ai_model - DEBUG -    API Key: sk-gsaohhwdtofontqfo...rolhikfqmy
2025-11-24 09:40:22 - ai_model - DEBUG - ✅ AI模型初始化完成
2025-11-24 09:40:22 - ai_model - DEBUG -    模型: deepseek-ai/DeepSeek-V3
2025-11-24 09:40:22 - ai_model - DEBUG -    Base URL: https://api.siliconflow.cn/v1
2025-11-24 09:40:22 - ai_model - DEBUG -    API Key: sk-gsaohhwdtofontqfo...rolhikfqmy
2025-11-24 09:40:22 - ai_model - DEBUG - ✅ AI模型初始化完成
2025-11-24 09:40:22 - ai_model - DEBUG -    模型: deepseek-ai/DeepSeek-V3
2025-11-24 09:40:22 - ai_model - DEBUG -    Base URL: https://api.siliconflow.cn/v1
2025-11-24 09:40:22 - ai_model - DEBUG -    API Key: sk-gsaohhwdtofontqfo...rolhikfqmy
2025-11-24 09:42:31 - ai_model - DEBUG - ✅ AI模型初始化完成
2025-11-24 09:42:31 - ai_model - DEBUG -    模型: deepseek-ai/DeepSeek-V3
2025-11-24 09:42:31 - ai_model - DEBUG -    Base URL: https://api.siliconflow.cn/v1
2025-11-24 09:42:31 - ai_model - DEBUG -    API Key: sk-gsaohhwdtofontqfo...rolhikfqmy
2025-11-24 09:42:32 - ai_model - DEBUG - ✅ AI模型初始化完成
2025-11-24 09:42:32 - ai_model - DEBUG -    模型: deepseek-ai/DeepSeek-V3
2025-11-24 09:42:32 - ai_model - DEBUG -    Base URL: https://api.siliconflow.cn/v1
2025-11-24 09:42:32 - ai_model - DEBUG -    API Key: sk-gsaohhwdtofontqfo...rolhikfqmy
2025-11-24 09:42:36 - ai_model - DEBUG - ✅ AI模型初始化完成
2025-11-24 09:42:36 - ai_model - DEBUG -    模型: deepseek-ai/DeepSeek-V3
2025-11-24 09:42:36 - ai_model - DEBUG -    Base URL: https://api.siliconflow.cn/v1
2025-11-24 09:42:36 - ai_model - DEBUG -    API Key: sk-gsaohhwdtofontqfo...rolhikfqmy
2025-11-24 09:42:36 - ai_model - DEBUG - ✅ AI模型初始化完成
2025-11-24 09:42:36 - ai_model - DEBUG -    模型: deepseek-ai/DeepSeek-V3
2025-11-24 09:42:36 - ai_model - DEBUG -    Base URL: https://api.siliconflow.cn/v1
2025-11-24 09:42:36 - ai_model - DEBUG -    API Key: sk-gsaohhwdtofontqfo...rolhikfqmy
2025-11-24 09:44:29 - ai_model - DEBUG - ✅ AI模型初始化完成
2025-11-24 09:44:29 - ai_model - DEBUG -    模型: deepseek-ai/DeepSeek-V3
2025-11-24 09:44:29 - ai_model - DEBUG -    Base URL: https://api.siliconflow.cn/v1
2025-11-24 09:44:29 - ai_model - DEBUG -    API Key: sk-gsaohhwdtofontqfo...rolhikfqmy
2025-11-24 09:44:30 - ai_model - DEBUG - ✅ AI模型初始化完成
2025-11-24 09:44:30 - ai_model - DEBUG -    模型: deepseek-ai/DeepSeek-V3
2025-11-24 09:44:30 - ai_model - DEBUG -    Base URL: https://api.siliconflow.cn/v1
2025-11-24 09:44:30 - ai_model - DEBUG -    API Key: sk-gsaohhwdtofontqfo...rolhikfqmy
2025-11-24 09:44:34 - ai_model - DEBUG - ✅ AI模型初始化完成
2025-11-24 09:44:34 - ai_model - DEBUG -    模型: deepseek-ai/DeepSeek-V3
2025-11-24 09:44:34 - ai_model - DEBUG -    Base URL: https://api.siliconflow.cn/v1
2025-11-24 09:44:34 - ai_model - DEBUG -    API Key: sk-gsaohhwdtofontqfo...rolhikfqmy
2025-11-24 09:44:34 - ai_model - DEBUG - ✅ AI模型初始化完成
2025-11-24 09:44:34 - ai_model - DEBUG -    模型: deepseek-ai/DeepSeek-V3
2025-11-24 09:44:34 - ai_model - DEBUG -    Base URL: https://api.siliconflow.cn/v1
2025-11-24 09:44:34 - ai_model - DEBUG -    API Key: sk-gsaohhwdtofontqfo...rolhikfqmy
2025-11-24 09:44:59 - ai_model - DEBUG - ✅ AI模型初始化完成
2025-11-24 09:44:59 - ai_model - DEBUG -    模型: deepseek-ai/DeepSeek-V3
2025-11-24 09:44:59 - ai_model - DEBUG -    Base URL: https://api.siliconflow.cn/v1
2025-11-24 09:44:59 - ai_model - DEBUG -    API Key: sk-gsaohhwdtofontqfo...rolhikfqmy
2025-11-24 09:45:01 - ai_model - DEBUG - ✅ AI模型初始化完成
2025-11-24 09:45:01 - ai_model - DEBUG -    模型: deepseek-ai/DeepSeek-V3
2025-11-24 09:45:01 - ai_model - DEBUG -    Base URL: https://api.siliconflow.cn/v1
2025-11-24 09:45:01 - ai_model - DEBUG -    API Key: sk-gsaohhwdtofontqfo...rolhikfqmy
2025-11-24 09:45:05 - ai_model - DEBUG - ✅ AI模型初始化完成
2025-11-24 09:45:05 - ai_model - DEBUG -    模型: deepseek-ai/DeepSeek-V3
2025-11-24 09:45:05 - ai_model - DEBUG -    Base URL: https://api.siliconflow.cn/v1
2025-11-24 09:45:05 - ai_model - DEBUG -    API Key: sk-gsaohhwdtofontqfo...rolhikfqmy
2025-11-24 09:45:05 - ai_model - DEBUG - ✅ AI模型初始化完成
2025-11-24 09:45:05 - ai_model - DEBUG -    模型: deepseek-ai/DeepSeek-V3
2025-11-24 09:45:05 - ai_model - DEBUG -    Base URL: https://api.siliconflow.cn/v1
2025-11-24 09:45:05 - ai_model - DEBUG -    API Key: sk-gsaohhwdtofontqfo...rolhikfqmy
2025-11-24 09:46:26 - ai_model - DEBUG - ✅ AI模型初始化完成
2025-11-24 09:46:26 - ai_model - DEBUG -    模型: deepseek-ai/DeepSeek-V3
2025-11-24 09:46:26 - ai_model - DEBUG -    Base URL: https://api.siliconflow.cn/v1
2025-11-24 09:46:26 - ai_model - DEBUG -    API Key: sk-gsaohhwdtofontqfo...rolhikfqmy
2025-11-24 09:46:27 - ai_model - DEBUG - ✅ AI模型初始化完成
2025-11-24 09:46:27 - ai_model - DEBUG -    模型: deepseek-ai/DeepSeek-V3
2025-11-24 09:46:27 - ai_model - DEBUG -    Base URL: https://api.siliconflow.cn/v1
2025-11-24 09:46:27 - ai_model - DEBUG -    API Key: sk-gsaohhwdtofontqfo...rolhikfqmy
2025-11-24 09:46:27 - ai_model - DEBUG - ✅ AI模型初始化完成
2025-11-24 09:46:27 - ai_model - DEBUG -    模型: deepseek-ai/DeepSeek-V3
2025-11-24 09:46:27 - ai_model - DEBUG -    Base URL: https://api.siliconflow.cn/v1
2025-11-24 09:46:27 - ai_model - DEBUG -    API Key: sk-gsaohhwdtofontqfo...rolhikfqmy
2025-11-24 13:41:02 - ai_model - DEBUG - ✅ AI模型初始化完成
2025-11-24 13:41:02 - ai_model - DEBUG -    模型: deepseek-ai/DeepSeek-V3
2025-11-24 13:41:02 - ai_model - DEBUG -    Base URL: https://api.siliconflow.cn/v1
2025-11-24 13:41:02 - ai_model - DEBUG -    API Key: sk-gsaohhwdtofontqfo...rolhikfqmy
2025-11-24 13:41:05 - ai_model - DEBUG - ✅ AI模型初始化完成
2025-11-24 13:41:05 - ai_model - DEBUG -    模型: deepseek-ai/DeepSeek-V3
2025-11-24 13:41:05 - ai_model - DEBUG -    Base URL: https://api.siliconflow.cn/v1
2025-11-24 13:41:05 - ai_model - DEBUG -    API Key: sk-gsaohhwdtofontqfo...rolhikfqmy
2025-11-24 13:41:08 - ai_model - DEBUG - ✅ AI模型初始化完成
2025-11-24 13:41:08 - ai_model - DEBUG -    模型: deepseek-ai/DeepSeek-V3
2025-11-24 13:41:08 - ai_model - DEBUG -    Base URL: https://api.siliconflow.cn/v1
2025-11-24 13:41:08 - ai_model - DEBUG -    API Key: sk-gsaohhwdtofontqfo...rolhikfqmy
2025-11-24 13:42:22 - ai_model - DEBUG - ✅ AI模型初始化完成
2025-11-24 13:42:22 - ai_model - DEBUG -    模型: deepseek-ai/DeepSeek-V3
2025-11-24 13:42:22 - ai_model - DEBUG -    Base URL: https://api.siliconflow.cn/v1
2025-11-24 13:42:22 - ai_model - DEBUG -    API Key: sk-gsaohhwdtofontqfo...rolhikfqmy
2025-11-24 13:42:24 - ai_model - DEBUG - ✅ AI模型初始化完成
2025-11-24 13:42:24 - ai_model - DEBUG -    模型: deepseek-ai/DeepSeek-V3
2025-11-24 13:42:24 - ai_model - DEBUG -    Base URL: https://api.siliconflow.cn/v1
2025-11-24 13:42:24 - ai_model - DEBUG -    API Key: sk-gsaohhwdtofontqfo...rolhikfqmy
2025-11-24 13:42:27 - ai_model - DEBUG - ✅ AI模型初始化完成
2025-11-24 13:42:27 - ai_model - DEBUG -    模型: deepseek-ai/DeepSeek-V3
2025-11-24 13:42:27 - ai_model - DEBUG -    Base URL: https://api.siliconflow.cn/v1
2025-11-24 13:42:27 - ai_model - DEBUG -    API Key: sk-gsaohhwdtofontqfo...rolhikfqmy
2025-11-24 13:43:48 - ai_model - DEBUG - ✅ AI模型初始化完成
2025-11-24 13:43:48 - ai_model - DEBUG -    模型: deepseek-ai/DeepSeek-V3
2025-11-24 13:43:48 - ai_model - DEBUG -    Base URL: https://api.siliconflow.cn/v1
2025-11-24 13:43:48 - ai_model - DEBUG -    API Key: sk-gsaohhwdtofontqfo...rolhikfqmy
2025-11-24 13:43:50 - ai_model - DEBUG - ✅ AI模型初始化完成
2025-11-24 13:43:50 - ai_model - DEBUG -    模型: deepseek-ai/DeepSeek-V3
2025-11-24 13:43:50 - ai_model - DEBUG -    Base URL: https://api.siliconflow.cn/v1
2025-11-24 13:43:50 - ai_model - DEBUG -    API Key: sk-gsaohhwdtofontqfo...rolhikfqmy
2025-11-24 13:43:53 - ai_model - DEBUG - ✅ AI模型初始化完成
2025-11-24 13:43:53 - ai_model - DEBUG -    模型: deepseek-ai/DeepSeek-V3
2025-11-24 13:43:53 - ai_model - DEBUG -    Base URL: https://api.siliconflow.cn/v1
2025-11-24 13:43:53 - ai_model - DEBUG -    API Key: sk-gsaohhwdtofontqfo...rolhikfqmy
2025-11-24 13:46:14 - ai_model - DEBUG - ✅ AI模型初始化完成
2025-11-24 13:46:14 - ai_model - DEBUG -    模型: deepseek-ai/DeepSeek-V3
2025-11-24 13:46:14 - ai_model - DEBUG -    Base URL: https://api.siliconflow.cn/v1
2025-11-24 13:46:14 - ai_model - DEBUG -    API Key: sk-gsaohhwdtofontqfo...rolhikfqmy
2025-11-24 13:46:16 - ai_model - DEBUG - ✅ AI模型初始化完成
2025-11-24 13:46:16 - ai_model - DEBUG -    模型: deepseek-ai/DeepSeek-V3
2025-11-24 13:46:16 - ai_model - DEBUG -    Base URL: https://api.siliconflow.cn/v1
2025-11-24 13:46:16 - ai_model - DEBUG -    API Key: sk-gsaohhwdtofontqfo...rolhikfqmy
2025-11-24 13:46:27 - ai_model - DEBUG - ✅ AI模型初始化完成
2025-11-24 13:46:27 - ai_model - DEBUG -    模型: deepseek-ai/DeepSeek-V3
2025-11-24 13:46:27 - ai_model - DEBUG -    Base URL: https://api.siliconflow.cn/v1
2025-11-24 13:46:27 - ai_model - DEBUG -    API Key: sk-gsaohhwdtofontqfo...rolhikfqmy
2025-11-24 13:46:27 - ai_model - DEBUG - ✅ AI模型初始化完成
2025-11-24 13:46:27 - ai_model - DEBUG -    模型: deepseek-ai/DeepSeek-V3
2025-11-24 13:46:27 - ai_model - DEBUG -    Base URL: https://api.siliconflow.cn/v1
2025-11-24 13:46:27 - ai_model - DEBUG -    API Key: sk-gsaohhwdtofontqfo...rolhikfqmy
2025-11-24 13:51:57 - ai_model - DEBUG - ✅ AI模型初始化完成
2025-11-24 13:51:57 - ai_model - DEBUG -    模型: deepseek-ai/DeepSeek-V3
2025-11-24 13:51:57 - ai_model - DEBUG -    Base URL: https://api.siliconflow.cn/v1
2025-11-24 13:51:57 - ai_model - DEBUG -    API Key: sk-gsaohhwdtofontqfo...rolhikfqmy
2025-11-24 13:51:59 - ai_model - DEBUG - ✅ AI模型初始化完成
2025-11-24 13:51:59 - ai_model - DEBUG -    模型: deepseek-ai/DeepSeek-V3
2025-11-24 13:51:59 - ai_model - DEBUG -    Base URL: https://api.siliconflow.cn/v1
2025-11-24 13:51:59 - ai_model - DEBUG -    API Key: sk-gsaohhwdtofontqfo...rolhikfqmy
2025-11-24 13:52:11 - ai_model - DEBUG - ✅ AI模型初始化完成
2025-11-24 13:52:11 - ai_model - DEBUG -    模型: deepseek-ai/DeepSeek-V3
2025-11-24 13:52:11 - ai_model - DEBUG -    Base URL: https://api.siliconflow.cn/v1
2025-11-24 13:52:11 - ai_model - DEBUG -    API Key: sk-gsaohhwdtofontqfo...rolhikfqmy
2025-11-24 13:52:11 - ai_model - DEBUG - ✅ AI模型初始化完成
2025-11-24 13:52:11 - ai_model - DEBUG -    模型: deepseek-ai/DeepSeek-V3
2025-11-24 13:52:11 - ai_model - DEBUG -    Base URL: https://api.siliconflow.cn/v1
2025-11-24 13:52:11 - ai_model - DEBUG -    API Key: sk-gsaohhwdtofontqfo...rolhikfqmy
2025-11-24 13:52:51 - ai_model - DEBUG - ✅ AI模型初始化完成
2025-11-24 13:52:51 - ai_model - DEBUG -    模型: deepseek-ai/DeepSeek-V3
2025-11-24 13:52:51 - ai_model - DEBUG -    Base URL: https://api.siliconflow.cn/v1
2025-11-24 13:52:51 - ai_model - DEBUG -    API Key: sk-gsaohhwdtofontqfo...rolhikfqmy
2025-11-24 13:52:56 - ai_model - DEBUG - ✅ AI模型初始化完成
2025-11-24 13:52:56 - ai_model - DEBUG -    模型: deepseek-ai/DeepSeek-V3
2025-11-24 13:52:56 - ai_model - DEBUG -    Base URL: https://api.siliconflow.cn/v1
2025-11-24 13:52:56 - ai_model - DEBUG -    API Key: sk-gsaohhwdtofontqfo...rolhikfqmy
2025-11-24 13:53:08 - ai_model - DEBUG - ✅ AI模型初始化完成
2025-11-24 13:53:08 - ai_model - DEBUG -    模型: deepseek-ai/DeepSeek-V3
2025-11-24 13:53:08 - ai_model - DEBUG -    Base URL: https://api.siliconflow.cn/v1
2025-11-24 13:53:08 - ai_model - DEBUG -    API Key: sk-gsaohhwdtofontqfo...rolhikfqmy
2025-11-24 13:53:09 - ai_model - DEBUG - ✅ AI模型初始化完成
2025-11-24 13:53:09 - ai_model - DEBUG -    模型: deepseek-ai/DeepSeek-V3
2025-11-24 13:53:09 - ai_model - DEBUG -    Base URL: https://api.siliconflow.cn/v1
2025-11-24 13:53:09 - ai_model - DEBUG -    API Key: sk-gsaohhwdtofontqfo...rolhikfqmy
2025-11-24 14:02:25 - ai_model - DEBUG - ✅ AI模型初始化完成
2025-11-24 14:02:25 - ai_model - DEBUG -    模型: deepseek-ai/DeepSeek-V3
2025-11-24 14:02:25 - ai_model - DEBUG -    Base URL: https://api.siliconflow.cn/v1
2025-11-24 14:02:25 - ai_model - DEBUG -    API Key: sk-gsaohhwdtofontqfo...rolhikfqmy
2025-11-24 14:02:28 - ai_model - DEBUG - ✅ AI模型初始化完成
2025-11-24 14:02:28 - ai_model - DEBUG -    模型: deepseek-ai/DeepSeek-V3
2025-11-24 14:02:28 - ai_model - DEBUG -    Base URL: https://api.siliconflow.cn/v1
2025-11-24 14:02:28 - ai_model - DEBUG -    API Key: sk-gsaohhwdtofontqfo...rolhikfqmy
2025-11-24 14:02:32 - ai_model - DEBUG - ✅ AI模型初始化完成
2025-11-24 14:02:32 - ai_model - DEBUG -    模型: deepseek-ai/DeepSeek-V3
2025-11-24 14:02:32 - ai_model - DEBUG -    Base URL: https://api.siliconflow.cn/v1
2025-11-24 14:02:32 - ai_model - DEBUG -    API Key: sk-gsaohhwdtofontqfo...rolhikfqmy
2025-11-24 14:02:33 - ai_model - DEBUG - ✅ AI模型初始化完成
2025-11-24 14:02:33 - ai_model - DEBUG -    模型: deepseek-ai/DeepSeek-V3
2025-11-24 14:02:33 - ai_model - DEBUG -    Base URL: https://api.siliconflow.cn/v1
2025-11-24 14:02:33 - ai_model - DEBUG -    API Key: sk-gsaohhwdtofontqfo...rolhikfqmy
2025-11-24 14:02:42 - ai_model - DEBUG - ✅ AI模型初始化完成
2025-11-24 14:02:42 - ai_model - DEBUG -    模型: deepseek-ai/DeepSeek-V3
2025-11-24 14:02:42 - ai_model - DEBUG -    Base URL: https://api.siliconflow.cn/v1
2025-11-24 14:02:42 - ai_model - DEBUG -    API Key: sk-gsaohhwdtofontqfo...rolhikfqmy
2025-11-24 14:02:46 - ai_model - DEBUG - ✅ AI模型初始化完成
2025-11-24 14:02:46 - ai_model - DEBUG -    模型: deepseek-ai/DeepSeek-V3
2025-11-24 14:02:46 - ai_model - DEBUG -    Base URL: https://api.siliconflow.cn/v1
2025-11-24 14:02:46 - ai_model - DEBUG -    API Key: sk-gsaohhwdtofontqfo...rolhikfqmy
2025-11-24 14:02:49 - ai_model - DEBUG - ✅ AI模型初始化完成
2025-11-24 14:02:49 - ai_model - DEBUG -    模型: deepseek-ai/DeepSeek-V3
2025-11-24 14:02:49 - ai_model - DEBUG -    Base URL: https://api.siliconflow.cn/v1
2025-11-24 14:02:49 - ai_model - DEBUG -    API Key: sk-gsaohhwdtofontqfo...rolhikfqmy
2025-11-24 14:02:50 - ai_model - DEBUG - ✅ AI模型初始化完成
2025-11-24 14:02:50 - ai_model - DEBUG -    模型: deepseek-ai/DeepSeek-V3
2025-11-24 14:02:50 - ai_model - DEBUG -    Base URL: https://api.siliconflow.cn/v1
2025-11-24 14:02:50 - ai_model - DEBUG -    API Key: sk-gsaohhwdtofontqfo...rolhikfqmy
2025-11-24 14:05:04 - ai_model - DEBUG - ✅ AI模型初始化完成
2025-11-24 14:05:04 - ai_model - DEBUG -    模型: deepseek-ai/DeepSeek-V3
2025-11-24 14:05:04 - ai_model - DEBUG -    Base URL: https://api.siliconflow.cn/v1
2025-11-24 14:05:04 - ai_model - DEBUG -    API Key: sk-gsaohhwdtofontqfo...rolhikfqmy
2025-11-24 14:05:08 - ai_model - DEBUG - ✅ AI模型初始化完成
2025-11-24 14:05:08 - ai_model - DEBUG -    模型: deepseek-ai/DeepSeek-V3
2025-11-24 14:05:08 - ai_model - DEBUG -    Base URL: https://api.siliconflow.cn/v1
2025-11-24 14:05:08 - ai_model - DEBUG -    API Key: sk-gsaohhwdtofontqfo...rolhikfqmy
2025-11-24 14:05:21 - ai_model - DEBUG - ✅ AI模型初始化完成
2025-11-24 14:05:21 - ai_model - DEBUG -    模型: deepseek-ai/DeepSeek-V3
2025-11-24 14:05:21 - ai_model - DEBUG -    Base URL: https://api.siliconflow.cn/v1
2025-11-24 14:05:21 - ai_model - DEBUG -    API Key: sk-gsaohhwdtofontqfo...rolhikfqmy
2025-11-24 14:05:22 - ai_model - DEBUG - ✅ AI模型初始化完成
2025-11-24 14:05:22 - ai_model - DEBUG -    模型: deepseek-ai/DeepSeek-V3
2025-11-24 14:05:22 - ai_model - DEBUG -    Base URL: https://api.siliconflow.cn/v1
2025-11-24 14:05:22 - ai_model - DEBUG -    API Key: sk-gsaohhwdtofontqfo...rolhikfqmy
2025-11-24 14:08:01 - ai_model - DEBUG - ✅ AI模型初始化完成
2025-11-24 14:08:01 - ai_model - DEBUG -    模型: deepseek-ai/DeepSeek-V3
2025-11-24 14:08:01 - ai_model - DEBUG -    Base URL: https://api.siliconflow.cn/v1
2025-11-24 14:08:01 - ai_model - DEBUG -    API Key: sk-gsaohhwdtofontqfo...rolhikfqmy
2025-11-24 14:08:05 - ai_model - DEBUG - ✅ AI模型初始化完成
2025-11-24 14:08:05 - ai_model - DEBUG -    模型: deepseek-ai/DeepSeek-V3
2025-11-24 14:08:05 - ai_model - DEBUG -    Base URL: https://api.siliconflow.cn/v1
2025-11-24 14:08:05 - ai_model - DEBUG -    API Key: sk-gsaohhwdtofontqfo...rolhikfqmy
2025-11-24 14:08:16 - ai_model - DEBUG - ✅ AI模型初始化完成
2025-11-24 14:08:16 - ai_model - DEBUG -    模型: deepseek-ai/DeepSeek-V3
2025-11-24 14:08:16 - ai_model - DEBUG -    Base URL: https://api.siliconflow.cn/v1
2025-11-24 14:08:16 - ai_model - DEBUG -    API Key: sk-gsaohhwdtofontqfo...rolhikfqmy
2025-11-24 14:08:17 - ai_model - DEBUG - ✅ AI模型初始化完成
2025-11-24 14:08:17 - ai_model - DEBUG -    模型: deepseek-ai/DeepSeek-V3
2025-11-24 14:08:17 - ai_model - DEBUG -    Base URL: https://api.siliconflow.cn/v1
2025-11-24 14:08:17 - ai_model - DEBUG -    API Key: sk-gsaohhwdtofontqfo...rolhikfqmy
2025-11-24 14:13:17 - ai_model - DEBUG - ✅ AI模型初始化完成
2025-11-24 14:13:17 - ai_model - DEBUG -    模型: deepseek-ai/DeepSeek-V3
2025-11-24 14:13:17 - ai_model - DEBUG -    Base URL: https://api.siliconflow.cn/v1
2025-11-24 14:13:17 - ai_model - DEBUG -    API Key: sk-gsaohhwdtofontqfo...rolhikfqmy
2025-11-24 14:13:19 - ai_model - DEBUG - ✅ AI模型初始化完成
2025-11-24 14:13:19 - ai_model - DEBUG -    模型: deepseek-ai/DeepSeek-V3
2025-11-24 14:13:19 - ai_model - DEBUG -    Base URL: https://api.siliconflow.cn/v1
2025-11-24 14:13:19 - ai_model - DEBUG -    API Key: sk-gsaohhwdtofontqfo...rolhikfqmy
2025-11-24 14:13:23 - ai_model - DEBUG - ✅ AI模型初始化完成
2025-11-24 14:13:23 - ai_model - DEBUG -    模型: deepseek-ai/DeepSeek-V3
2025-11-24 14:13:23 - ai_model - DEBUG -    Base URL: https://api.siliconflow.cn/v1
2025-11-24 14:13:23 - ai_model - DEBUG -    API Key: sk-gsaohhwdtofontqfo...rolhikfqmy
2025-11-24 14:13:24 - ai_model - DEBUG - ✅ AI模型初始化完成
2025-11-24 14:13:24 - ai_model - DEBUG -    模型: deepseek-ai/DeepSeek-V3
2025-11-24 14:13:24 - ai_model - DEBUG -    Base URL: https://api.siliconflow.cn/v1
2025-11-24 14:13:24 - ai_model - DEBUG -    API Key: sk-gsaohhwdtofontqfo...rolhikfqmy
2025-11-24 14:14:05 - ai_model - DEBUG - ✅ AI模型初始化完成
2025-11-24 14:14:05 - ai_model - DEBUG -    模型: deepseek-ai/DeepSeek-V3
2025-11-24 14:14:05 - ai_model - DEBUG -    Base URL: https://api.siliconflow.cn/v1
2025-11-24 14:14:05 - ai_model - DEBUG -    API Key: sk-gsaohhwdtofontqfo...rolhikfqmy
2025-11-24 14:14:08 - ai_model - DEBUG - ✅ AI模型初始化完成
2025-11-24 14:14:08 - ai_model - DEBUG -    模型: deepseek-ai/DeepSeek-V3
2025-11-24 14:14:08 - ai_model - DEBUG -    Base URL: https://api.siliconflow.cn/v1
2025-11-24 14:14:08 - ai_model - DEBUG -    API Key: sk-gsaohhwdtofontqfo...rolhikfqmy
2025-11-24 14:14:20 - ai_model - DEBUG - ✅ AI模型初始化完成
2025-11-24 14:14:20 - ai_model - DEBUG -    模型: deepseek-ai/DeepSeek-V3
2025-11-24 14:14:20 - ai_model - DEBUG -    Base URL: https://api.siliconflow.cn/v1
2025-11-24 14:14:20 - ai_model - DEBUG -    API Key: sk-gsaohhwdtofontqfo...rolhikfqmy
2025-11-24 14:14:21 - ai_model - DEBUG - ✅ AI模型初始化完成
2025-11-24 14:14:21 - ai_model - DEBUG -    模型: deepseek-ai/DeepSeek-V3
2025-11-24 14:14:21 - ai_model - DEBUG -    Base URL: https://api.siliconflow.cn/v1
2025-11-24 14:14:21 - ai_model - DEBUG -    API Key: sk-gsaohhwdtofontqfo...rolhikfqmy
2025-11-24 14:19:44 - ai_model - DEBUG - ✅ AI模型初始化完成
2025-11-24 14:19:44 - ai_model - DEBUG -    模型: deepseek-ai/DeepSeek-V3
2025-11-24 14:19:44 - ai_model - DEBUG -    Base URL: https://api.siliconflow.cn/v1
2025-11-24 14:19:44 - ai_model - DEBUG -    API Key: sk-gsaohhwdtofontqfo...rolhikfqmy
2025-11-24 14:19:46 - ai_model - DEBUG - ✅ AI模型初始化完成
2025-11-24 14:19:46 - ai_model - DEBUG -    模型: deepseek-ai/DeepSeek-V3
2025-11-24 14:19:46 - ai_model - DEBUG -    Base URL: https://api.siliconflow.cn/v1
2025-11-24 14:19:46 - ai_model - DEBUG -    API Key: sk-gsaohhwdtofontqfo...rolhikfqmy
2025-11-24 14:19:58 - ai_model - DEBUG - ✅ AI模型初始化完成
2025-11-24 14:19:58 - ai_model - DEBUG -    模型: deepseek-ai/DeepSeek-V3
2025-11-24 14:19:58 - ai_model - DEBUG -    Base URL: https://api.siliconflow.cn/v1
2025-11-24 14:19:58 - ai_model - DEBUG -    API Key: sk-gsaohhwdtofontqfo...rolhikfqmy
2025-11-24 14:19:59 - ai_model - DEBUG - ✅ AI模型初始化完成
2025-11-24 14:19:59 - ai_model - DEBUG -    模型: deepseek-ai/DeepSeek-V3
2025-11-24 14:19:59 - ai_model - DEBUG -    Base URL: https://api.siliconflow.cn/v1
2025-11-24 14:19:59 - ai_model - DEBUG -    API Key: sk-gsaohhwdtofontqfo...rolhikfqmy
2025-11-24 15:15:42 - ai_model - DEBUG - ✅ AI模型初始化完成
2025-11-24 15:15:42 - ai_model - DEBUG -    模型: deepseek-ai/DeepSeek-V3
2025-11-24 15:15:42 - ai_model - DEBUG -    Base URL: https://api.siliconflow.cn/v1
2025-11-24 15:15:42 - ai_model - DEBUG -    API Key: sk-gsaohhwdtofontqfo...rolhikfqmy
2025-11-24 15:15:46 - ai_model - DEBUG - ✅ AI模型初始化完成
2025-11-24 15:15:46 - ai_model - DEBUG -    模型: deepseek-ai/DeepSeek-V3
2025-11-24 15:15:46 - ai_model - DEBUG -    Base URL: https://api.siliconflow.cn/v1
2025-11-24 15:15:46 - ai_model - DEBUG -    API Key: sk-gsaohhwdtofontqfo...rolhikfqmy
2025-11-24 15:15:50 - ai_model - DEBUG - ✅ AI模型初始化完成
2025-11-24 15:15:50 - ai_model - DEBUG -    模型: deepseek-ai/DeepSeek-V3
2025-11-24 15:15:50 - ai_model - DEBUG -    Base URL: https://api.siliconflow.cn/v1
2025-11-24 15:15:50 - ai_model - DEBUG -    API Key: sk-gsaohhwdtofontqfo...rolhikfqmy
2025-11-24 15:15:51 - ai_model - DEBUG - ✅ AI模型初始化完成
2025-11-24 15:15:51 - ai_model - DEBUG -    模型: deepseek-ai/DeepSeek-V3
2025-11-24 15:15:51 - ai_model - DEBUG -    Base URL: https://api.siliconflow.cn/v1
2025-11-24 15:15:51 - ai_model - DEBUG -    API Key: sk-gsaohhwdtofontqfo...rolhikfqmy
2025-11-24 15:16:00 - ai_model - DEBUG - ✅ AI模型初始化完成
2025-11-24 15:16:00 - ai_model - DEBUG -    模型: deepseek-ai/DeepSeek-V3
2025-11-24 15:16:00 - ai_model - DEBUG -    Base URL: https://api.siliconflow.cn/v1
2025-11-24 15:16:00 - ai_model - DEBUG -    API Key: sk-gsaohhwdtofontqfo...rolhikfqmy
2025-11-24 15:16:02 - ai_model - DEBUG - ✅ AI模型初始化完成
2025-11-24 15:16:02 - ai_model - DEBUG -    模型: deepseek-ai/DeepSeek-V3
2025-11-24 15:16:02 - ai_model - DEBUG -    Base URL: https://api.siliconflow.cn/v1
2025-11-24 15:16:02 - ai_model - DEBUG -    API Key: sk-gsaohhwdtofontqfo...rolhikfqmy
2025-11-24 15:16:14 - ai_model - DEBUG - ✅ AI模型初始化完成
2025-11-24 15:16:14 - ai_model - DEBUG -    模型: deepseek-ai/DeepSeek-V3
2025-11-24 15:16:14 - ai_model - DEBUG -    Base URL: https://api.siliconflow.cn/v1
2025-11-24 15:16:14 - ai_model - DEBUG -    API Key: sk-gsaohhwdtofontqfo...rolhikfqmy
2025-11-24 15:16:14 - ai_model - DEBUG - ✅ AI模型初始化完成
2025-11-24 15:16:14 - ai_model - DEBUG -    模型: deepseek-ai/DeepSeek-V3
2025-11-24 15:16:14 - ai_model - DEBUG -    Base URL: https://api.siliconflow.cn/v1
2025-11-24 15:16:14 - ai_model - DEBUG -    API Key: sk-gsaohhwdtofontqfo...rolhikfqmy
2025-11-24 15:54:37 - ai_model - DEBUG - ✅ AI模型初始化完成
2025-11-24 15:54:37 - ai_model - DEBUG -    模型: deepseek-ai/DeepSeek-V3
2025-11-24 15:54:37 - ai_model - DEBUG -    Base URL: https://api.siliconflow.cn/v1
2025-11-24 15:54:37 - ai_model - DEBUG -    API Key: sk-gsaohhwdtofontqfo...rolhikfqmy
2025-11-24 15:54:39 - ai_model - DEBUG - ✅ AI模型初始化完成
2025-11-24 15:54:39 - ai_model - DEBUG -    模型: deepseek-ai/DeepSeek-V3
2025-11-24 15:54:39 - ai_model - DEBUG -    Base URL: https://api.siliconflow.cn/v1
2025-11-24 15:54:39 - ai_model - DEBUG -    API Key: sk-gsaohhwdtofontqfo...rolhikfqmy
2025-11-24 15:54:43 - ai_model - DEBUG - ✅ AI模型初始化完成
2025-11-24 15:54:43 - ai_model - DEBUG -    模型: deepseek-ai/DeepSeek-V3
2025-11-24 15:54:43 - ai_model - DEBUG -    Base URL: https://api.siliconflow.cn/v1
2025-11-24 15:54:43 - ai_model - DEBUG -    API Key: sk-gsaohhwdtofontqfo...rolhikfqmy
2025-11-24 15:54:43 - ai_model - DEBUG - ✅ AI模型初始化完成
2025-11-24 15:54:43 - ai_model - DEBUG -    模型: deepseek-ai/DeepSeek-V3
2025-11-24 15:54:43 - ai_model - DEBUG -    Base URL: https://api.siliconflow.cn/v1
2025-11-24 15:54:43 - ai_model - DEBUG -    API Key: sk-gsaohhwdtofontqfo...rolhikfqmy
2025-11-24 15:56:15 - ai_model - DEBUG - ✅ AI模型初始化完成
2025-11-24 15:56:15 - ai_model - DEBUG -    模型: deepseek-ai/DeepSeek-V3
2025-11-24 15:56:15 - ai_model - DEBUG -    Base URL: https://api.siliconflow.cn/v1
2025-11-24 15:56:15 - ai_model - DEBUG -    API Key: sk-gsaohhwdtofontqfo...rolhikfqmy
2025-11-24 15:56:17 - ai_model - DEBUG - ✅ AI模型初始化完成
2025-11-24 15:56:17 - ai_model - DEBUG -    模型: deepseek-ai/DeepSeek-V3
2025-11-24 15:56:17 - ai_model - DEBUG -    Base URL: https://api.siliconflow.cn/v1
2025-11-24 15:56:17 - ai_model - DEBUG -    API Key: sk-gsaohhwdtofontqfo...rolhikfqmy
2025-11-24 15:56:20 - ai_model - DEBUG - ✅ AI模型初始化完成
2025-11-24 15:56:20 - ai_model - DEBUG -    模型: deepseek-ai/DeepSeek-V3
2025-11-24 15:56:20 - ai_model - DEBUG -    Base URL: https://api.siliconflow.cn/v1
2025-11-24 15:56:20 - ai_model - DEBUG -    API Key: sk-gsaohhwdtofontqfo...rolhikfqmy
2025-11-24 15:57:19 - ai_model - DEBUG - ✅ AI模型初始化完成
2025-11-24 15:57:19 - ai_model - DEBUG -    模型: deepseek-ai/DeepSeek-V3
2025-11-24 15:57:19 - ai_model - DEBUG -    Base URL: https://api.siliconflow.cn/v1
2025-11-24 15:57:19 - ai_model - DEBUG -    API Key: sk-gsaohhwdtofontqfo...rolhikfqmy
2025-11-24 15:57:21 - ai_model - DEBUG - ✅ AI模型初始化完成
2025-11-24 15:57:21 - ai_model - DEBUG -    模型: deepseek-ai/DeepSeek-V3
2025-11-24 15:57:21 - ai_model - DEBUG -    Base URL: https://api.siliconflow.cn/v1
2025-11-24 15:57:21 - ai_model - DEBUG -    API Key: sk-gsaohhwdtofontqfo...rolhikfqmy
2025-11-24 15:57:24 - ai_model - DEBUG - ✅ AI模型初始化完成
2025-11-24 15:57:24 - ai_model - DEBUG -    模型: deepseek-ai/DeepSeek-V3
2025-11-24 15:57:24 - ai_model - DEBUG -    Base URL: https://api.siliconflow.cn/v1
2025-11-24 15:57:24 - ai_model - DEBUG -    API Key: sk-gsaohhwdtofontqfo...rolhikfqmy
2025-11-24 15:57:24 - ai_model - DEBUG - ✅ AI模型初始化完成
2025-11-24 15:57:24 - ai_model - DEBUG -    模型: deepseek-ai/DeepSeek-V3
2025-11-24 15:57:24 - ai_model - DEBUG -    Base URL: https://api.siliconflow.cn/v1
2025-11-24 15:57:24 - ai_model - DEBUG -    API Key: sk-gsaohhwdtofontqfo...rolhikfqmy
2025-11-24 15:57:28 - ai_model - DEBUG - ✅ AI模型初始化完成
2025-11-24 15:57:28 - ai_model - DEBUG -    模型: deepseek-ai/DeepSeek-V3
2025-11-24 15:57:28 - ai_model - DEBUG -    Base URL: https://api.siliconflow.cn/v1
2025-11-24 15:57:28 - ai_model - DEBUG -    API Key: sk-gsaohhwdtofontqfo...rolhikfqmy
2025-11-24 15:57:30 - ai_model - DEBUG - ✅ AI模型初始化完成
2025-11-24 15:57:30 - ai_model - DEBUG -    模型: deepseek-ai/DeepSeek-V3
2025-11-24 15:57:30 - ai_model - DEBUG -    Base URL: https://api.siliconflow.cn/v1
2025-11-24 15:57:30 - ai_model - DEBUG -    API Key: sk-gsaohhwdtofontqfo...rolhikfqmy
2025-11-24 15:57:34 - ai_model - DEBUG - ✅ AI模型初始化完成
2025-11-24 15:57:34 - ai_model - DEBUG -    模型: deepseek-ai/DeepSeek-V3
2025-11-24 15:57:34 - ai_model - DEBUG -    Base URL: https://api.siliconflow.cn/v1
2025-11-24 15:57:34 - ai_model - DEBUG -    API Key: sk-gsaohhwdtofontqfo...rolhikfqmy
2025-11-24 15:57:34 - ai_model - DEBUG - ✅ AI模型初始化完成
2025-11-24 15:57:34 - ai_model - DEBUG -    模型: deepseek-ai/DeepSeek-V3
2025-11-24 15:57:34 - ai_model - DEBUG -    Base URL: https://api.siliconflow.cn/v1
2025-11-24 15:57:34 - ai_model - DEBUG -    API Key: sk-gsaohhwdtofontqfo...rolhikfqmy
2025-11-24 15:58:48 - ai_model - DEBUG - ✅ AI模型初始化完成
2025-11-24 15:58:48 - ai_model - DEBUG -    模型: deepseek-ai/DeepSeek-V3
2025-11-24 15:58:48 - ai_model - DEBUG -    Base URL: https://api.siliconflow.cn/v1
2025-11-24 15:58:48 - ai_model - DEBUG -    API Key: sk-gsaohhwdtofontqfo...rolhikfqmy
2025-11-24 15:58:50 - ai_model - DEBUG - ✅ AI模型初始化完成
2025-11-24 15:58:50 - ai_model - DEBUG -    模型: deepseek-ai/DeepSeek-V3
2025-11-24 15:58:50 - ai_model - DEBUG -    Base URL: https://api.siliconflow.cn/v1
2025-11-24 15:58:50 - ai_model - DEBUG -    API Key: sk-gsaohhwdtofontqfo...rolhikfqmy
2025-11-24 15:58:53 - ai_model - DEBUG - ✅ AI模型初始化完成
2025-11-24 15:58:53 - ai_model - DEBUG -    模型: deepseek-ai/DeepSeek-V3
2025-11-24 15:58:53 - ai_model - DEBUG -    Base URL: https://api.siliconflow.cn/v1
2025-11-24 15:58:53 - ai_model - DEBUG -    API Key: sk-gsaohhwdtofontqfo...rolhikfqmy
2025-11-24 15:58:54 - ai_model - DEBUG - ✅ AI模型初始化完成
2025-11-24 15:58:54 - ai_model - DEBUG -    模型: deepseek-ai/DeepSeek-V3
2025-11-24 15:58:54 - ai_model - DEBUG -    Base URL: https://api.siliconflow.cn/v1
2025-11-24 15:58:54 - ai_model - DEBUG -    API Key: sk-gsaohhwdtofontqfo...rolhikfqmy
2025-11-24 16:00:22 - ai_model - DEBUG - ✅ AI模型初始化完成
2025-11-24 16:00:22 - ai_model - DEBUG -    模型: deepseek-ai/DeepSeek-V3
2025-11-24 16:00:22 - ai_model - DEBUG -    Base URL: https://api.siliconflow.cn/v1
2025-11-24 16:00:22 - ai_model - DEBUG -    API Key: sk-gsaohhwdtofontqfo...rolhikfqmy
2025-11-24 16:00:24 - ai_model - DEBUG - ✅ AI模型初始化完成
2025-11-24 16:00:24 - ai_model - DEBUG -    模型: deepseek-ai/DeepSeek-V3
2025-11-24 16:00:24 - ai_model - DEBUG -    Base URL: https://api.siliconflow.cn/v1
2025-11-24 16:00:24 - ai_model - DEBUG -    API Key: sk-gsaohhwdtofontqfo...rolhikfqmy
2025-11-24 16:00:29 - ai_model - DEBUG - ✅ AI模型初始化完成
2025-11-24 16:00:29 - ai_model - DEBUG -    模型: deepseek-ai/DeepSeek-V3
2025-11-24 16:00:29 - ai_model - DEBUG -    Base URL: https://api.siliconflow.cn/v1
2025-11-24 16:00:29 - ai_model - DEBUG -    API Key: sk-gsaohhwdtofontqfo...rolhikfqmy
2025-11-24 16:00:29 - ai_model - DEBUG - ✅ AI模型初始化完成
2025-11-24 16:00:29 - ai_model - DEBUG -    模型: deepseek-ai/DeepSeek-V3
2025-11-24 16:00:29 - ai_model - DEBUG -    Base URL: https://api.siliconflow.cn/v1
2025-11-24 16:00:29 - ai_model - DEBUG -    API Key: sk-gsaohhwdtofontqfo...rolhikfqmy
2025-11-24 16:02:52 - ai_model - DEBUG - ✅ AI模型初始化完成
2025-11-24 16:02:52 - ai_model - DEBUG -    模型: deepseek-ai/DeepSeek-V3
2025-11-24 16:02:52 - ai_model - DEBUG -    Base URL: https://api.siliconflow.cn/v1
2025-11-24 16:02:52 - ai_model - DEBUG -    API Key: sk-gsaohhwdtofontqfo...rolhikfqmy
2025-11-24 16:05:33 - ai_model - DEBUG - ✅ AI模型初始化完成
2025-11-24 16:05:33 - ai_model - DEBUG -    模型: deepseek-ai/DeepSeek-V3
2025-11-24 16:05:33 - ai_model - DEBUG -    Base URL: https://api.siliconflow.cn/v1
2025-11-24 16:05:33 - ai_model - DEBUG -    API Key: sk-gsaohhwdtofontqfo...rolhikfqmy
2025-11-24 16:05:35 - ai_model - DEBUG - ✅ AI模型初始化完成
2025-11-24 16:05:35 - ai_model - DEBUG -    模型: deepseek-ai/DeepSeek-V3
2025-11-24 16:05:35 - ai_model - DEBUG -    Base URL: https://api.siliconflow.cn/v1
2025-11-24 16:05:35 - ai_model - DEBUG -    API Key: sk-gsaohhwdtofontqfo...rolhikfqmy
2025-11-24 16:05:35 - ai_model - DEBUG - ✅ AI模型初始化完成
2025-11-24 16:05:35 - ai_model - DEBUG -    模型: deepseek-ai/DeepSeek-V3
2025-11-24 16:05:35 - ai_model - DEBUG -    Base URL: https://api.siliconflow.cn/v1
2025-11-24 16:05:35 - ai_model - DEBUG -    API Key: sk-gsaohhwdtofontqfo...rolhikfqmy
2025-11-24 16:05:52 - ai_model - DEBUG - ✅ AI模型初始化完成
2025-11-24 16:05:52 - ai_model - DEBUG -    模型: deepseek-ai/DeepSeek-V3
2025-11-24 16:05:52 - ai_model - DEBUG -    Base URL: https://api.siliconflow.cn/v1
2025-11-24 16:05:52 - ai_model - DEBUG -    API Key: sk-gsaohhwdtofontqfo...rolhikfqmy
2025-11-24 16:05:54 - ai_model - DEBUG - ✅ AI模型初始化完成
2025-11-24 16:05:54 - ai_model - DEBUG -    模型: deepseek-ai/DeepSeek-V3
2025-11-24 16:05:54 - ai_model - DEBUG -    Base URL: https://api.siliconflow.cn/v1
2025-11-24 16:05:54 - ai_model - DEBUG -    API Key: sk-gsaohhwdtofontqfo...rolhikfqmy
2025-11-24 16:05:54 - ai_model - DEBUG - ✅ AI模型初始化完成
2025-11-24 16:05:54 - ai_model - DEBUG -    模型: deepseek-ai/DeepSeek-V3
2025-11-24 16:05:54 - ai_model - DEBUG -    Base URL: https://api.siliconflow.cn/v1
2025-11-24 16:05:54 - ai_model - DEBUG -    API Key: sk-gsaohhwdtofontqfo...rolhikfqmy
2025-11-24 16:08:11 - ai_model - DEBUG - ✅ AI模型初始化完成
2025-11-24 16:08:11 - ai_model - DEBUG -    模型: deepseek-ai/DeepSeek-V3
2025-11-24 16:08:11 - ai_model - DEBUG -    Base URL: https://api.siliconflow.cn/v1
2025-11-24 16:08:11 - ai_model - DEBUG -    API Key: sk-gsaohhwdtofontqfo...rolhikfqmy
2025-11-24 16:08:13 - ai_model - DEBUG - ✅ AI模型初始化完成
2025-11-24 16:08:13 - ai_model - DEBUG -    模型: deepseek-ai/DeepSeek-V3
2025-11-24 16:08:13 - ai_model - DEBUG -    Base URL: https://api.siliconflow.cn/v1
2025-11-24 16:08:13 - ai_model - DEBUG -    API Key: sk-gsaohhwdtofontqfo...rolhikfqmy
2025-11-24 16:08:16 - ai_model - DEBUG - ✅ AI模型初始化完成
2025-11-24 16:08:16 - ai_model - DEBUG -    模型: deepseek-ai/DeepSeek-V3
2025-11-24 16:08:16 - ai_model - DEBUG -    Base URL: https://api.siliconflow.cn/v1
2025-11-24 16:08:16 - ai_model - DEBUG -    API Key: sk-gsaohhwdtofontqfo...rolhikfqmy
2025-11-24 16:08:16 - ai_model - DEBUG - ✅ AI模型初始化完成
2025-11-24 16:08:16 - ai_model - DEBUG -    模型: deepseek-ai/DeepSeek-V3
2025-11-24 16:08:16 - ai_model - DEBUG -    Base URL: https://api.siliconflow.cn/v1
2025-11-24 16:08:16 - ai_model - DEBUG -    API Key: sk-gsaohhwdtofontqfo...rolhikfqmy
2025-11-24 16:08:33 - ai_model - DEBUG - ✅ AI模型初始化完成
2025-11-24 16:08:33 - ai_model - DEBUG -    模型: deepseek-ai/DeepSeek-V3
2025-11-24 16:08:33 - ai_model - DEBUG -    Base URL: https://api.siliconflow.cn/v1
2025-11-24 16:08:33 - ai_model - DEBUG -    API Key: sk-gsaohhwdtofontqfo...rolhikfqmy
2025-11-24 16:08:35 - ai_model - DEBUG - ✅ AI模型初始化完成
2025-11-24 16:08:35 - ai_model - DEBUG -    模型: deepseek-ai/DeepSeek-V3
2025-11-24 16:08:35 - ai_model - DEBUG -    Base URL: https://api.siliconflow.cn/v1
2025-11-24 16:08:35 - ai_model - DEBUG -    API Key: sk-gsaohhwdtofontqfo...rolhikfqmy
2025-11-24 16:08:38 - ai_model - DEBUG - ✅ AI模型初始化完成
2025-11-24 16:08:38 - ai_model - DEBUG -    模型: deepseek-ai/DeepSeek-V3
2025-11-24 16:08:38 - ai_model - DEBUG -    Base URL: https://api.siliconflow.cn/v1
2025-11-24 16:08:38 - ai_model - DEBUG -    API Key: sk-gsaohhwdtofontqfo...rolhikfqmy
2025-11-24 16:08:38 - ai_model - DEBUG - ✅ AI模型初始化完成
2025-11-24 16:08:38 - ai_model - DEBUG -    模型: deepseek-ai/DeepSeek-V3
2025-11-24 16:08:38 - ai_model - DEBUG -    Base URL: https://api.siliconflow.cn/v1
2025-11-24 16:08:38 - ai_model - DEBUG -    API Key: sk-gsaohhwdtofontqfo...rolhikfqmy
2025-11-24 17:49:59 - ai_model - DEBUG - ✅ AI模型初始化完成
2025-11-24 17:49:59 - ai_model - DEBUG -    模型: deepseek-ai/DeepSeek-V3
2025-11-24 17:49:59 - ai_model - DEBUG -    Base URL: https://api.siliconflow.cn/v1
2025-11-24 17:49:59 - ai_model - DEBUG -    API Key: sk-gsaohhwdtofontqfo...rolhikfqmy
2025-11-24 17:50:02 - ai_model - DEBUG - ✅ AI模型初始化完成
2025-11-24 17:50:02 - ai_model - DEBUG -    模型: deepseek-ai/DeepSeek-V3
2025-11-24 17:50:02 - ai_model - DEBUG -    Base URL: https://api.siliconflow.cn/v1
2025-11-24 17:50:02 - ai_model - DEBUG -    API Key: sk-gsaohhwdtofontqfo...rolhikfqmy
2025-11-24 17:50:06 - ai_model - DEBUG - ✅ AI模型初始化完成
2025-11-24 17:50:06 - ai_model - DEBUG -    模型: deepseek-ai/DeepSeek-V3
2025-11-24 17:50:06 - ai_model - DEBUG -    Base URL: https://api.siliconflow.cn/v1
2025-11-24 17:50:06 - ai_model - DEBUG -    API Key: sk-gsaohhwdtofontqfo...rolhikfqmy
2025-11-24 17:54:19 - ai_model - DEBUG - ✅ AI模型初始化完成
2025-11-24 17:54:19 - ai_model - DEBUG -    模型: deepseek-ai/DeepSeek-V3
2025-11-24 17:54:19 - ai_model - DEBUG -    Base URL: https://api.siliconflow.cn/v1
2025-11-24 17:54:19 - ai_model - DEBUG -    API Key: sk-gsaohhwdtofontqfo...rolhikfqmy
2025-11-24 17:54:21 - ai_model - DEBUG - ✅ AI模型初始化完成
2025-11-24 17:54:21 - ai_model - DEBUG -    模型: deepseek-ai/DeepSeek-V3
2025-11-24 17:54:21 - ai_model - DEBUG -    Base URL: https://api.siliconflow.cn/v1
2025-11-24 17:54:21 - ai_model - DEBUG -    API Key: sk-gsaohhwdtofontqfo...rolhikfqmy
2025-11-24 17:54:24 - ai_model - DEBUG - ✅ AI模型初始化完成
2025-11-24 17:54:24 - ai_model - DEBUG -    模型: deepseek-ai/DeepSeek-V3
2025-11-24 17:54:24 - ai_model - DEBUG -    Base URL: https://api.siliconflow.cn/v1
2025-11-24 17:54:24 - ai_model - DEBUG -    API Key: sk-gsaohhwdtofontqfo...rolhikfqmy
2025-11-24 17:54:33 - ai_model - DEBUG - ✅ AI模型初始化完成
2025-11-24 17:54:33 - ai_model - DEBUG -    模型: deepseek-ai/DeepSeek-V3
2025-11-24 17:54:33 - ai_model - DEBUG -    Base URL: https://api.siliconflow.cn/v1
2025-11-24 17:54:33 - ai_model - DEBUG -    API Key: sk-gsaohhwdtofontqfo...rolhikfqmy
2025-11-24 17:54:34 - ai_model - DEBUG - ✅ AI模型初始化完成
2025-11-24 17:54:34 - ai_model - DEBUG -    模型: deepseek-ai/DeepSeek-V3
2025-11-24 17:54:34 - ai_model - DEBUG -    Base URL: https://api.siliconflow.cn/v1
2025-11-24 17:54:34 - ai_model - DEBUG -    API Key: sk-gsaohhwdtofontqfo...rolhikfqmy
2025-11-24 17:54:37 - ai_model - DEBUG - ✅ AI模型初始化完成
2025-11-24 17:54:37 - ai_model - DEBUG -    模型: deepseek-ai/DeepSeek-V3
2025-11-24 17:54:37 - ai_model - DEBUG -    Base URL: https://api.siliconflow.cn/v1
2025-11-24 17:54:37 - ai_model - DEBUG -    API Key: sk-gsaohhwdtofontqfo...rolhikfqmy
2025-11-24 17:54:37 - ai_model - DEBUG - ✅ AI模型初始化完成
2025-11-24 17:54:37 - ai_model - DEBUG -    模型: deepseek-ai/DeepSeek-V3
2025-11-24 17:54:37 - ai_model - DEBUG -    Base URL: https://api.siliconflow.cn/v1
2025-11-24 17:54:37 - ai_model - DEBUG -    API Key: sk-gsaohhwdtofontqfo...rolhikfqmy
2025-11-27 09:42:24 - ai_model - DEBUG - ✅ AI模型初始化完成
2025-11-27 09:42:24 - ai_model - DEBUG -    模型: deepseek-ai/DeepSeek-V3
2025-11-27 09:42:24 - ai_model - DEBUG -    Base URL: https://api.siliconflow.cn/v1
2025-11-27 09:42:24 - ai_model - DEBUG -    API Key: sk-gsaohhwdtofontqfo...rolhikfqmy
2025-11-27 11:07:25 - ai_model - DEBUG - ✅ AI模型初始化完成
2025-11-27 11:07:25 - ai_model - DEBUG -    模型: deepseek-ai/DeepSeek-V3
2025-11-27 11:07:25 - ai_model - DEBUG -    Base URL: https://api.siliconflow.cn/v1
2025-11-27 11:07:25 - ai_model - DEBUG -    API Key: sk-gsaohhwdtofontqfo...rolhikfqmy
2025-11-27 11:07:27 - ai_model - DEBUG - ✅ AI模型初始化完成
2025-11-27 11:07:27 - ai_model - DEBUG -    模型: deepseek-ai/DeepSeek-V3
2025-11-27 11:07:27 - ai_model - DEBUG -    Base URL: https://api.siliconflow.cn/v1
2025-11-27 11:07:27 - ai_model - DEBUG -    API Key: sk-gsaohhwdtofontqfo...rolhikfqmy
2025-11-27 11:07:31 - ai_model - DEBUG - ✅ AI模型初始化完成
2025-11-27 11:07:31 - ai_model - DEBUG -    模型: deepseek-ai/DeepSeek-V3
2025-11-27 11:07:31 - ai_model - DEBUG -    Base URL: https://api.siliconflow.cn/v1
2025-11-27 11:07:31 - ai_model - DEBUG -    API Key: sk-gsaohhwdtofontqfo...rolhikfqmy
2025-11-27 11:07:31 - ai_model - DEBUG - ✅ AI模型初始化完成
2025-11-27 11:07:31 - ai_model - DEBUG -    模型: deepseek-ai/DeepSeek-V3
2025-11-27 11:07:31 - ai_model - DEBUG -    Base URL: https://api.siliconflow.cn/v1
2025-11-27 11:07:31 - ai_model - DEBUG -    API Key: sk-gsaohhwdtofontqfo...rolhikfqmy
2025-11-27 11:08:48 - ai_model - DEBUG - ✅ AI模型初始化完成
2025-11-27 11:08:48 - ai_model - DEBUG -    模型: deepseek-ai/DeepSeek-V3
2025-11-27 11:08:48 - ai_model - DEBUG -    Base URL: https://api.siliconflow.cn/v1
2025-11-27 11:08:48 - ai_model - DEBUG -    API Key: sk-gsaohhwdtofontqfo...rolhikfqmy
2025-11-27 11:08:49 - ai_model - DEBUG - ✅ AI模型初始化完成
2025-11-27 11:08:49 - ai_model - DEBUG -    模型: deepseek-ai/DeepSeek-V3
2025-11-27 11:08:49 - ai_model - DEBUG -    Base URL: https://api.siliconflow.cn/v1
2025-11-27 11:08:49 - ai_model - DEBUG -    API Key: sk-gsaohhwdtofontqfo...rolhikfqmy
2025-11-27 11:08:53 - ai_model - DEBUG - ✅ AI模型初始化完成
2025-11-27 11:08:53 - ai_model - DEBUG -    模型: deepseek-ai/DeepSeek-V3
2025-11-27 11:08:53 - ai_model - DEBUG -    Base URL: https://api.siliconflow.cn/v1
2025-11-27 11:08:53 - ai_model - DEBUG -    API Key: sk-gsaohhwdtofontqfo...rolhikfqmy
2025-11-27 11:09:22 - ai_model - DEBUG - ✅ AI模型初始化完成
2025-11-27 11:09:22 - ai_model - DEBUG -    模型: deepseek-ai/DeepSeek-V3
2025-11-27 11:09:22 - ai_model - DEBUG -    Base URL: https://api.siliconflow.cn/v1
2025-11-27 11:09:22 - ai_model - DEBUG -    API Key: sk-gsaohhwdtofontqfo...rolhikfqmy
2025-11-27 11:09:24 - ai_model - DEBUG - ✅ AI模型初始化完成
2025-11-27 11:09:24 - ai_model - DEBUG -    模型: deepseek-ai/DeepSeek-V3
2025-11-27 11:09:24 - ai_model - DEBUG -    Base URL: https://api.siliconflow.cn/v1
2025-11-27 11:09:24 - ai_model - DEBUG -    API Key: sk-gsaohhwdtofontqfo...rolhikfqmy
2025-11-27 11:09:27 - ai_model - DEBUG - ✅ AI模型初始化完成
2025-11-27 11:09:27 - ai_model - DEBUG -    模型: deepseek-ai/DeepSeek-V3
2025-11-27 11:09:27 - ai_model - DEBUG -    Base URL: https://api.siliconflow.cn/v1
2025-11-27 11:09:27 - ai_model - DEBUG -    API Key: sk-gsaohhwdtofontqfo...rolhikfqmy
2025-11-27 11:11:40 - ai_model - DEBUG - ✅ AI模型初始化完成
2025-11-27 11:11:40 - ai_model - DEBUG -    模型: deepseek-ai/DeepSeek-V3
2025-11-27 11:11:40 - ai_model - DEBUG -    Base URL: https://api.siliconflow.cn/v1
2025-11-27 11:11:40 - ai_model - DEBUG -    API Key: sk-gsaohhwdtofontqfo...rolhikfqmy
2025-11-27 11:11:42 - ai_model - DEBUG - ✅ AI模型初始化完成
2025-11-27 11:11:42 - ai_model - DEBUG -    模型: deepseek-ai/DeepSeek-V3
2025-11-27 11:11:42 - ai_model - DEBUG -    Base URL: https://api.siliconflow.cn/v1
2025-11-27 11:11:42 - ai_model - DEBUG -    API Key: sk-gsaohhwdtofontqfo...rolhikfqmy
2025-11-27 11:11:42 - ai_model - DEBUG - ✅ AI模型初始化完成
2025-11-27 11:11:42 - ai_model - DEBUG -    模型: deepseek-ai/DeepSeek-V3
2025-11-27 11:11:42 - ai_model - DEBUG -    Base URL: https://api.siliconflow.cn/v1
2025-11-27 11:11:42 - ai_model - DEBUG -    API Key: sk-gsaohhwdtofontqfo...rolhikfqmy
2025-11-27 11:28:36 - ai_model - DEBUG - ✅ AI模型初始化完成
2025-11-27 11:28:36 - ai_model - DEBUG -    模型: deepseek-ai/DeepSeek-V3
2025-11-27 11:28:36 - ai_model - DEBUG -    Base URL: https://api.siliconflow.cn/v1
2025-11-27 11:28:36 - ai_model - DEBUG -    API Key: sk-gsaohhwdtofontqfo...rolhikfqmy
2025-11-27 11:28:40 - ai_model - DEBUG - ✅ AI模型初始化完成
2025-11-27 11:28:40 - ai_model - DEBUG -    模型: deepseek-ai/DeepSeek-V3
2025-11-27 11:28:40 - ai_model - DEBUG -    Base URL: https://api.siliconflow.cn/v1
2025-11-27 11:28:40 - ai_model - DEBUG -    API Key: sk-gsaohhwdtofontqfo...rolhikfqmy
2025-11-27 11:28:43 - ai_model - DEBUG - ✅ AI模型初始化完成
2025-11-27 11:28:43 - ai_model - DEBUG -    模型: deepseek-ai/DeepSeek-V3
2025-11-27 11:28:43 - ai_model - DEBUG -    Base URL: https://api.siliconflow.cn/v1
2025-11-27 11:28:43 - ai_model - DEBUG -    API Key: sk-gsaohhwdtofontqfo...rolhikfqmy
2025-11-27 11:28:43 - ai_model - DEBUG - ✅ AI模型初始化完成
2025-11-27 11:28:43 - ai_model - DEBUG -    模型: deepseek-ai/DeepSeek-V3
2025-11-27 11:28:43 - ai_model - DEBUG -    Base URL: https://api.siliconflow.cn/v1
2025-11-27 11:28:43 - ai_model - DEBUG -    API Key: sk-gsaohhwdtofontqfo...rolhikfqmy
2025-11-27 11:29:41 - ai_model - DEBUG - ✅ AI模型初始化完成
2025-11-27 11:29:41 - ai_model - DEBUG -    模型: deepseek-ai/DeepSeek-V3
2025-11-27 11:29:41 - ai_model - DEBUG -    Base URL: https://api.siliconflow.cn/v1
2025-11-27 11:29:41 - ai_model - DEBUG -    API Key: sk-gsaohhwdtofontqfo...rolhikfqmy
2025-11-27 11:29:44 - ai_model - DEBUG - ✅ AI模型初始化完成
2025-11-27 11:29:44 - ai_model - DEBUG -    模型: deepseek-ai/DeepSeek-V3
2025-11-27 11:29:44 - ai_model - DEBUG -    Base URL: https://api.siliconflow.cn/v1
2025-11-27 11:29:44 - ai_model - DEBUG -    API Key: sk-gsaohhwdtofontqfo...rolhikfqmy
2025-11-27 11:29:47 - ai_model - DEBUG - ✅ AI模型初始化完成
2025-11-27 11:29:47 - ai_model - DEBUG -    模型: deepseek-ai/DeepSeek-V3
2025-11-27 11:29:47 - ai_model - DEBUG -    Base URL: https://api.siliconflow.cn/v1
2025-11-27 11:29:47 - ai_model - DEBUG -    API Key: sk-gsaohhwdtofontqfo...rolhikfqmy
2025-11-27 11:29:47 - ai_model - DEBUG - ✅ AI模型初始化完成
2025-11-27 11:29:47 - ai_model - DEBUG -    模型: deepseek-ai/DeepSeek-V3
2025-11-27 11:29:47 - ai_model - DEBUG -    Base URL: https://api.siliconflow.cn/v1
2025-11-27 11:29:47 - ai_model - DEBUG -    API Key: sk-gsaohhwdtofontqfo...rolhikfqmy
2025-11-27 11:36:44 - ai_model - DEBUG - ✅ AI模型初始化完成
2025-11-27 11:36:44 - ai_model - DEBUG -    模型: deepseek-ai/DeepSeek-V3
2025-11-27 11:36:44 - ai_model - DEBUG -    Base URL: https://api.siliconflow.cn/v1
2025-11-27 11:36:44 - ai_model - DEBUG -    API Key: sk-gsaohhwdtofontqfo...rolhikfqmy
2025-11-27 11:36:46 - ai_model - DEBUG - ✅ AI模型初始化完成
2025-11-27 11:36:46 - ai_model - DEBUG -    模型: deepseek-ai/DeepSeek-V3
2025-11-27 11:36:46 - ai_model - DEBUG -    Base URL: https://api.siliconflow.cn/v1
2025-11-27 11:36:46 - ai_model - DEBUG -    API Key: sk-gsaohhwdtofontqfo...rolhikfqmy
2025-11-27 11:36:50 - ai_model - DEBUG - ✅ AI模型初始化完成
2025-11-27 11:36:50 - ai_model - DEBUG -    模型: deepseek-ai/DeepSeek-V3
2025-11-27 11:36:50 - ai_model - DEBUG -    Base URL: https://api.siliconflow.cn/v1
2025-11-27 11:36:50 - ai_model - DEBUG -    API Key: sk-gsaohhwdtofontqfo...rolhikfqmy
2025-11-27 11:36:50 - ai_model - DEBUG - ✅ AI模型初始化完成
2025-11-27 11:36:50 - ai_model - DEBUG -    模型: deepseek-ai/DeepSeek-V3
2025-11-27 11:36:50 - ai_model - DEBUG -    Base URL: https://api.siliconflow.cn/v1
2025-11-27 11:36:50 - ai_model - DEBUG -    API Key: sk-gsaohhwdtofontqfo...rolhikfqmy
2025-11-27 11:38:46 - ai_model - DEBUG - ✅ AI模型初始化完成
2025-11-27 11:38:46 - ai_model - DEBUG -    模型: deepseek-ai/DeepSeek-V3
2025-11-27 11:38:46 - ai_model - DEBUG -    Base URL: https://api.siliconflow.cn/v1
2025-11-27 11:38:46 - ai_model - DEBUG -    API Key: sk-gsaohhwdtofontqfo...rolhikfqmy
2025-11-27 11:38:48 - ai_model - DEBUG - ✅ AI模型初始化完成
2025-11-27 11:38:48 - ai_model - DEBUG -    模型: deepseek-ai/DeepSeek-V3
2025-11-27 11:38:48 - ai_model - DEBUG -    Base URL: https://api.siliconflow.cn/v1
2025-11-27 11:38:48 - ai_model - DEBUG -    API Key: sk-gsaohhwdtofontqfo...rolhikfqmy
2025-11-27 11:38:51 - ai_model - DEBUG - ✅ AI模型初始化完成
2025-11-27 11:38:51 - ai_model - DEBUG -    模型: deepseek-ai/DeepSeek-V3
2025-11-27 11:38:51 - ai_model - DEBUG -    Base URL: https://api.siliconflow.cn/v1
2025-11-27 11:38:51 - ai_model - DEBUG -    API Key: sk-gsaohhwdtofontqfo...rolhikfqmy
2025-11-27 11:38:51 - ai_model - DEBUG - ✅ AI模型初始化完成
2025-11-27 11:38:51 - ai_model - DEBUG -    模型: deepseek-ai/DeepSeek-V3
2025-11-27 11:38:51 - ai_model - DEBUG -    Base URL: https://api.siliconflow.cn/v1
2025-11-27 11:38:51 - ai_model - DEBUG -    API Key: sk-gsaohhwdtofontqfo...rolhikfqmy
2025-11-27 11:40:47 - ai_model - DEBUG - ✅ AI模型初始化完成
2025-11-27 11:40:47 - ai_model - DEBUG -    模型: deepseek-ai/DeepSeek-V3
2025-11-27 11:40:47 - ai_model - DEBUG -    Base URL: https://api.siliconflow.cn/v1
2025-11-27 11:40:47 - ai_model - DEBUG -    API Key: sk-gsaohhwdtofontqfo...rolhikfqmy
2025-11-27 11:40:49 - ai_model - DEBUG - ✅ AI模型初始化完成
2025-11-27 11:40:49 - ai_model - DEBUG -    模型: deepseek-ai/DeepSeek-V3
2025-11-27 11:40:49 - ai_model - DEBUG -    Base URL: https://api.siliconflow.cn/v1
2025-11-27 11:40:49 - ai_model - DEBUG -    API Key: sk-gsaohhwdtofontqfo...rolhikfqmy
2025-11-27 11:40:51 - ai_model - DEBUG - ✅ AI模型初始化完成
2025-11-27 11:40:51 - ai_model - DEBUG -    模型: deepseek-ai/DeepSeek-V3
2025-11-27 11:40:51 - ai_model - DEBUG -    Base URL: https://api.siliconflow.cn/v1
2025-11-27 11:40:51 - ai_model - DEBUG -    API Key: sk-gsaohhwdtofontqfo...rolhikfqmy
2025-11-27 11:44:02 - ai_model - DEBUG - ✅ AI模型初始化完成
2025-11-27 11:44:02 - ai_model - DEBUG -    模型: deepseek-ai/DeepSeek-V3
2025-11-27 11:44:02 - ai_model - DEBUG -    Base URL: https://api.siliconflow.cn/v1
2025-11-27 11:44:02 - ai_model - DEBUG -    API Key: sk-gsaohhwdtofontqfo...rolhikfqmy
2025-11-27 11:44:04 - ai_model - DEBUG - ✅ AI模型初始化完成
2025-11-27 11:44:04 - ai_model - DEBUG -    模型: deepseek-ai/DeepSeek-V3
2025-11-27 11:44:04 - ai_model - DEBUG -    Base URL: https://api.siliconflow.cn/v1
2025-11-27 11:44:04 - ai_model - DEBUG -    API Key: sk-gsaohhwdtofontqfo...rolhikfqmy
2025-11-27 11:44:06 - ai_model - DEBUG - ✅ AI模型初始化完成
2025-11-27 11:44:06 - ai_model - DEBUG -    模型: deepseek-ai/DeepSeek-V3
2025-11-27 11:44:06 - ai_model - DEBUG -    Base URL: https://api.siliconflow.cn/v1
2025-11-27 11:44:06 - ai_model - DEBUG -    API Key: sk-gsaohhwdtofontqfo...rolhikfqmy
2025-11-27 11:45:04 - ai_model - DEBUG - ✅ AI模型初始化完成
2025-11-27 11:45:04 - ai_model - DEBUG -    模型: deepseek-ai/DeepSeek-V3
2025-11-27 11:45:04 - ai_model - DEBUG -    Base URL: https://api.siliconflow.cn/v1
2025-11-27 11:45:04 - ai_model - DEBUG -    API Key: sk-gsaohhwdtofontqfo...rolhikfqmy
2025-11-27 11:45:06 - ai_model - DEBUG - ✅ AI模型初始化完成
2025-11-27 11:45:06 - ai_model - DEBUG -    模型: deepseek-ai/DeepSeek-V3
2025-11-27 11:45:06 - ai_model - DEBUG -    Base URL: https://api.siliconflow.cn/v1
2025-11-27 11:45:06 - ai_model - DEBUG -    API Key: sk-gsaohhwdtofontqfo...rolhikfqmy
2025-11-27 11:45:08 - ai_model - DEBUG - ✅ AI模型初始化完成
2025-11-27 11:45:08 - ai_model - DEBUG -    模型: deepseek-ai/DeepSeek-V3
2025-11-27 11:45:08 - ai_model - DEBUG -    Base URL: https://api.siliconflow.cn/v1
2025-11-27 11:45:08 - ai_model - DEBUG -    API Key: sk-gsaohhwdtofontqfo...rolhikfqmy
2025-11-27 11:45:42 - ai_model - DEBUG - ✅ AI模型初始化完成
2025-11-27 11:45:42 - ai_model - DEBUG -    模型: deepseek-ai/DeepSeek-V3
2025-11-27 11:45:42 - ai_model - DEBUG -    Base URL: https://api.siliconflow.cn/v1
2025-11-27 11:45:42 - ai_model - DEBUG -    API Key: sk-gsaohhwdtofontqfo...rolhikfqmy
2025-11-27 11:45:44 - ai_model - DEBUG - ✅ AI模型初始化完成
2025-11-27 11:45:44 - ai_model - DEBUG -    模型: deepseek-ai/DeepSeek-V3
2025-11-27 11:45:44 - ai_model - DEBUG -    Base URL: https://api.siliconflow.cn/v1
2025-11-27 11:45:44 - ai_model - DEBUG -    API Key: sk-gsaohhwdtofontqfo...rolhikfqmy
2025-11-27 11:45:47 - ai_model - DEBUG - ✅ AI模型初始化完成
2025-11-27 11:45:47 - ai_model - DEBUG -    模型: deepseek-ai/DeepSeek-V3
2025-11-27 11:45:47 - ai_model - DEBUG -    Base URL: https://api.siliconflow.cn/v1
2025-11-27 11:45:47 - ai_model - DEBUG -    API Key: sk-gsaohhwdtofontqfo...rolhikfqmy
2025-11-27 11:46:09 - ai_model - DEBUG - ✅ AI模型初始化完成
2025-11-27 11:46:09 - ai_model - DEBUG -    模型: deepseek-ai/DeepSeek-V3
2025-11-27 11:46:09 - ai_model - DEBUG -    Base URL: https://api.siliconflow.cn/v1
2025-11-27 11:46:09 - ai_model - DEBUG -    API Key: sk-gsaohhwdtofontqfo...rolhikfqmy
2025-11-27 11:46:11 - ai_model - DEBUG - ✅ AI模型初始化完成
2025-11-27 11:46:11 - ai_model - DEBUG -    模型: deepseek-ai/DeepSeek-V3
2025-11-27 11:46:11 - ai_model - DEBUG -    Base URL: https://api.siliconflow.cn/v1
2025-11-27 11:46:11 - ai_model - DEBUG -    API Key: sk-gsaohhwdtofontqfo...rolhikfqmy
2025-11-27 11:46:14 - ai_model - DEBUG - ✅ AI模型初始化完成
2025-11-27 11:46:14 - ai_model - DEBUG -    模型: deepseek-ai/DeepSeek-V3
2025-11-27 11:46:14 - ai_model - DEBUG -    Base URL: https://api.siliconflow.cn/v1
2025-11-27 11:46:14 - ai_model - DEBUG -    API Key: sk-gsaohhwdtofontqfo...rolhikfqmy
2025-11-27 11:47:49 - ai_model - DEBUG - ✅ AI模型初始化完成
2025-11-27 11:47:49 - ai_model - DEBUG -    模型: deepseek-ai/DeepSeek-V3
2025-11-27 11:47:49 - ai_model - DEBUG -    Base URL: https://api.siliconflow.cn/v1
2025-11-27 11:47:49 - ai_model - DEBUG -    API Key: sk-gsaohhwdtofontqfo...rolhikfqmy
2025-11-27 11:47:51 - ai_model - DEBUG - ✅ AI模型初始化完成
2025-11-27 11:47:51 - ai_model - DEBUG -    模型: deepseek-ai/DeepSeek-V3
2025-11-27 11:47:51 - ai_model - DEBUG -    Base URL: https://api.siliconflow.cn/v1
2025-11-27 11:47:51 - ai_model - DEBUG -    API Key: sk-gsaohhwdtofontqfo...rolhikfqmy
2025-11-27 11:47:54 - ai_model - DEBUG - ✅ AI模型初始化完成
2025-11-27 11:47:54 - ai_model - DEBUG -    模型: deepseek-ai/DeepSeek-V3
2025-11-27 11:47:54 - ai_model - DEBUG -    Base URL: https://api.siliconflow.cn/v1
2025-11-27 11:47:54 - ai_model - DEBUG -    API Key: sk-gsaohhwdtofontqfo...rolhikfqmy
2025-11-27 11:47:54 - ai_model - DEBUG - ✅ AI模型初始化完成
2025-11-27 11:47:54 - ai_model - DEBUG -    模型: deepseek-ai/DeepSeek-V3
2025-11-27 11:47:54 - ai_model - DEBUG -    Base URL: https://api.siliconflow.cn/v1
2025-11-27 11:47:54 - ai_model - DEBUG -    API Key: sk-gsaohhwdtofontqfo...rolhikfqmy
2025-11-27 15:04:49 - ai_model - DEBUG - ✅ AI模型初始化完成
2025-11-27 15:04:49 - ai_model - DEBUG -    模型: deepseek-ai/DeepSeek-V3
2025-11-27 15:04:49 - ai_model - DEBUG -    Base URL: https://api.siliconflow.cn/v1
2025-11-27 15:04:49 - ai_model - DEBUG -    API Key: sk-gsaohhwdtofontqfo...rolhikfqmy
2025-11-27 15:04:53 - ai_model - DEBUG - ✅ AI模型初始化完成
2025-11-27 15:04:53 - ai_model - DEBUG -    模型: deepseek-ai/DeepSeek-V3
2025-11-27 15:04:53 - ai_model - DEBUG -    Base URL: https://api.siliconflow.cn/v1
2025-11-27 15:04:53 - ai_model - DEBUG -    API Key: sk-gsaohhwdtofontqfo...rolhikfqmy
2025-11-27 15:04:54 - ai_model - DEBUG - ✅ AI模型初始化完成
2025-11-27 15:04:54 - ai_model - DEBUG -    模型: deepseek-ai/DeepSeek-V3
2025-11-27 15:04:54 - ai_model - DEBUG -    Base URL: https://api.siliconflow.cn/v1
2025-11-27 15:04:54 - ai_model - DEBUG -    API Key: sk-gsaohhwdtofontqfo...rolhikfqmy
2025-11-27 15:09:49 - ai_model - DEBUG - ✅ AI模型初始化完成
2025-11-27 15:09:49 - ai_model - DEBUG -    模型: deepseek-ai/DeepSeek-V3
2025-11-27 15:09:49 - ai_model - DEBUG -    Base URL: https://api.siliconflow.cn/v1
2025-11-27 15:09:49 - ai_model - DEBUG -    API Key: sk-gsaohhwdtofontqfo...rolhikfqmy
2025-11-27 15:09:52 - ai_model - DEBUG - ✅ AI模型初始化完成
2025-11-27 15:09:52 - ai_model - DEBUG -    模型: deepseek-ai/DeepSeek-V3
2025-11-27 15:09:52 - ai_model - DEBUG -    Base URL: https://api.siliconflow.cn/v1
2025-11-27 15:09:52 - ai_model - DEBUG -    API Key: sk-gsaohhwdtofontqfo...rolhikfqmy
2025-11-27 15:09:53 - ai_model - DEBUG - ✅ AI模型初始化完成
2025-11-27 15:09:53 - ai_model - DEBUG -    模型: deepseek-ai/DeepSeek-V3
2025-11-27 15:09:53 - ai_model - DEBUG -    Base URL: https://api.siliconflow.cn/v1
2025-11-27 15:09:53 - ai_model - DEBUG -    API Key: sk-gsaohhwdtofontqfo...rolhikfqmy
2025-11-27 15:11:36 - ai_model - DEBUG - ✅ AI模型初始化完成
2025-11-27 15:11:36 - ai_model - DEBUG -    模型: deepseek-ai/DeepSeek-V3
2025-11-27 15:11:36 - ai_model - DEBUG -    Base URL: https://api.siliconflow.cn/v1
2025-11-27 15:11:36 - ai_model - DEBUG -    API Key: sk-gsaohhwdtofontqfo...rolhikfqmy
2025-11-27 15:11:39 - ai_model - DEBUG - ✅ AI模型初始化完成
2025-11-27 15:11:39 - ai_model - DEBUG -    模型: deepseek-ai/DeepSeek-V3
2025-11-27 15:11:39 - ai_model - DEBUG -    Base URL: https://api.siliconflow.cn/v1
2025-11-27 15:11:39 - ai_model - DEBUG -    API Key: sk-gsaohhwdtofontqfo...rolhikfqmy
2025-11-27 15:11:43 - ai_model - DEBUG - ✅ AI模型初始化完成
2025-11-27 15:11:43 - ai_model - DEBUG -    模型: deepseek-ai/DeepSeek-V3
2025-11-27 15:11:43 - ai_model - DEBUG -    Base URL: https://api.siliconflow.cn/v1
2025-11-27 15:11:43 - ai_model - DEBUG -    API Key: sk-gsaohhwdtofontqfo...rolhikfqmy
2025-11-27 15:11:43 - ai_model - DEBUG - ✅ AI模型初始化完成
2025-11-27 15:11:43 - ai_model - DEBUG -    模型: deepseek-ai/DeepSeek-V3
2025-11-27 15:11:43 - ai_model - DEBUG -    Base URL: https://api.siliconflow.cn/v1
2025-11-27 15:11:43 - ai_model - DEBUG -    API Key: sk-gsaohhwdtofontqfo...rolhikfqmy
2025-12-03 13:41:43 - ai_model - DEBUG - ✅ AI模型初始化完成
2025-12-03 13:41:43 - ai_model - DEBUG -    模型: deepseek-ai/DeepSeek-V3
2025-12-03 13:41:43 - ai_model - DEBUG -    Base URL: https://api.siliconflow.cn/v1
2025-12-03 13:41:43 - ai_model - DEBUG -    API Key: sk-gsaohhwdtofontqfo...rolhikfqmy
2025-12-03 13:41:45 - ai_model - DEBUG - ✅ AI模型初始化完成
2025-12-03 13:41:45 - ai_model - DEBUG -    模型: deepseek-ai/DeepSeek-V3
2025-12-03 13:41:45 - ai_model - DEBUG -    Base URL: https://api.siliconflow.cn/v1
2025-12-03 13:41:45 - ai_model - DEBUG -    API Key: sk-gsaohhwdtofontqfo...rolhikfqmy
2025-12-03 13:41:52 - ai_model - DEBUG - ✅ AI模型初始化完成
2025-12-03 13:41:52 - ai_model - DEBUG -    模型: deepseek-ai/DeepSeek-V3
2025-12-03 13:41:52 - ai_model - DEBUG -    Base URL: https://api.siliconflow.cn/v1
2025-12-03 13:41:52 - ai_model - DEBUG -    API Key: sk-gsaohhwdtofontqfo...rolhikfqmy
2025-12-03 13:41:53 - ai_model - DEBUG - ✅ AI模型初始化完成
2025-12-03 13:41:53 - ai_model - DEBUG -    模型: deepseek-ai/DeepSeek-V3
2025-12-03 13:41:53 - ai_model - DEBUG -    Base URL: https://api.siliconflow.cn/v1
2025-12-03 13:41:53 - ai_model - DEBUG -    API Key: sk-gsaohhwdtofontqfo...rolhikfqmy
2025-12-03 13:58:49 - ai_model - DEBUG - ✅ AI模型初始化完成
2025-12-03 13:58:49 - ai_model - DEBUG -    模型: deepseek-ai/DeepSeek-V3
2025-12-03 13:58:49 - ai_model - DEBUG -    Base URL: https://api.siliconflow.cn/v1
2025-12-03 13:58:49 - ai_model - DEBUG -    API Key: sk-gsaohhwdtofontqfo...rolhikfqmy
2025-12-03 13:58:51 - ai_model - DEBUG - ✅ AI模型初始化完成
2025-12-03 13:58:51 - ai_model - DEBUG -    模型: deepseek-ai/DeepSeek-V3
2025-12-03 13:58:51 - ai_model - DEBUG -    Base URL: https://api.siliconflow.cn/v1
2025-12-03 13:58:51 - ai_model - DEBUG -    API Key: sk-gsaohhwdtofontqfo...rolhikfqmy
2025-12-03 13:58:56 - ai_model - DEBUG - ✅ AI模型初始化完成
2025-12-03 13:58:56 - ai_model - DEBUG -    模型: deepseek-ai/DeepSeek-V3
2025-12-03 13:58:56 - ai_model - DEBUG -    Base URL: https://api.siliconflow.cn/v1
2025-12-03 13:58:56 - ai_model - DEBUG -    API Key: sk-gsaohhwdtofontqfo...rolhikfqmy
2025-12-03 13:58:56 - ai_model - DEBUG - ✅ AI模型初始化完成
2025-12-03 13:58:56 - ai_model - DEBUG -    模型: deepseek-ai/DeepSeek-V3
2025-12-03 13:58:56 - ai_model - DEBUG -    Base URL: https://api.siliconflow.cn/v1
2025-12-03 13:58:56 - ai_model - DEBUG -    API Key: sk-gsaohhwdtofontqfo...rolhikfqmy
2025-12-03 14:05:08 - ai_model - DEBUG - ✅ AI模型初始化完成
2025-12-03 14:05:08 - ai_model - DEBUG -    模型: deepseek-ai/DeepSeek-V3
2025-12-03 14:05:08 - ai_model - DEBUG -    Base URL: https://api.siliconflow.cn/v1
2025-12-03 14:05:08 - ai_model - DEBUG -    API Key: sk-gsaohhwdtofontqfo...rolhikfqmy
2025-12-03 14:05:11 - ai_model - DEBUG - ✅ AI模型初始化完成
2025-12-03 14:05:11 - ai_model - DEBUG -    模型: deepseek-ai/DeepSeek-V3
2025-12-03 14:05:11 - ai_model - DEBUG -    Base URL: https://api.siliconflow.cn/v1
2025-12-03 14:05:11 - ai_model - DEBUG -    API Key: sk-gsaohhwdtofontqfo...rolhikfqmy
2025-12-03 14:05:11 - ai_model - DEBUG - ✅ AI模型初始化完成
2025-12-03 14:05:11 - ai_model - DEBUG -    模型: deepseek-ai/DeepSeek-V3
2025-12-03 14:05:11 - ai_model - DEBUG -    Base URL: https://api.siliconflow.cn/v1
2025-12-03 14:05:11 - ai_model - DEBUG -    API Key: sk-gsaohhwdtofontqfo...rolhikfqmy
2025-12-03 14:08:34 - ai_model - DEBUG - ✅ AI模型初始化完成
2025-12-03 14:08:34 - ai_model - DEBUG -    模型: deepseek-ai/DeepSeek-V3
2025-12-03 14:08:34 - ai_model - DEBUG -    Base URL: https://api.siliconflow.cn/v1
2025-12-03 14:08:34 - ai_model - DEBUG -    API Key: sk-gsaohhwdtofontqfo...rolhikfqmy
2025-12-03 14:08:36 - ai_model - DEBUG - ✅ AI模型初始化完成
2025-12-03 14:08:36 - ai_model - DEBUG -    模型: deepseek-ai/DeepSeek-V3
2025-12-03 14:08:36 - ai_model - DEBUG -    Base URL: https://api.siliconflow.cn/v1
2025-12-03 14:08:36 - ai_model - DEBUG -    API Key: sk-gsaohhwdtofontqfo...rolhikfqmy
2025-12-03 14:08:41 - ai_model - DEBUG - ✅ AI模型初始化完成
2025-12-03 14:08:41 - ai_model - DEBUG -    模型: deepseek-ai/DeepSeek-V3
2025-12-03 14:08:41 - ai_model - DEBUG -    Base URL: https://api.siliconflow.cn/v1
2025-12-03 14:08:41 - ai_model - DEBUG -    API Key: sk-gsaohhwdtofontqfo...rolhikfqmy
2025-12-03 14:08:41 - ai_model - DEBUG - ✅ AI模型初始化完成
2025-12-03 14:08:41 - ai_model - DEBUG -    模型: deepseek-ai/DeepSeek-V3
2025-12-03 14:08:41 - ai_model - DEBUG -    Base URL: https://api.siliconflow.cn/v1
2025-12-03 14:08:41 - ai_model - DEBUG -    API Key: sk-gsaohhwdtofontqfo...rolhikfqmy
2025-12-03 14:13:31 - ai_model - DEBUG - ✅ AI模型初始化完成
2025-12-03 14:13:31 - ai_model - DEBUG -    模型: deepseek-ai/DeepSeek-V3
2025-12-03 14:13:31 - ai_model - DEBUG -    Base URL: https://api.siliconflow.cn/v1
2025-12-03 14:13:31 - ai_model - DEBUG -    API Key: sk-gsaohhwdtofontqfo...rolhikfqmy
2025-12-03 14:13:35 - ai_model - DEBUG - ✅ AI模型初始化完成
2025-12-03 14:13:35 - ai_model - DEBUG -    模型: deepseek-ai/DeepSeek-V3
2025-12-03 14:13:35 - ai_model - DEBUG -    Base URL: https://api.siliconflow.cn/v1
2025-12-03 14:13:35 - ai_model - DEBUG -    API Key: sk-gsaohhwdtofontqfo...rolhikfqmy
2025-12-03 14:13:35 - ai_model - DEBUG - ✅ AI模型初始化完成
2025-12-03 14:13:35 - ai_model - DEBUG -    模型: deepseek-ai/DeepSeek-V3
2025-12-03 14:13:35 - ai_model - DEBUG -    Base URL: https://api.siliconflow.cn/v1
2025-12-03 14:13:35 - ai_model - DEBUG -    API Key: sk-gsaohhwdtofontqfo...rolhikfqmy
2025-12-03 14:19:16 - ai_model - DEBUG - ✅ AI模型初始化完成
2025-12-03 14:19:16 - ai_model - DEBUG -    模型: deepseek-ai/DeepSeek-V3
2025-12-03 14:19:16 - ai_model - DEBUG -    Base URL: https://api.siliconflow.cn/v1
2025-12-03 14:19:16 - ai_model - DEBUG -    API Key: sk-gsaohhwdtofontqfo...rolhikfqmy
2025-12-03 14:19:19 - ai_model - DEBUG - ✅ AI模型初始化完成
2025-12-03 14:19:19 - ai_model - DEBUG -    模型: deepseek-ai/DeepSeek-V3
2025-12-03 14:19:19 - ai_model - DEBUG -    Base URL: https://api.siliconflow.cn/v1
2025-12-03 14:19:19 - ai_model - DEBUG -    API Key: sk-gsaohhwdtofontqfo...rolhikfqmy
2025-12-03 14:19:19 - ai_model - DEBUG - ✅ AI模型初始化完成
2025-12-03 14:19:19 - ai_model - DEBUG -    模型: deepseek-ai/DeepSeek-V3
2025-12-03 14:19:19 - ai_model - DEBUG -    Base URL: https://api.siliconflow.cn/v1
2025-12-03 14:19:19 - ai_model - DEBUG -    API Key: sk-gsaohhwdtofontqfo...rolhikfqmy
2025-12-03 14:19:32 - ai_model - DEBUG - ✅ AI模型初始化完成
2025-12-03 14:19:32 - ai_model - DEBUG -    模型: deepseek-ai/DeepSeek-V3
2025-12-03 14:19:32 - ai_model - DEBUG -    Base URL: https://api.siliconflow.cn/v1
2025-12-03 14:19:32 - ai_model - DEBUG -    API Key: sk-gsaohhwdtofontqfo...rolhikfqmy
2025-12-03 14:19:34 - ai_model - DEBUG - ✅ AI模型初始化完成
2025-12-03 14:19:34 - ai_model - DEBUG -    模型: deepseek-ai/DeepSeek-V3
2025-12-03 14:19:34 - ai_model - DEBUG -    Base URL: https://api.siliconflow.cn/v1
2025-12-03 14:19:34 - ai_model - DEBUG -    API Key: sk-gsaohhwdtofontqfo...rolhikfqmy
2025-12-03 14:19:34 - ai_model - DEBUG - ✅ AI模型初始化完成
2025-12-03 14:19:34 - ai_model - DEBUG -    模型: deepseek-ai/DeepSeek-V3
2025-12-03 14:19:34 - ai_model - DEBUG -    Base URL: https://api.siliconflow.cn/v1
2025-12-03 14:19:34 - ai_model - DEBUG -    API Key: sk-gsaohhwdtofontqfo...rolhikfqmy
2025-12-03 14:21:32 - ai_model - DEBUG - ✅ AI模型初始化完成
2025-12-03 14:21:32 - ai_model - DEBUG -    模型: deepseek-ai/DeepSeek-V3
2025-12-03 14:21:32 - ai_model - DEBUG -    Base URL: https://api.siliconflow.cn/v1
2025-12-03 14:21:32 - ai_model - DEBUG -    API Key: sk-gsaohhwdtofontqfo...rolhikfqmy
2025-12-03 14:21:34 - ai_model - DEBUG - ✅ AI模型初始化完成
2025-12-03 14:21:34 - ai_model - DEBUG -    模型: deepseek-ai/DeepSeek-V3
2025-12-03 14:21:34 - ai_model - DEBUG -    Base URL: https://api.siliconflow.cn/v1
2025-12-03 14:21:34 - ai_model - DEBUG -    API Key: sk-gsaohhwdtofontqfo...rolhikfqmy
2025-12-03 14:21:34 - ai_model - DEBUG - ✅ AI模型初始化完成
2025-12-03 14:21:34 - ai_model - DEBUG -    模型: deepseek-ai/DeepSeek-V3
2025-12-03 14:21:34 - ai_model - DEBUG -    Base URL: https://api.siliconflow.cn/v1
2025-12-03 14:21:34 - ai_model - DEBUG -    API Key: sk-gsaohhwdtofontqfo...rolhikfqmy
2025-12-03 14:24:05 - ai_model - DEBUG - ✅ AI模型初始化完成
2025-12-03 14:24:05 - ai_model - DEBUG -    模型: deepseek-ai/DeepSeek-V3
2025-12-03 14:24:05 - ai_model - DEBUG -    Base URL: https://api.siliconflow.cn/v1
2025-12-03 14:24:05 - ai_model - DEBUG -    API Key: sk-gsaohhwdtofontqfo...rolhikfqmy
2025-12-03 14:24:07 - ai_model - DEBUG - ✅ AI模型初始化完成
2025-12-03 14:24:07 - ai_model - DEBUG -    模型: deepseek-ai/DeepSeek-V3
2025-12-03 14:24:07 - ai_model - DEBUG -    Base URL: https://api.siliconflow.cn/v1
2025-12-03 14:24:07 - ai_model - DEBUG -    API Key: sk-gsaohhwdtofontqfo...rolhikfqmy
2025-12-03 14:24:07 - ai_model - DEBUG - ✅ AI模型初始化完成
2025-12-03 14:24:07 - ai_model - DEBUG -    模型: deepseek-ai/DeepSeek-V3
2025-12-03 14:24:07 - ai_model - DEBUG -    Base URL: https://api.siliconflow.cn/v1
2025-12-03 14:24:07 - ai_model - DEBUG -    API Key: sk-gsaohhwdtofontqfo...rolhikfqmy
2025-12-03 14:27:48 - ai_model - DEBUG - ✅ AI模型初始化完成
2025-12-03 14:27:48 - ai_model - DEBUG -    模型: deepseek-ai/DeepSeek-V3
2025-12-03 14:27:48 - ai_model - DEBUG -    Base URL: https://api.siliconflow.cn/v1
2025-12-03 14:27:48 - ai_model - DEBUG -    API Key: sk-gsaohhwdtofontqfo...rolhikfqmy
2025-12-03 14:27:52 - ai_model - DEBUG - ✅ AI模型初始化完成
2025-12-03 14:27:52 - ai_model - DEBUG -    模型: deepseek-ai/DeepSeek-V3
2025-12-03 14:27:52 - ai_model - DEBUG -    Base URL: https://api.siliconflow.cn/v1
2025-12-03 14:27:52 - ai_model - DEBUG -    API Key: sk-gsaohhwdtofontqfo...rolhikfqmy
2025-12-03 14:27:56 - ai_model - DEBUG - ✅ AI模型初始化完成
2025-12-03 14:27:56 - ai_model - DEBUG -    模型: deepseek-ai/DeepSeek-V3
2025-12-03 14:27:56 - ai_model - DEBUG -    Base URL: https://api.siliconflow.cn/v1
2025-12-03 14:27:56 - ai_model - DEBUG -    API Key: sk-gsaohhwdtofontqfo...rolhikfqmy
2025-12-03 14:27:56 - ai_model - DEBUG - ✅ AI模型初始化完成
2025-12-03 14:27:56 - ai_model - DEBUG -    模型: deepseek-ai/DeepSeek-V3
2025-12-03 14:27:56 - ai_model - DEBUG -    Base URL: https://api.siliconflow.cn/v1
2025-12-03 14:27:56 - ai_model - DEBUG -    API Key: sk-gsaohhwdtofontqfo...rolhikfqmy
2025-12-03 14:31:25 - ai_model - DEBUG - ✅ AI模型初始化完成
2025-12-03 14:31:25 - ai_model - DEBUG -    模型: deepseek-ai/DeepSeek-V3
2025-12-03 14:31:25 - ai_model - DEBUG -    Base URL: https://api.siliconflow.cn/v1
2025-12-03 14:31:25 - ai_model - DEBUG -    API Key: sk-gsaohhwdtofontqfo...rolhikfqmy
2025-12-03 14:31:27 - ai_model - DEBUG - ✅ AI模型初始化完成
2025-12-03 14:31:27 - ai_model - DEBUG -    模型: deepseek-ai/DeepSeek-V3
2025-12-03 14:31:27 - ai_model - DEBUG -    Base URL: https://api.siliconflow.cn/v1
2025-12-03 14:31:27 - ai_model - DEBUG -    API Key: sk-gsaohhwdtofontqfo...rolhikfqmy
2025-12-03 14:31:27 - ai_model - DEBUG - ✅ AI模型初始化完成
2025-12-03 14:31:27 - ai_model - DEBUG -    模型: deepseek-ai/DeepSeek-V3
2025-12-03 14:31:27 - ai_model - DEBUG -    Base URL: https://api.siliconflow.cn/v1
2025-12-03 14:31:27 - ai_model - DEBUG -    API Key: sk-gsaohhwdtofontqfo...rolhikfqmy
2025-12-03 14:41:58 - ai_model - DEBUG - ✅ AI模型初始化完成
2025-12-03 14:41:58 - ai_model - DEBUG -    模型: deepseek-ai/DeepSeek-V3
2025-12-03 14:41:58 - ai_model - DEBUG -    Base URL: https://api.siliconflow.cn/v1
2025-12-03 14:41:58 - ai_model - DEBUG -    API Key: sk-gsaohhwdtofontqfo...rolhikfqmy
2025-12-03 14:42:01 - ai_model - DEBUG - ✅ AI模型初始化完成
2025-12-03 14:42:01 - ai_model - DEBUG -    模型: deepseek-ai/DeepSeek-V3
2025-12-03 14:42:01 - ai_model - DEBUG -    Base URL: https://api.siliconflow.cn/v1
2025-12-03 14:42:01 - ai_model - DEBUG -    API Key: sk-gsaohhwdtofontqfo...rolhikfqmy
2025-12-03 14:42:09 - ai_model - DEBUG - ✅ AI模型初始化完成
2025-12-03 14:42:09 - ai_model - DEBUG -    模型: deepseek-ai/DeepSeek-V3
2025-12-03 14:42:09 - ai_model - DEBUG -    Base URL: https://api.siliconflow.cn/v1
2025-12-03 14:42:09 - ai_model - DEBUG -    API Key: sk-gsaohhwdtofontqfo...rolhikfqmy
2025-12-03 14:42:09 - ai_model - DEBUG - ✅ AI模型初始化完成
2025-12-03 14:42:09 - ai_model - DEBUG -    模型: deepseek-ai/DeepSeek-V3
2025-12-03 14:42:09 - ai_model - DEBUG -    Base URL: https://api.siliconflow.cn/v1
2025-12-03 14:42:09 - ai_model - DEBUG -    API Key: sk-gsaohhwdtofontqfo...rolhikfqmy
2025-12-03 14:42:45 - ai_model - DEBUG - ✅ AI模型初始化完成
2025-12-03 14:42:45 - ai_model - DEBUG -    模型: deepseek-ai/DeepSeek-V3
2025-12-03 14:42:45 - ai_model - DEBUG -    Base URL: https://api.siliconflow.cn/v1
2025-12-03 14:42:45 - ai_model - DEBUG -    API Key: sk-gsaohhwdtofontqfo...rolhikfqmy
2025-12-03 14:42:47 - ai_model - DEBUG - ✅ AI模型初始化完成
2025-12-03 14:42:47 - ai_model - DEBUG -    模型: deepseek-ai/DeepSeek-V3
2025-12-03 14:42:47 - ai_model - DEBUG -    Base URL: https://api.siliconflow.cn/v1
2025-12-03 14:42:47 - ai_model - DEBUG -    API Key: sk-gsaohhwdtofontqfo...rolhikfqmy
2025-12-03 14:42:51 - ai_model - DEBUG - ✅ AI模型初始化完成
2025-12-03 14:42:51 - ai_model - DEBUG -    模型: deepseek-ai/DeepSeek-V3
2025-12-03 14:42:51 - ai_model - DEBUG -    Base URL: https://api.siliconflow.cn/v1
2025-12-03 14:42:51 - ai_model - DEBUG -    API Key: sk-gsaohhwdtofontqfo...rolhikfqmy
2025-12-03 14:42:51 - ai_model - DEBUG - ✅ AI模型初始化完成
2025-12-03 14:42:51 - ai_model - DEBUG -    模型: deepseek-ai/DeepSeek-V3
2025-12-03 14:42:51 - ai_model - DEBUG -    Base URL: https://api.siliconflow.cn/v1
2025-12-03 14:42:51 - ai_model - DEBUG -    API Key: sk-gsaohhwdtofontqfo...rolhikfqmy
2025-12-03 14:58:44 - ai_model - DEBUG - ✅ AI模型初始化完成
2025-12-03 14:58:44 - ai_model - DEBUG -    模型: deepseek-ai/DeepSeek-V3
2025-12-03 14:58:44 - ai_model - DEBUG -    Base URL: https://api.siliconflow.cn/v1
2025-12-03 14:58:44 - ai_model - DEBUG -    API Key: sk-gsaohhwdtofontqfo...rolhikfqmy
2025-12-03 14:58:46 - ai_model - DEBUG - ✅ AI模型初始化完成
2025-12-03 14:58:46 - ai_model - DEBUG -    模型: deepseek-ai/DeepSeek-V3
2025-12-03 14:58:46 - ai_model - DEBUG -    Base URL: https://api.siliconflow.cn/v1
2025-12-03 14:58:46 - ai_model - DEBUG -    API Key: sk-gsaohhwdtofontqfo...rolhikfqmy
2025-12-03 14:58:47 - ai_model - DEBUG - ✅ AI模型初始化完成
2025-12-03 14:58:47 - ai_model - DEBUG -    模型: deepseek-ai/DeepSeek-V3
2025-12-03 14:58:47 - ai_model - DEBUG -    Base URL: https://api.siliconflow.cn/v1
2025-12-03 14:58:47 - ai_model - DEBUG -    API Key: sk-gsaohhwdtofontqfo...rolhikfqmy
2025-12-03 15:01:57 - ai_model - DEBUG - ✅ AI模型初始化完成
2025-12-03 15:01:57 - ai_model - DEBUG -    模型: deepseek-ai/DeepSeek-V3
2025-12-03 15:01:57 - ai_model - DEBUG -    Base URL: https://api.siliconflow.cn/v1
2025-12-03 15:01:57 - ai_model - DEBUG -    API Key: sk-gsaohhwdtofontqfo...rolhikfqmy
2025-12-03 15:02:01 - ai_model - DEBUG - ✅ AI模型初始化完成
2025-12-03 15:02:01 - ai_model - DEBUG -    模型: deepseek-ai/DeepSeek-V3
2025-12-03 15:02:01 - ai_model - DEBUG -    Base URL: https://api.siliconflow.cn/v1
2025-12-03 15:02:01 - ai_model - DEBUG -    API Key: sk-gsaohhwdtofontqfo...rolhikfqmy
2025-12-03 15:02:06 - ai_model - DEBUG - ✅ AI模型初始化完成
2025-12-03 15:02:07 - ai_model - DEBUG -    模型: deepseek-ai/DeepSeek-V3
2025-12-03 15:02:07 - ai_model - DEBUG -    Base URL: https://api.siliconflow.cn/v1
2025-12-03 15:02:07 - ai_model - DEBUG -    API Key: sk-gsaohhwdtofontqfo...rolhikfqmy
2025-12-03 15:02:07 - ai_model - DEBUG - ✅ AI模型初始化完成
2025-12-03 15:02:07 - ai_model - DEBUG -    模型: deepseek-ai/DeepSeek-V3
2025-12-03 15:02:07 - ai_model - DEBUG -    Base URL: https://api.siliconflow.cn/v1
2025-12-03 15:02:07 - ai_model - DEBUG -    API Key: sk-gsaohhwdtofontqfo...rolhikfqmy
2025-12-03 15:08:38 - ai_model - DEBUG - ✅ AI模型初始化完成
2025-12-03 15:08:38 - ai_model - DEBUG -    模型: deepseek-ai/DeepSeek-V3
2025-12-03 15:08:38 - ai_model - DEBUG -    Base URL: https://api.siliconflow.cn/v1
2025-12-03 15:08:38 - ai_model - DEBUG -    API Key: sk-gsaohhwdtofontqfo...rolhikfqmy
2025-12-03 15:08:42 - ai_model - DEBUG - ✅ AI模型初始化完成
2025-12-03 15:08:42 - ai_model - DEBUG -    模型: deepseek-ai/DeepSeek-V3
2025-12-03 15:08:42 - ai_model - DEBUG -    Base URL: https://api.siliconflow.cn/v1
2025-12-03 15:08:42 - ai_model - DEBUG -    API Key: sk-gsaohhwdtofontqfo...rolhikfqmy
2025-12-03 15:08:47 - ai_model - DEBUG - ✅ AI模型初始化完成
2025-12-03 15:08:47 - ai_model - DEBUG -    模型: deepseek-ai/DeepSeek-V3
2025-12-03 15:08:47 - ai_model - DEBUG -    Base URL: https://api.siliconflow.cn/v1
2025-12-03 15:08:47 - ai_model - DEBUG -    API Key: sk-gsaohhwdtofontqfo...rolhikfqmy
2025-12-03 15:08:47 - ai_model - DEBUG - ✅ AI模型初始化完成
2025-12-03 15:08:47 - ai_model - DEBUG -    模型: deepseek-ai/DeepSeek-V3
2025-12-03 15:08:47 - ai_model - DEBUG -    Base URL: https://api.siliconflow.cn/v1
2025-12-03 15:08:47 - ai_model - DEBUG -    API Key: sk-gsaohhwdtofontqfo...rolhikfqmy
2025-12-03 16:27:52 - ai_model - DEBUG - ✅ AI模型初始化完成
2025-12-03 16:27:52 - ai_model - DEBUG -    模型: deepseek-ai/DeepSeek-V3
2025-12-03 16:27:52 - ai_model - DEBUG -    Base URL: https://api.siliconflow.cn/v1
2025-12-03 16:27:52 - ai_model - DEBUG -    API Key: sk-gsaohhwdtofontqfo...rolhikfqmy
2025-12-03 16:27:55 - ai_model - DEBUG - ✅ AI模型初始化完成
2025-12-03 16:27:55 - ai_model - DEBUG -    模型: deepseek-ai/DeepSeek-V3
2025-12-03 16:27:55 - ai_model - DEBUG -    Base URL: https://api.siliconflow.cn/v1
2025-12-03 16:27:55 - ai_model - DEBUG -    API Key: sk-gsaohhwdtofontqfo...rolhikfqmy
2025-12-03 16:27:57 - ai_model - DEBUG - ✅ AI模型初始化完成
2025-12-03 16:27:57 - ai_model - DEBUG -    模型: deepseek-ai/DeepSeek-V3
2025-12-03 16:27:57 - ai_model - DEBUG -    Base URL: https://api.siliconflow.cn/v1
2025-12-03 16:27:57 - ai_model - DEBUG -    API Key: sk-gsaohhwdtofontqfo...rolhikfqmy
2025-12-03 16:27:58 - ai_model - DEBUG - ✅ AI模型初始化完成
2025-12-03 16:27:58 - ai_model - DEBUG -    模型: deepseek-ai/DeepSeek-V3
2025-12-03 16:27:58 - ai_model - DEBUG -    Base URL: https://api.siliconflow.cn/v1
2025-12-03 16:27:58 - ai_model - DEBUG -    API Key: sk-gsaohhwdtofontqfo...rolhikfqmy
2025-12-03 16:29:28 - ai_model - DEBUG - ✅ AI模型初始化完成
2025-12-03 16:29:28 - ai_model - DEBUG -    模型: deepseek-ai/DeepSeek-V3
2025-12-03 16:29:28 - ai_model - DEBUG -    Base URL: https://api.siliconflow.cn/v1
2025-12-03 16:29:28 - ai_model - DEBUG -    API Key: sk-gsaohhwdtofontqfo...rolhikfqmy
2025-12-03 16:29:29 - ai_model - DEBUG - ✅ AI模型初始化完成
2025-12-03 16:29:29 - ai_model - DEBUG -    模型: deepseek-ai/DeepSeek-V3
2025-12-03 16:29:29 - ai_model - DEBUG -    Base URL: https://api.siliconflow.cn/v1
2025-12-03 16:29:29 - ai_model - DEBUG -    API Key: sk-gsaohhwdtofontqfo...rolhikfqmy
2025-12-03 16:29:33 - ai_model - DEBUG - ✅ AI模型初始化完成
2025-12-03 16:29:33 - ai_model - DEBUG -    模型: deepseek-ai/DeepSeek-V3
2025-12-03 16:29:33 - ai_model - DEBUG -    Base URL: https://api.siliconflow.cn/v1
2025-12-03 16:29:33 - ai_model - DEBUG -    API Key: sk-gsaohhwdtofontqfo...rolhikfqmy
2025-12-03 16:29:33 - ai_model - DEBUG - ✅ AI模型初始化完成
2025-12-03 16:29:33 - ai_model - DEBUG -    模型: deepseek-ai/DeepSeek-V3
2025-12-03 16:29:33 - ai_model - DEBUG -    Base URL: https://api.siliconflow.cn/v1
2025-12-03 16:29:33 - ai_model - DEBUG -    API Key: sk-gsaohhwdtofontqfo...rolhikfqmy
2025-12-03 16:29:58 - ai_model - DEBUG - ✅ AI模型初始化完成
2025-12-03 16:29:58 - ai_model - DEBUG -    模型: deepseek-ai/DeepSeek-V3
2025-12-03 16:29:58 - ai_model - DEBUG -    Base URL: https://api.siliconflow.cn/v1
2025-12-03 16:29:58 - ai_model - DEBUG -    API Key: sk-gsaohhwdtofontqfo...rolhikfqmy
2025-12-03 16:30:02 - ai_model - DEBUG - ✅ AI模型初始化完成
2025-12-03 16:30:02 - ai_model - DEBUG -    模型: deepseek-ai/DeepSeek-V3
2025-12-03 16:30:02 - ai_model - DEBUG -    Base URL: https://api.siliconflow.cn/v1
2025-12-03 16:30:02 - ai_model - DEBUG -    API Key: sk-gsaohhwdtofontqfo...rolhikfqmy
2025-12-03 16:30:05 - ai_model - DEBUG - ✅ AI模型初始化完成
2025-12-03 16:30:05 - ai_model - DEBUG -    模型: deepseek-ai/DeepSeek-V3
2025-12-03 16:30:05 - ai_model - DEBUG -    Base URL: https://api.siliconflow.cn/v1
2025-12-03 16:30:05 - ai_model - DEBUG -    API Key: sk-gsaohhwdtofontqfo...rolhikfqmy
2025-12-03 16:30:05 - ai_model - DEBUG - ✅ AI模型初始化完成
2025-12-03 16:30:05 - ai_model - DEBUG -    模型: deepseek-ai/DeepSeek-V3
2025-12-03 16:30:05 - ai_model - DEBUG -    Base URL: https://api.siliconflow.cn/v1
2025-12-03 16:30:05 - ai_model - DEBUG -    API Key: sk-gsaohhwdtofontqfo...rolhikfqmy
2025-12-03 16:31:50 - ai_model - DEBUG - ✅ AI模型初始化完成
2025-12-03 16:31:50 - ai_model - DEBUG -    模型: deepseek-ai/DeepSeek-V3
2025-12-03 16:31:50 - ai_model - DEBUG -    Base URL: https://api.siliconflow.cn/v1
2025-12-03 16:31:50 - ai_model - DEBUG -    API Key: sk-gsaohhwdtofontqfo...rolhikfqmy
2025-12-03 16:31:53 - ai_model - DEBUG - ✅ AI模型初始化完成
2025-12-03 16:31:53 - ai_model - DEBUG -    模型: deepseek-ai/DeepSeek-V3
2025-12-03 16:31:53 - ai_model - DEBUG -    Base URL: https://api.siliconflow.cn/v1
2025-12-03 16:31:53 - ai_model - DEBUG -    API Key: sk-gsaohhwdtofontqfo...rolhikfqmy
2025-12-03 16:31:56 - ai_model - DEBUG - ✅ AI模型初始化完成
2025-12-03 16:31:56 - ai_model - DEBUG -    模型: deepseek-ai/DeepSeek-V3
2025-12-03 16:31:56 - ai_model - DEBUG -    Base URL: https://api.siliconflow.cn/v1
2025-12-03 16:31:56 - ai_model - DEBUG -    API Key: sk-gsaohhwdtofontqfo...rolhikfqmy
2025-12-03 16:31:56 - ai_model - DEBUG - ✅ AI模型初始化完成
2025-12-03 16:31:56 - ai_model - DEBUG -    模型: deepseek-ai/DeepSeek-V3
2025-12-03 16:31:56 - ai_model - DEBUG -    Base URL: https://api.siliconflow.cn/v1
2025-12-03 16:31:56 - ai_model - DEBUG -    API Key: sk-gsaohhwdtofontqfo...rolhikfqmy
2025-12-03 16:33:15 - ai_model - DEBUG - ✅ AI模型初始化完成
2025-12-03 16:33:15 - ai_model - DEBUG -    模型: deepseek-ai/DeepSeek-V3
2025-12-03 16:33:15 - ai_model - DEBUG -    Base URL: https://api.siliconflow.cn/v1
2025-12-03 16:33:15 - ai_model - DEBUG -    API Key: sk-gsaohhwdtofontqfo...rolhikfqmy
2025-12-03 16:33:17 - ai_model - DEBUG - ✅ AI模型初始化完成
2025-12-03 16:33:17 - ai_model - DEBUG -    模型: deepseek-ai/DeepSeek-V3
2025-12-03 16:33:17 - ai_model - DEBUG -    Base URL: https://api.siliconflow.cn/v1
2025-12-03 16:33:17 - ai_model - DEBUG -    API Key: sk-gsaohhwdtofontqfo...rolhikfqmy
2025-12-03 16:33:22 - ai_model - DEBUG - ✅ AI模型初始化完成
2025-12-03 16:33:22 - ai_model - DEBUG -    模型: deepseek-ai/DeepSeek-V3
2025-12-03 16:33:22 - ai_model - DEBUG -    Base URL: https://api.siliconflow.cn/v1
2025-12-03 16:33:22 - ai_model - DEBUG -    API Key: sk-gsaohhwdtofontqfo...rolhikfqmy
2025-12-03 16:33:22 - ai_model - DEBUG - ✅ AI模型初始化完成
2025-12-03 16:33:22 - ai_model - DEBUG -    模型: deepseek-ai/DeepSeek-V3
2025-12-03 16:33:22 - ai_model - DEBUG -    Base URL: https://api.siliconflow.cn/v1
2025-12-03 16:33:22 - ai_model - DEBUG -    API Key: sk-gsaohhwdtofontqfo...rolhikfqmy
2025-12-03 16:53:11 - ai_model - DEBUG - ✅ AI模型初始化完成
2025-12-03 16:53:11 - ai_model - DEBUG -    模型: deepseek-ai/DeepSeek-V3
2025-12-03 16:53:11 - ai_model - DEBUG -    Base URL: https://api.siliconflow.cn/v1
2025-12-03 16:53:11 - ai_model - DEBUG -    API Key: sk-gsaohhwdtofontqfo...rolhikfqmy
2025-12-03 16:53:14 - ai_model - DEBUG - ✅ AI模型初始化完成
2025-12-03 16:53:14 - ai_model - DEBUG -    模型: deepseek-ai/DeepSeek-V3
2025-12-03 16:53:14 - ai_model - DEBUG -    Base URL: https://api.siliconflow.cn/v1
2025-12-03 16:53:14 - ai_model - DEBUG -    API Key: sk-gsaohhwdtofontqfo...rolhikfqmy
2025-12-03 16:53:18 - ai_model - DEBUG - ✅ AI模型初始化完成
2025-12-03 16:53:18 - ai_model - DEBUG -    模型: deepseek-ai/DeepSeek-V3
2025-12-03 16:53:18 - ai_model - DEBUG -    Base URL: https://api.siliconflow.cn/v1
2025-12-03 16:53:18 - ai_model - DEBUG -    API Key: sk-gsaohhwdtofontqfo...rolhikfqmy
2025-12-03 16:53:18 - ai_model - DEBUG - ✅ AI模型初始化完成
2025-12-03 16:53:18 - ai_model - DEBUG -    模型: deepseek-ai/DeepSeek-V3
2025-12-03 16:53:18 - ai_model - DEBUG -    Base URL: https://api.siliconflow.cn/v1
2025-12-03 16:53:18 - ai_model - DEBUG -    API Key: sk-gsaohhwdtofontqfo...rolhikfqmy
2025-12-03 16:53:37 - ai_model - DEBUG - ✅ AI模型初始化完成
2025-12-03 16:53:37 - ai_model - DEBUG -    模型: deepseek-ai/DeepSeek-V3
2025-12-03 16:53:37 - ai_model - DEBUG -    Base URL: https://api.siliconflow.cn/v1
2025-12-03 16:53:37 - ai_model - DEBUG -    API Key: sk-gsaohhwdtofontqfo...rolhikfqmy
2025-12-03 16:53:42 - ai_model - DEBUG - ✅ AI模型初始化完成
2025-12-03 16:53:42 - ai_model - DEBUG -    模型: deepseek-ai/DeepSeek-V3
2025-12-03 16:53:42 - ai_model - DEBUG -    Base URL: https://api.siliconflow.cn/v1
2025-12-03 16:53:42 - ai_model - DEBUG -    API Key: sk-gsaohhwdtofontqfo...rolhikfqmy
2025-12-03 16:53:46 - ai_model - DEBUG - ✅ AI模型初始化完成
2025-12-03 16:53:46 - ai_model - DEBUG -    模型: deepseek-ai/DeepSeek-V3
2025-12-03 16:53:46 - ai_model - DEBUG -    Base URL: https://api.siliconflow.cn/v1
2025-12-03 16:53:46 - ai_model - DEBUG -    API Key: sk-gsaohhwdtofontqfo...rolhikfqmy
2025-12-03 16:53:46 - ai_model - DEBUG - ✅ AI模型初始化完成
2025-12-03 16:53:46 - ai_model - DEBUG -    模型: deepseek-ai/DeepSeek-V3
2025-12-03 16:53:46 - ai_model - DEBUG -    Base URL: https://api.siliconflow.cn/v1
2025-12-03 16:53:46 - ai_model - DEBUG -    API Key: sk-gsaohhwdtofontqfo...rolhikfqmy
2025-12-03 16:55:22 - ai_model - DEBUG - ✅ AI模型初始化完成
2025-12-03 16:55:22 - ai_model - DEBUG -    模型: deepseek-ai/DeepSeek-V3
2025-12-03 16:55:22 - ai_model - DEBUG -    Base URL: https://api.siliconflow.cn/v1
2025-12-03 16:55:22 - ai_model - DEBUG -    API Key: sk-gsaohhwdtofontqfo...rolhikfqmy
2025-12-03 16:55:25 - ai_model - DEBUG - ✅ AI模型初始化完成
2025-12-03 16:55:25 - ai_model - DEBUG -    模型: deepseek-ai/DeepSeek-V3
2025-12-03 16:55:25 - ai_model - DEBUG -    Base URL: https://api.siliconflow.cn/v1
2025-12-03 16:55:25 - ai_model - DEBUG -    API Key: sk-gsaohhwdtofontqfo...rolhikfqmy
2025-12-03 16:55:28 - ai_model - DEBUG - ✅ AI模型初始化完成
2025-12-03 16:55:28 - ai_model - DEBUG -    模型: deepseek-ai/DeepSeek-V3
2025-12-03 16:55:28 - ai_model - DEBUG -    Base URL: https://api.siliconflow.cn/v1
2025-12-03 16:55:28 - ai_model - DEBUG -    API Key: sk-gsaohhwdtofontqfo...rolhikfqmy
2025-12-03 16:55:28 - ai_model - DEBUG - ✅ AI模型初始化完成
2025-12-03 16:55:28 - ai_model - DEBUG -    模型: deepseek-ai/DeepSeek-V3
2025-12-03 16:55:28 - ai_model - DEBUG -    Base URL: https://api.siliconflow.cn/v1
2025-12-03 16:55:28 - ai_model - DEBUG -    API Key: sk-gsaohhwdtofontqfo...rolhikfqmy
2025-12-03 16:55:39 - ai_model - DEBUG - ✅ AI模型初始化完成
2025-12-03 16:55:39 - ai_model - DEBUG -    模型: deepseek-ai/DeepSeek-V3
2025-12-03 16:55:39 - ai_model - DEBUG -    Base URL: https://api.siliconflow.cn/v1
2025-12-03 16:55:39 - ai_model - DEBUG -    API Key: sk-gsaohhwdtofontqfo...rolhikfqmy
2025-12-03 16:55:44 - ai_model - DEBUG - ✅ AI模型初始化完成
2025-12-03 16:55:44 - ai_model - DEBUG -    模型: deepseek-ai/DeepSeek-V3
2025-12-03 16:55:44 - ai_model - DEBUG -    Base URL: https://api.siliconflow.cn/v1
2025-12-03 16:55:44 - ai_model - DEBUG -    API Key: sk-gsaohhwdtofontqfo...rolhikfqmy
2025-12-03 16:55:48 - ai_model - DEBUG - ✅ AI模型初始化完成
2025-12-03 16:55:48 - ai_model - DEBUG -    模型: deepseek-ai/DeepSeek-V3
2025-12-03 16:55:48 - ai_model - DEBUG -    Base URL: https://api.siliconflow.cn/v1
2025-12-03 16:55:48 - ai_model - DEBUG -    API Key: sk-gsaohhwdtofontqfo...rolhikfqmy
2025-12-03 16:55:48 - ai_model - DEBUG - ✅ AI模型初始化完成
2025-12-03 16:55:48 - ai_model - DEBUG -    模型: deepseek-ai/DeepSeek-V3
2025-12-03 16:55:48 - ai_model - DEBUG -    Base URL: https://api.siliconflow.cn/v1
2025-12-03 16:55:48 - ai_model - DEBUG -    API Key: sk-gsaohhwdtofontqfo...rolhikfqmy
2025-12-03 16:56:00 - ai_model - DEBUG - ✅ AI模型初始化完成
2025-12-03 16:56:00 - ai_model - DEBUG -    模型: deepseek-ai/DeepSeek-V3
2025-12-03 16:56:00 - ai_model - DEBUG -    Base URL: https://api.siliconflow.cn/v1
2025-12-03 16:56:00 - ai_model - DEBUG -    API Key: sk-gsaohhwdtofontqfo...rolhikfqmy
2025-12-03 16:56:02 - ai_model - DEBUG - ✅ AI模型初始化完成
2025-12-03 16:56:02 - ai_model - DEBUG -    模型: deepseek-ai/DeepSeek-V3
2025-12-03 16:56:02 - ai_model - DEBUG -    Base URL: https://api.siliconflow.cn/v1
2025-12-03 16:56:02 - ai_model - DEBUG -    API Key: sk-gsaohhwdtofontqfo...rolhikfqmy
2025-12-03 16:56:05 - ai_model - DEBUG - ✅ AI模型初始化完成
2025-12-03 16:56:05 - ai_model - DEBUG -    模型: deepseek-ai/DeepSeek-V3
2025-12-03 16:56:05 - ai_model - DEBUG -    Base URL: https://api.siliconflow.cn/v1
2025-12-03 16:56:05 - ai_model - DEBUG -    API Key: sk-gsaohhwdtofontqfo...rolhikfqmy
2025-12-03 16:56:06 - ai_model - DEBUG - ✅ AI模型初始化完成
2025-12-03 16:56:06 - ai_model - DEBUG -    模型: deepseek-ai/DeepSeek-V3
2025-12-03 16:56:06 - ai_model - DEBUG -    Base URL: https://api.siliconflow.cn/v1
2025-12-03 16:56:06 - ai_model - DEBUG -    API Key: sk-gsaohhwdtofontqfo...rolhikfqmy
2025-12-03 16:56:21 - ai_model - DEBUG - ✅ AI模型初始化完成
2025-12-03 16:56:21 - ai_model - DEBUG -    模型: deepseek-ai/DeepSeek-V3
2025-12-03 16:56:21 - ai_model - DEBUG -    Base URL: https://api.siliconflow.cn/v1
2025-12-03 16:56:21 - ai_model - DEBUG -    API Key: sk-gsaohhwdtofontqfo...rolhikfqmy
2025-12-03 16:56:23 - ai_model - DEBUG - ✅ AI模型初始化完成
2025-12-03 16:56:23 - ai_model - DEBUG -    模型: deepseek-ai/DeepSeek-V3
2025-12-03 16:56:23 - ai_model - DEBUG -    Base URL: https://api.siliconflow.cn/v1
2025-12-03 16:56:23 - ai_model - DEBUG -    API Key: sk-gsaohhwdtofontqfo...rolhikfqmy
2025-12-03 16:56:26 - ai_model - DEBUG - ✅ AI模型初始化完成
2025-12-03 16:56:26 - ai_model - DEBUG -    模型: deepseek-ai/DeepSeek-V3
2025-12-03 16:56:26 - ai_model - DEBUG -    Base URL: https://api.siliconflow.cn/v1
2025-12-03 16:56:26 - ai_model - DEBUG -    API Key: sk-gsaohhwdtofontqfo...rolhikfqmy
2025-12-03 16:56:26 - ai_model - DEBUG - ✅ AI模型初始化完成
2025-12-03 16:56:26 - ai_model - DEBUG -    模型: deepseek-ai/DeepSeek-V3
2025-12-03 16:56:26 - ai_model - DEBUG -    Base URL: https://api.siliconflow.cn/v1
2025-12-03 16:56:26 - ai_model - DEBUG -    API Key: sk-gsaohhwdtofontqfo...rolhikfqmy
2025-12-03 16:57:14 - ai_model - DEBUG - ✅ AI模型初始化完成
2025-12-03 16:57:14 - ai_model - DEBUG -    模型: deepseek-ai/DeepSeek-V3
2025-12-03 16:57:14 - ai_model - DEBUG -    Base URL: https://api.siliconflow.cn/v1
2025-12-03 16:57:14 - ai_model - DEBUG -    API Key: sk-gsaohhwdtofontqfo...rolhikfqmy
2025-12-03 16:57:16 - ai_model - DEBUG - ✅ AI模型初始化完成
2025-12-03 16:57:16 - ai_model - DEBUG -    模型: deepseek-ai/DeepSeek-V3
2025-12-03 16:57:16 - ai_model - DEBUG -    Base URL: https://api.siliconflow.cn/v1
2025-12-03 16:57:16 - ai_model - DEBUG -    API Key: sk-gsaohhwdtofontqfo...rolhikfqmy
2025-12-03 16:57:19 - ai_model - DEBUG - ✅ AI模型初始化完成
2025-12-03 16:57:19 - ai_model - DEBUG -    模型: deepseek-ai/DeepSeek-V3
2025-12-03 16:57:19 - ai_model - DEBUG -    Base URL: https://api.siliconflow.cn/v1
2025-12-03 16:57:19 - ai_model - DEBUG -    API Key: sk-gsaohhwdtofontqfo...rolhikfqmy
2025-12-03 16:57:19 - ai_model - DEBUG - ✅ AI模型初始化完成
2025-12-03 16:57:19 - ai_model - DEBUG -    模型: deepseek-ai/DeepSeek-V3
2025-12-03 16:57:19 - ai_model - DEBUG -    Base URL: https://api.siliconflow.cn/v1
2025-12-03 16:57:19 - ai_model - DEBUG -    API Key: sk-gsaohhwdtofontqfo...rolhikfqmy
2025-12-03 16:57:40 - ai_model - DEBUG - ✅ AI模型初始化完成
2025-12-03 16:57:40 - ai_model - DEBUG -    模型: deepseek-ai/DeepSeek-V3
2025-12-03 16:57:40 - ai_model - DEBUG -    Base URL: https://api.siliconflow.cn/v1
2025-12-03 16:57:40 - ai_model - DEBUG -    API Key: sk-gsaohhwdtofontqfo...rolhikfqmy
2025-12-03 16:57:43 - ai_model - DEBUG - ✅ AI模型初始化完成
2025-12-03 16:57:43 - ai_model - DEBUG -    模型: deepseek-ai/DeepSeek-V3
2025-12-03 16:57:43 - ai_model - DEBUG -    Base URL: https://api.siliconflow.cn/v1
2025-12-03 16:57:43 - ai_model - DEBUG -    API Key: sk-gsaohhwdtofontqfo...rolhikfqmy
2025-12-03 16:57:46 - ai_model - DEBUG - ✅ AI模型初始化完成
2025-12-03 16:57:46 - ai_model - DEBUG -    模型: deepseek-ai/DeepSeek-V3
2025-12-03 16:57:46 - ai_model - DEBUG -    Base URL: https://api.siliconflow.cn/v1
2025-12-03 16:57:46 - ai_model - DEBUG -    API Key: sk-gsaohhwdtofontqfo...rolhikfqmy
2025-12-03 16:57:46 - ai_model - DEBUG - ✅ AI模型初始化完成
2025-12-03 16:57:46 - ai_model - DEBUG -    模型: deepseek-ai/DeepSeek-V3
2025-12-03 16:57:46 - ai_model - DEBUG -    Base URL: https://api.siliconflow.cn/v1
2025-12-03 16:57:46 - ai_model - DEBUG -    API Key: sk-gsaohhwdtofontqfo...rolhikfqmy
2025-12-03 16:59:12 - ai_model - DEBUG - ✅ AI模型初始化完成
2025-12-03 16:59:12 - ai_model - DEBUG -    模型: deepseek-ai/DeepSeek-V3
2025-12-03 16:59:12 - ai_model - DEBUG -    Base URL: https://api.siliconflow.cn/v1
2025-12-03 16:59:12 - ai_model - DEBUG -    API Key: sk-gsaohhwdtofontqfo...rolhikfqmy
2025-12-03 16:59:14 - ai_model - DEBUG - ✅ AI模型初始化完成
2025-12-03 16:59:14 - ai_model - DEBUG -    模型: deepseek-ai/DeepSeek-V3
2025-12-03 16:59:14 - ai_model - DEBUG -    Base URL: https://api.siliconflow.cn/v1
2025-12-03 16:59:14 - ai_model - DEBUG -    API Key: sk-gsaohhwdtofontqfo...rolhikfqmy
2025-12-03 16:59:18 - ai_model - DEBUG - ✅ AI模型初始化完成
2025-12-03 16:59:18 - ai_model - DEBUG -    模型: deepseek-ai/DeepSeek-V3
2025-12-03 16:59:18 - ai_model - DEBUG -    Base URL: https://api.siliconflow.cn/v1
2025-12-03 16:59:18 - ai_model - DEBUG -    API Key: sk-gsaohhwdtofontqfo...rolhikfqmy
2025-12-03 16:59:18 - ai_model - DEBUG - ✅ AI模型初始化完成
2025-12-03 16:59:18 - ai_model - DEBUG -    模型: deepseek-ai/DeepSeek-V3
2025-12-03 16:59:18 - ai_model - DEBUG -    Base URL: https://api.siliconflow.cn/v1
2025-12-03 16:59:18 - ai_model - DEBUG -    API Key: sk-gsaohhwdtofontqfo...rolhikfqmy
2025-12-03 17:02:41 - ai_model - DEBUG - ✅ AI模型初始化完成
2025-12-03 17:02:41 - ai_model - DEBUG -    模型: deepseek-ai/DeepSeek-V3
2025-12-03 17:02:41 - ai_model - DEBUG -    Base URL: https://api.siliconflow.cn/v1
2025-12-03 17:02:41 - ai_model - DEBUG -    API Key: sk-gsaohhwdtofontqfo...rolhikfqmy
2025-12-03 17:02:44 - ai_model - DEBUG - ✅ AI模型初始化完成
2025-12-03 17:02:44 - ai_model - DEBUG -    模型: deepseek-ai/DeepSeek-V3
2025-12-03 17:02:44 - ai_model - DEBUG -    Base URL: https://api.siliconflow.cn/v1
2025-12-03 17:02:44 - ai_model - DEBUG -    API Key: sk-gsaohhwdtofontqfo...rolhikfqmy
2025-12-03 17:02:48 - ai_model - DEBUG - ✅ AI模型初始化完成
2025-12-03 17:02:48 - ai_model - DEBUG -    模型: deepseek-ai/DeepSeek-V3
2025-12-03 17:02:48 - ai_model - DEBUG -    Base URL: https://api.siliconflow.cn/v1
2025-12-03 17:02:48 - ai_model - DEBUG -    API Key: sk-gsaohhwdtofontqfo...rolhikfqmy
2025-12-03 17:02:48 - ai_model - DEBUG - ✅ AI模型初始化完成
2025-12-03 17:02:48 - ai_model - DEBUG -    模型: deepseek-ai/DeepSeek-V3
2025-12-03 17:02:48 - ai_model - DEBUG -    Base URL: https://api.siliconflow.cn/v1
2025-12-03 17:02:48 - ai_model - DEBUG -    API Key: sk-gsaohhwdtofontqfo...rolhikfqmy
2025-12-03 17:04:39 - ai_model - DEBUG - ✅ AI模型初始化完成
2025-12-03 17:04:39 - ai_model - DEBUG -    模型: deepseek-ai/DeepSeek-V3
2025-12-03 17:04:39 - ai_model - DEBUG -    Base URL: https://api.siliconflow.cn/v1
2025-12-03 17:04:39 - ai_model - DEBUG -    API Key: sk-gsaohhwdtofontqfo...rolhikfqmy
2025-12-03 17:04:41 - ai_model - DEBUG - ✅ AI模型初始化完成
2025-12-03 17:04:41 - ai_model - DEBUG -    模型: deepseek-ai/DeepSeek-V3
2025-12-03 17:04:41 - ai_model - DEBUG -    Base URL: https://api.siliconflow.cn/v1
2025-12-03 17:04:41 - ai_model - DEBUG -    API Key: sk-gsaohhwdtofontqfo...rolhikfqmy
2025-12-03 17:04:45 - ai_model - DEBUG - ✅ AI模型初始化完成
2025-12-03 17:04:45 - ai_model - DEBUG -    模型: deepseek-ai/DeepSeek-V3
2025-12-03 17:04:45 - ai_model - DEBUG -    Base URL: https://api.siliconflow.cn/v1
2025-12-03 17:04:45 - ai_model - DEBUG -    API Key: sk-gsaohhwdtofontqfo...rolhikfqmy
2025-12-03 17:04:45 - ai_model - DEBUG - ✅ AI模型初始化完成
2025-12-03 17:04:45 - ai_model - DEBUG -    模型: deepseek-ai/DeepSeek-V3
2025-12-03 17:04:45 - ai_model - DEBUG -    Base URL: https://api.siliconflow.cn/v1
2025-12-03 17:04:45 - ai_model - DEBUG -    API Key: sk-gsaohhwdtofontqfo...rolhikfqmy
2025-12-03 17:08:16 - ai_model - DEBUG - ✅ AI模型初始化完成
2025-12-03 17:08:16 - ai_model - DEBUG -    模型: deepseek-ai/DeepSeek-V3
2025-12-03 17:08:16 - ai_model - DEBUG -    Base URL: https://api.siliconflow.cn/v1
2025-12-03 17:08:16 - ai_model - DEBUG -    API Key: sk-gsaohhwdtofontqfo...rolhikfqmy
2025-12-03 17:08:19 - ai_model - DEBUG - ✅ AI模型初始化完成
2025-12-03 17:08:19 - ai_model - DEBUG -    模型: deepseek-ai/DeepSeek-V3
2025-12-03 17:08:19 - ai_model - DEBUG -    Base URL: https://api.siliconflow.cn/v1
2025-12-03 17:08:19 - ai_model - DEBUG -    API Key: sk-gsaohhwdtofontqfo...rolhikfqmy
2025-12-03 17:08:19 - ai_model - DEBUG - ✅ AI模型初始化完成
2025-12-03 17:08:19 - ai_model - DEBUG -    模型: deepseek-ai/DeepSeek-V3
2025-12-03 17:08:19 - ai_model - DEBUG -    Base URL: https://api.siliconflow.cn/v1
2025-12-03 17:08:19 - ai_model - DEBUG -    API Key: sk-gsaohhwdtofontqfo...rolhikfqmy
2025-12-03 17:12:27 - ai_model - DEBUG - ✅ AI模型初始化完成
2025-12-03 17:12:27 - ai_model - DEBUG -    模型: deepseek-ai/DeepSeek-V3
2025-12-03 17:12:27 - ai_model - DEBUG -    Base URL: https://api.siliconflow.cn/v1
2025-12-03 17:12:27 - ai_model - DEBUG -    API Key: sk-gsaohhwdtofontqfo...rolhikfqmy
2025-12-03 17:12:29 - ai_model - DEBUG - ✅ AI模型初始化完成
2025-12-03 17:12:29 - ai_model - DEBUG -    模型: deepseek-ai/DeepSeek-V3
2025-12-03 17:12:29 - ai_model - DEBUG -    Base URL: https://api.siliconflow.cn/v1
2025-12-03 17:12:29 - ai_model - DEBUG -    API Key: sk-gsaohhwdtofontqfo...rolhikfqmy
2025-12-03 17:12:33 - ai_model - DEBUG - ✅ AI模型初始化完成
2025-12-03 17:12:33 - ai_model - DEBUG -    模型: deepseek-ai/DeepSeek-V3
2025-12-03 17:12:33 - ai_model - DEBUG -    Base URL: https://api.siliconflow.cn/v1
2025-12-03 17:12:33 - ai_model - DEBUG -    API Key: sk-gsaohhwdtofontqfo...rolhikfqmy
2025-12-03 17:12:33 - ai_model - DEBUG - ✅ AI模型初始化完成
2025-12-03 17:12:33 - ai_model - DEBUG -    模型: deepseek-ai/DeepSeek-V3
2025-12-03 17:12:33 - ai_model - DEBUG -    Base URL: https://api.siliconflow.cn/v1
2025-12-03 17:12:33 - ai_model - DEBUG -    API Key: sk-gsaohhwdtofontqfo...rolhikfqmy
2025-12-03 17:13:44 - ai_model - DEBUG - ✅ AI模型初始化完成
2025-12-03 17:13:44 - ai_model - DEBUG -    模型: deepseek-ai/DeepSeek-V3
2025-12-03 17:13:44 - ai_model - DEBUG -    Base URL: https://api.siliconflow.cn/v1
2025-12-03 17:13:44 - ai_model - DEBUG -    API Key: sk-gsaohhwdtofontqfo...rolhikfqmy
2025-12-03 17:13:49 - ai_model - DEBUG - ✅ AI模型初始化完成
2025-12-03 17:13:49 - ai_model - DEBUG -    模型: deepseek-ai/DeepSeek-V3
2025-12-03 17:13:49 - ai_model - DEBUG -    Base URL: https://api.siliconflow.cn/v1
2025-12-03 17:13:49 - ai_model - DEBUG -    API Key: sk-gsaohhwdtofontqfo...rolhikfqmy
2025-12-03 17:13:49 - ai_model - DEBUG - ✅ AI模型初始化完成
2025-12-03 17:13:49 - ai_model - DEBUG -    模型: deepseek-ai/DeepSeek-V3
2025-12-03 17:13:49 - ai_model - DEBUG -    Base URL: https://api.siliconflow.cn/v1
2025-12-03 17:13:49 - ai_model - DEBUG -    API Key: sk-gsaohhwdtofontqfo...rolhikfqmy
2025-12-03 17:14:27 - ai_model - DEBUG - ✅ AI模型初始化完成
2025-12-03 17:14:27 - ai_model - DEBUG -    模型: deepseek-ai/DeepSeek-V3
2025-12-03 17:14:27 - ai_model - DEBUG -    Base URL: https://api.siliconflow.cn/v1
2025-12-03 17:14:27 - ai_model - DEBUG -    API Key: sk-gsaohhwdtofontqfo...rolhikfqmy
2025-12-03 17:14:31 - ai_model - DEBUG - ✅ AI模型初始化完成
2025-12-03 17:14:31 - ai_model - DEBUG -    模型: deepseek-ai/DeepSeek-V3
2025-12-03 17:14:31 - ai_model - DEBUG -    Base URL: https://api.siliconflow.cn/v1
2025-12-03 17:14:31 - ai_model - DEBUG -    API Key: sk-gsaohhwdtofontqfo...rolhikfqmy
2025-12-03 17:14:31 - ai_model - DEBUG - ✅ AI模型初始化完成
2025-12-03 17:14:31 - ai_model - DEBUG -    模型: deepseek-ai/DeepSeek-V3
2025-12-03 17:14:31 - ai_model - DEBUG -    Base URL: https://api.siliconflow.cn/v1
2025-12-03 17:14:31 - ai_model - DEBUG -    API Key: sk-gsaohhwdtofontqfo...rolhikfqmy
2025-12-03 17:15:50 - ai_model - DEBUG - ✅ AI模型初始化完成
2025-12-03 17:15:50 - ai_model - DEBUG -    模型: deepseek-ai/DeepSeek-V3
2025-12-03 17:15:50 - ai_model - DEBUG -    Base URL: https://api.siliconflow.cn/v1
2025-12-03 17:15:50 - ai_model - DEBUG -    API Key: sk-gsaohhwdtofontqfo...rolhikfqmy
2025-12-03 17:15:54 - ai_model - DEBUG - ✅ AI模型初始化完成
2025-12-03 17:15:54 - ai_model - DEBUG -    模型: deepseek-ai/DeepSeek-V3
2025-12-03 17:15:54 - ai_model - DEBUG -    Base URL: https://api.siliconflow.cn/v1
2025-12-03 17:15:54 - ai_model - DEBUG -    API Key: sk-gsaohhwdtofontqfo...rolhikfqmy
2025-12-03 17:15:54 - ai_model - DEBUG - ✅ AI模型初始化完成
2025-12-03 17:15:54 - ai_model - DEBUG -    模型: deepseek-ai/DeepSeek-V3
2025-12-03 17:15:54 - ai_model - DEBUG -    Base URL: https://api.siliconflow.cn/v1
2025-12-03 17:15:54 - ai_model - DEBUG -    API Key: sk-gsaohhwdtofontqfo...rolhikfqmy
2025-12-03 17:17:07 - ai_model - DEBUG - ✅ AI模型初始化完成
2025-12-03 17:17:07 - ai_model - DEBUG -    模型: deepseek-ai/DeepSeek-V3
2025-12-03 17:17:07 - ai_model - DEBUG -    Base URL: https://api.siliconflow.cn/v1
2025-12-03 17:17:07 - ai_model - DEBUG -    API Key: sk-gsaohhwdtofontqfo...rolhikfqmy
2025-12-03 17:17:09 - ai_model - DEBUG - ✅ AI模型初始化完成
2025-12-03 17:17:09 - ai_model - DEBUG -    模型: deepseek-ai/DeepSeek-V3
2025-12-03 17:17:09 - ai_model - DEBUG -    Base URL: https://api.siliconflow.cn/v1
2025-12-03 17:17:09 - ai_model - DEBUG -    API Key: sk-gsaohhwdtofontqfo...rolhikfqmy
2025-12-03 17:17:09 - ai_model - DEBUG - ✅ AI模型初始化完成
2025-12-03 17:17:09 - ai_model - DEBUG -    模型: deepseek-ai/DeepSeek-V3
2025-12-03 17:17:09 - ai_model - DEBUG -    Base URL: https://api.siliconflow.cn/v1
2025-12-03 17:17:09 - ai_model - DEBUG -    API Key: sk-gsaohhwdtofontqfo...rolhikfqmy
2025-12-03 17:24:14 - ai_model - DEBUG - ✅ AI模型初始化完成
2025-12-03 17:24:14 - ai_model - DEBUG -    模型: deepseek-ai/DeepSeek-V3
2025-12-03 17:24:14 - ai_model - DEBUG -    Base URL: https://api.siliconflow.cn/v1
2025-12-03 17:24:14 - ai_model - DEBUG -    API Key: sk-gsaohhwdtofontqfo...rolhikfqmy
2025-12-03 17:24:17 - ai_model - DEBUG - ✅ AI模型初始化完成
2025-12-03 17:24:17 - ai_model - DEBUG -    模型: deepseek-ai/DeepSeek-V3
2025-12-03 17:24:17 - ai_model - DEBUG -    Base URL: https://api.siliconflow.cn/v1
2025-12-03 17:24:17 - ai_model - DEBUG -    API Key: sk-gsaohhwdtofontqfo...rolhikfqmy
2025-12-03 17:24:22 - ai_model - DEBUG - ✅ AI模型初始化完成
2025-12-03 17:24:22 - ai_model - DEBUG -    模型: deepseek-ai/DeepSeek-V3
2025-12-03 17:24:22 - ai_model - DEBUG -    Base URL: https://api.siliconflow.cn/v1
2025-12-03 17:24:22 - ai_model - DEBUG -    API Key: sk-gsaohhwdtofontqfo...rolhikfqmy
2025-12-03 17:24:22 - ai_model - DEBUG - ✅ AI模型初始化完成
2025-12-03 17:24:22 - ai_model - DEBUG -    模型: deepseek-ai/DeepSeek-V3
2025-12-03 17:24:22 - ai_model - DEBUG -    Base URL: https://api.siliconflow.cn/v1
2025-12-03 17:24:22 - ai_model - DEBUG -    API Key: sk-gsaohhwdtofontqfo...rolhikfqmy
2025-12-03 17:25:24 - ai_model - DEBUG - ✅ AI模型初始化完成
2025-12-03 17:25:24 - ai_model - DEBUG -    模型: deepseek-ai/DeepSeek-V3
2025-12-03 17:25:24 - ai_model - DEBUG -    Base URL: https://api.siliconflow.cn/v1
2025-12-03 17:25:24 - ai_model - DEBUG -    API Key: sk-gsaohhwdtofontqfo...rolhikfqmy
2025-12-03 17:25:27 - ai_model - DEBUG - ✅ AI模型初始化完成
2025-12-03 17:25:27 - ai_model - DEBUG -    模型: deepseek-ai/DeepSeek-V3
2025-12-03 17:25:27 - ai_model - DEBUG -    Base URL: https://api.siliconflow.cn/v1
2025-12-03 17:25:27 - ai_model - DEBUG -    API Key: sk-gsaohhwdtofontqfo...rolhikfqmy
2025-12-03 17:25:31 - ai_model - DEBUG - ✅ AI模型初始化完成
2025-12-03 17:25:31 - ai_model - DEBUG -    模型: deepseek-ai/DeepSeek-V3
2025-12-03 17:25:31 - ai_model - DEBUG -    Base URL: https://api.siliconflow.cn/v1
2025-12-03 17:25:31 - ai_model - DEBUG -    API Key: sk-gsaohhwdtofontqfo...rolhikfqmy
2025-12-03 17:25:31 - ai_model - DEBUG - ✅ AI模型初始化完成
2025-12-03 17:25:31 - ai_model - DEBUG -    模型: deepseek-ai/DeepSeek-V3
2025-12-03 17:25:31 - ai_model - DEBUG -    Base URL: https://api.siliconflow.cn/v1
2025-12-03 17:25:31 - ai_model - DEBUG -    API Key: sk-gsaohhwdtofontqfo...rolhikfqmy
2025-12-03 17:29:50 - ai_model - DEBUG - ✅ AI模型初始化完成
2025-12-03 17:29:50 - ai_model - DEBUG -    模型: deepseek-ai/DeepSeek-V3
2025-12-03 17:29:50 - ai_model - DEBUG -    Base URL: https://api.siliconflow.cn/v1
2025-12-03 17:29:50 - ai_model - DEBUG -    API Key: sk-gsaohhwdtofontqfo...rolhikfqmy
2025-12-03 17:29:52 - ai_model - DEBUG - ✅ AI模型初始化完成
2025-12-03 17:29:52 - ai_model - DEBUG -    模型: deepseek-ai/DeepSeek-V3
2025-12-03 17:29:52 - ai_model - DEBUG -    Base URL: https://api.siliconflow.cn/v1
2025-12-03 17:29:52 - ai_model - DEBUG -    API Key: sk-gsaohhwdtofontqfo...rolhikfqmy
2025-12-03 17:29:56 - ai_model - DEBUG - ✅ AI模型初始化完成
2025-12-03 17:29:56 - ai_model - DEBUG -    模型: deepseek-ai/DeepSeek-V3
2025-12-03 17:29:56 - ai_model - DEBUG -    Base URL: https://api.siliconflow.cn/v1
2025-12-03 17:29:56 - ai_model - DEBUG -    API Key: sk-gsaohhwdtofontqfo...rolhikfqmy
2025-12-03 17:29:56 - ai_model - DEBUG - ✅ AI模型初始化完成
2025-12-03 17:29:56 - ai_model - DEBUG -    模型: deepseek-ai/DeepSeek-V3
2025-12-03 17:29:56 - ai_model - DEBUG -    Base URL: https://api.siliconflow.cn/v1
2025-12-03 17:29:56 - ai_model - DEBUG -    API Key: sk-gsaohhwdtofontqfo...rolhikfqmy
2025-12-03 17:33:15 - ai_model - DEBUG - ✅ AI模型初始化完成
2025-12-03 17:33:15 - ai_model - DEBUG -    模型: deepseek-ai/DeepSeek-V3
2025-12-03 17:33:15 - ai_model - DEBUG -    Base URL: https://api.siliconflow.cn/v1
2025-12-03 17:33:15 - ai_model - DEBUG -    API Key: sk-gsaohhwdtofontqfo...rolhikfqmy
2025-12-03 17:33:17 - ai_model - DEBUG - ✅ AI模型初始化完成
2025-12-03 17:33:17 - ai_model - DEBUG -    模型: deepseek-ai/DeepSeek-V3
2025-12-03 17:33:17 - ai_model - DEBUG -    Base URL: https://api.siliconflow.cn/v1
2025-12-03 17:33:17 - ai_model - DEBUG -    API Key: sk-gsaohhwdtofontqfo...rolhikfqmy
2025-12-03 17:33:22 - ai_model - DEBUG - ✅ AI模型初始化完成
2025-12-03 17:33:22 - ai_model - DEBUG -    模型: deepseek-ai/DeepSeek-V3
2025-12-03 17:33:22 - ai_model - DEBUG -    Base URL: https://api.siliconflow.cn/v1
2025-12-03 17:33:22 - ai_model - DEBUG -    API Key: sk-gsaohhwdtofontqfo...rolhikfqmy
2025-12-03 17:33:22 - ai_model - DEBUG - ✅ AI模型初始化完成
2025-12-03 17:33:22 - ai_model - DEBUG -    模型: deepseek-ai/DeepSeek-V3
2025-12-03 17:33:22 - ai_model - DEBUG -    Base URL: https://api.siliconflow.cn/v1
2025-12-03 17:33:22 - ai_model - DEBUG -    API Key: sk-gsaohhwdtofontqfo...rolhikfqmy
2025-12-03 17:34:13 - ai_model - DEBUG - ✅ AI模型初始化完成
2025-12-03 17:34:13 - ai_model - DEBUG -    模型: deepseek-ai/DeepSeek-V3
2025-12-03 17:34:13 - ai_model - DEBUG -    Base URL: https://api.siliconflow.cn/v1
2025-12-03 17:34:13 - ai_model - DEBUG -    API Key: sk-gsaohhwdtofontqfo...rolhikfqmy
2025-12-03 17:34:16 - ai_model - DEBUG - ✅ AI模型初始化完成
2025-12-03 17:34:16 - ai_model - DEBUG -    模型: deepseek-ai/DeepSeek-V3
2025-12-03 17:34:16 - ai_model - DEBUG -    Base URL: https://api.siliconflow.cn/v1
2025-12-03 17:34:16 - ai_model - DEBUG -    API Key: sk-gsaohhwdtofontqfo...rolhikfqmy
2025-12-03 17:34:20 - ai_model - DEBUG - ✅ AI模型初始化完成
2025-12-03 17:34:20 - ai_model - DEBUG -    模型: deepseek-ai/DeepSeek-V3
2025-12-03 17:34:20 - ai_model - DEBUG -    Base URL: https://api.siliconflow.cn/v1
2025-12-03 17:34:20 - ai_model - DEBUG -    API Key: sk-gsaohhwdtofontqfo...rolhikfqmy
2025-12-03 17:34:20 - ai_model - DEBUG - ✅ AI模型初始化完成
2025-12-03 17:34:20 - ai_model - DEBUG -    模型: deepseek-ai/DeepSeek-V3
2025-12-03 17:34:20 - ai_model - DEBUG -    Base URL: https://api.siliconflow.cn/v1
2025-12-03 17:34:20 - ai_model - DEBUG -    API Key: sk-gsaohhwdtofontqfo...rolhikfqmy
2025-12-03 17:35:14 - ai_model - DEBUG - ✅ AI模型初始化完成
2025-12-03 17:35:14 - ai_model - DEBUG -    模型: deepseek-ai/DeepSeek-V3
2025-12-03 17:35:14 - ai_model - DEBUG -    Base URL: https://api.siliconflow.cn/v1
2025-12-03 17:35:14 - ai_model - DEBUG -    API Key: sk-gsaohhwdtofontqfo...rolhikfqmy
2025-12-03 17:35:16 - ai_model - DEBUG - ✅ AI模型初始化完成
2025-12-03 17:35:16 - ai_model - DEBUG -    模型: deepseek-ai/DeepSeek-V3
2025-12-03 17:35:16 - ai_model - DEBUG -    Base URL: https://api.siliconflow.cn/v1
2025-12-03 17:35:16 - ai_model - DEBUG -    API Key: sk-gsaohhwdtofontqfo...rolhikfqmy
2025-12-03 17:35:21 - ai_model - DEBUG - ✅ AI模型初始化完成
2025-12-03 17:35:21 - ai_model - DEBUG -    模型: deepseek-ai/DeepSeek-V3
2025-12-03 17:35:21 - ai_model - DEBUG -    Base URL: https://api.siliconflow.cn/v1
2025-12-03 17:35:21 - ai_model - DEBUG -    API Key: sk-gsaohhwdtofontqfo...rolhikfqmy
2025-12-03 17:35:21 - ai_model - DEBUG - ✅ AI模型初始化完成
2025-12-03 17:35:21 - ai_model - DEBUG -    模型: deepseek-ai/DeepSeek-V3
2025-12-03 17:35:21 - ai_model - DEBUG -    Base URL: https://api.siliconflow.cn/v1
2025-12-03 17:35:21 - ai_model - DEBUG -    API Key: sk-gsaohhwdtofontqfo...rolhikfqmy
2025-12-03 17:41:29 - ai_model - DEBUG - ✅ AI模型初始化完成
2025-12-03 17:41:29 - ai_model - DEBUG -    模型: deepseek-ai/DeepSeek-V3
2025-12-03 17:41:29 - ai_model - DEBUG -    Base URL: https://api.siliconflow.cn/v1
2025-12-03 17:41:29 - ai_model - DEBUG -    API Key: sk-gsaohhwdtofontqfo...rolhikfqmy
2025-12-03 17:41:31 - ai_model - DEBUG - ✅ AI模型初始化完成
2025-12-03 17:41:31 - ai_model - DEBUG -    模型: deepseek-ai/DeepSeek-V3
2025-12-03 17:41:31 - ai_model - DEBUG -    Base URL: https://api.siliconflow.cn/v1
2025-12-03 17:41:31 - ai_model - DEBUG -    API Key: sk-gsaohhwdtofontqfo...rolhikfqmy
2025-12-03 17:41:34 - ai_model - DEBUG - ✅ AI模型初始化完成
2025-12-03 17:41:34 - ai_model - DEBUG -    模型: deepseek-ai/DeepSeek-V3
2025-12-03 17:41:34 - ai_model - DEBUG -    Base URL: https://api.siliconflow.cn/v1
2025-12-03 17:41:34 - ai_model - DEBUG -    API Key: sk-gsaohhwdtofontqfo...rolhikfqmy
2025-12-03 17:41:59 - ai_model - DEBUG - ✅ AI模型初始化完成
2025-12-03 17:41:59 - ai_model - DEBUG -    模型: deepseek-ai/DeepSeek-V3
2025-12-03 17:41:59 - ai_model - DEBUG -    Base URL: https://api.siliconflow.cn/v1
2025-12-03 17:41:59 - ai_model - DEBUG -    API Key: sk-gsaohhwdtofontqfo...rolhikfqmy
2025-12-03 17:42:02 - ai_model - DEBUG - ✅ AI模型初始化完成
2025-12-03 17:42:02 - ai_model - DEBUG -    模型: deepseek-ai/DeepSeek-V3
2025-12-03 17:42:02 - ai_model - DEBUG -    Base URL: https://api.siliconflow.cn/v1
2025-12-03 17:42:02 - ai_model - DEBUG -    API Key: sk-gsaohhwdtofontqfo...rolhikfqmy
2025-12-03 17:42:07 - ai_model - DEBUG - ✅ AI模型初始化完成
2025-12-03 17:42:07 - ai_model - DEBUG -    模型: deepseek-ai/DeepSeek-V3
2025-12-03 17:42:07 - ai_model - DEBUG -    Base URL: https://api.siliconflow.cn/v1
2025-12-03 17:42:07 - ai_model - DEBUG -    API Key: sk-gsaohhwdtofontqfo...rolhikfqmy
2025-12-03 17:42:07 - ai_model - DEBUG - ✅ AI模型初始化完成
2025-12-03 17:42:07 - ai_model - DEBUG -    模型: deepseek-ai/DeepSeek-V3
2025-12-03 17:42:07 - ai_model - DEBUG -    Base URL: https://api.siliconflow.cn/v1
2025-12-03 17:42:07 - ai_model - DEBUG -    API Key: sk-gsaohhwdtofontqfo...rolhikfqmy
2025-12-03 18:00:49 - ai_model - DEBUG - ✅ AI模型初始化完成
2025-12-03 18:00:49 - ai_model - DEBUG -    模型: deepseek-ai/DeepSeek-V3
2025-12-03 18:00:49 - ai_model - DEBUG -    Base URL: https://api.siliconflow.cn/v1
2025-12-03 18:00:49 - ai_model - DEBUG -    API Key: sk-gsaohhwdtofontqfo...rolhikfqmy
2025-12-03 18:00:52 - ai_model - DEBUG - ✅ AI模型初始化完成
2025-12-03 18:00:52 - ai_model - DEBUG -    模型: deepseek-ai/DeepSeek-V3
2025-12-03 18:00:52 - ai_model - DEBUG -    Base URL: https://api.siliconflow.cn/v1
2025-12-03 18:00:52 - ai_model - DEBUG -    API Key: sk-gsaohhwdtofontqfo...rolhikfqmy
2025-12-03 18:00:57 - ai_model - DEBUG - ✅ AI模型初始化完成
2025-12-03 18:00:57 - ai_model - DEBUG -    模型: deepseek-ai/DeepSeek-V3
2025-12-03 18:00:57 - ai_model - DEBUG -    Base URL: https://api.siliconflow.cn/v1
2025-12-03 18:00:57 - ai_model - DEBUG -    API Key: sk-gsaohhwdtofontqfo...rolhikfqmy
2025-12-03 18:00:57 - ai_model - DEBUG - ✅ AI模型初始化完成
2025-12-03 18:00:57 - ai_model - DEBUG -    模型: deepseek-ai/DeepSeek-V3
2025-12-03 18:00:57 - ai_model - DEBUG -    Base URL: https://api.siliconflow.cn/v1
2025-12-03 18:00:57 - ai_model - DEBUG -    API Key: sk-gsaohhwdtofontqfo...rolhikfqmy
2025-12-03 18:04:41 - ai_model - DEBUG - ✅ AI模型初始化完成
2025-12-03 18:04:41 - ai_model - DEBUG -    模型: deepseek-ai/DeepSeek-V3
2025-12-03 18:04:41 - ai_model - DEBUG -    Base URL: https://api.siliconflow.cn/v1
2025-12-03 18:04:41 - ai_model - DEBUG -    API Key: sk-gsaohhwdtofontqfo...rolhikfqmy
2025-12-03 18:04:43 - ai_model - DEBUG - ✅ AI模型初始化完成
2025-12-03 18:04:43 - ai_model - DEBUG -    模型: deepseek-ai/DeepSeek-V3
2025-12-03 18:04:43 - ai_model - DEBUG -    Base URL: https://api.siliconflow.cn/v1
2025-12-03 18:04:43 - ai_model - DEBUG -    API Key: sk-gsaohhwdtofontqfo...rolhikfqmy
2025-12-03 18:04:45 - ai_model - DEBUG - ✅ AI模型初始化完成
2025-12-03 18:04:45 - ai_model - DEBUG -    模型: deepseek-ai/DeepSeek-V3
2025-12-03 18:04:45 - ai_model - DEBUG -    Base URL: https://api.siliconflow.cn/v1
2025-12-03 18:04:45 - ai_model - DEBUG -    API Key: sk-gsaohhwdtofontqfo...rolhikfqmy
2025-12-03 18:04:45 - ai_model - DEBUG - ✅ AI模型初始化完成
2025-12-03 18:04:45 - ai_model - DEBUG -    模型: deepseek-ai/DeepSeek-V3
2025-12-03 18:04:45 - ai_model - DEBUG -    Base URL: https://api.siliconflow.cn/v1
2025-12-03 18:04:45 - ai_model - DEBUG -    API Key: sk-gsaohhwdtofontqfo...rolhikfqmy
2025-12-03 18:05:58 - ai_model - DEBUG - ✅ AI模型初始化完成
2025-12-03 18:05:58 - ai_model - DEBUG -    模型: deepseek-ai/DeepSeek-V3
2025-12-03 18:05:58 - ai_model - DEBUG -    Base URL: https://api.siliconflow.cn/v1
2025-12-03 18:05:58 - ai_model - DEBUG -    API Key: sk-gsaohhwdtofontqfo...rolhikfqmy
2025-12-03 18:06:00 - ai_model - DEBUG - ✅ AI模型初始化完成
2025-12-03 18:06:00 - ai_model - DEBUG -    模型: deepseek-ai/DeepSeek-V3
2025-12-03 18:06:00 - ai_model - DEBUG -    Base URL: https://api.siliconflow.cn/v1
2025-12-03 18:06:00 - ai_model - DEBUG -    API Key: sk-gsaohhwdtofontqfo...rolhikfqmy
2025-12-03 18:06:03 - ai_model - DEBUG - ✅ AI模型初始化完成
2025-12-03 18:06:03 - ai_model - DEBUG -    模型: deepseek-ai/DeepSeek-V3
2025-12-03 18:06:03 - ai_model - DEBUG -    Base URL: https://api.siliconflow.cn/v1
2025-12-03 18:06:03 - ai_model - DEBUG -    API Key: sk-gsaohhwdtofontqfo...rolhikfqmy
2025-12-03 18:06:03 - ai_model - DEBUG - ✅ AI模型初始化完成
2025-12-03 18:06:03 - ai_model - DEBUG -    模型: deepseek-ai/DeepSeek-V3
2025-12-03 18:06:03 - ai_model - DEBUG -    Base URL: https://api.siliconflow.cn/v1
2025-12-03 18:06:03 - ai_model - DEBUG -    API Key: sk-gsaohhwdtofontqfo...rolhikfqmy
2025-12-03 18:06:23 - ai_model - DEBUG - ✅ AI模型初始化完成
2025-12-03 18:06:23 - ai_model - DEBUG -    模型: deepseek-ai/DeepSeek-V3
2025-12-03 18:06:23 - ai_model - DEBUG -    Base URL: https://api.siliconflow.cn/v1
2025-12-03 18:06:23 - ai_model - DEBUG -    API Key: sk-gsaohhwdtofontqfo...rolhikfqmy
2025-12-03 18:06:25 - ai_model - DEBUG - ✅ AI模型初始化完成
2025-12-03 18:06:25 - ai_model - DEBUG -    模型: deepseek-ai/DeepSeek-V3
2025-12-03 18:06:25 - ai_model - DEBUG -    Base URL: https://api.siliconflow.cn/v1
2025-12-03 18:06:25 - ai_model - DEBUG -    API Key: sk-gsaohhwdtofontqfo...rolhikfqmy
2025-12-03 18:06:28 - ai_model - DEBUG - ✅ AI模型初始化完成
2025-12-03 18:06:28 - ai_model - DEBUG -    模型: deepseek-ai/DeepSeek-V3
2025-12-03 18:06:28 - ai_model - DEBUG -    Base URL: https://api.siliconflow.cn/v1
2025-12-03 18:06:28 - ai_model - DEBUG -    API Key: sk-gsaohhwdtofontqfo...rolhikfqmy
2025-12-03 18:06:28 - ai_model - DEBUG - ✅ AI模型初始化完成
2025-12-03 18:06:28 - ai_model - DEBUG -    模型: deepseek-ai/DeepSeek-V3
2025-12-03 18:06:28 - ai_model - DEBUG -    Base URL: https://api.siliconflow.cn/v1
2025-12-03 18:06:28 - ai_model - DEBUG -    API Key: sk-gsaohhwdtofontqfo...rolhikfqmy
2025-12-03 18:06:51 - ai_model - DEBUG - ✅ AI模型初始化完成
2025-12-03 18:06:51 - ai_model - DEBUG -    模型: deepseek-ai/DeepSeek-V3
2025-12-03 18:06:51 - ai_model - DEBUG -    Base URL: https://api.siliconflow.cn/v1
2025-12-03 18:06:51 - ai_model - DEBUG -    API Key: sk-gsaohhwdtofontqfo...rolhikfqmy
2025-12-03 18:06:52 - ai_model - DEBUG - ✅ AI模型初始化完成
2025-12-03 18:06:52 - ai_model - DEBUG -    模型: deepseek-ai/DeepSeek-V3
2025-12-03 18:06:52 - ai_model - DEBUG -    Base URL: https://api.siliconflow.cn/v1
2025-12-03 18:06:52 - ai_model - DEBUG -    API Key: sk-gsaohhwdtofontqfo...rolhikfqmy
2025-12-03 18:06:55 - ai_model - DEBUG - ✅ AI模型初始化完成
2025-12-03 18:06:55 - ai_model - DEBUG -    模型: deepseek-ai/DeepSeek-V3
2025-12-03 18:06:55 - ai_model - DEBUG -    Base URL: https://api.siliconflow.cn/v1
2025-12-03 18:06:55 - ai_model - DEBUG -    API Key: sk-gsaohhwdtofontqfo...rolhikfqmy
2025-12-03 18:06:56 - ai_model - DEBUG - ✅ AI模型初始化完成
2025-12-03 18:06:56 - ai_model - DEBUG -    模型: deepseek-ai/DeepSeek-V3
2025-12-03 18:06:56 - ai_model - DEBUG -    Base URL: https://api.siliconflow.cn/v1
2025-12-03 18:06:56 - ai_model - DEBUG -    API Key: sk-gsaohhwdtofontqfo...rolhikfqmy
2025-12-03 18:07:05 - ai_model - DEBUG - ✅ AI模型初始化完成
2025-12-03 18:07:05 - ai_model - DEBUG -    模型: deepseek-ai/DeepSeek-V3
2025-12-03 18:07:05 - ai_model - DEBUG -    Base URL: https://api.siliconflow.cn/v1
2025-12-03 18:07:05 - ai_model - DEBUG -    API Key: sk-gsaohhwdtofontqfo...rolhikfqmy
2025-12-03 18:07:08 - ai_model - DEBUG - ✅ AI模型初始化完成
2025-12-03 18:07:08 - ai_model - DEBUG -    模型: deepseek-ai/DeepSeek-V3
2025-12-03 18:07:08 - ai_model - DEBUG -    Base URL: https://api.siliconflow.cn/v1
2025-12-03 18:07:08 - ai_model - DEBUG -    API Key: sk-gsaohhwdtofontqfo...rolhikfqmy
2025-12-03 18:07:13 - ai_model - DEBUG - ✅ AI模型初始化完成
2025-12-03 18:07:13 - ai_model - DEBUG -    模型: deepseek-ai/DeepSeek-V3
2025-12-03 18:07:13 - ai_model - DEBUG -    Base URL: https://api.siliconflow.cn/v1
2025-12-03 18:07:13 - ai_model - DEBUG -    API Key: sk-gsaohhwdtofontqfo...rolhikfqmy
2025-12-03 18:07:13 - ai_model - DEBUG - ✅ AI模型初始化完成
2025-12-03 18:07:13 - ai_model - DEBUG -    模型: deepseek-ai/DeepSeek-V3
2025-12-03 18:07:13 - ai_model - DEBUG -    Base URL: https://api.siliconflow.cn/v1
2025-12-03 18:07:13 - ai_model - DEBUG -    API Key: sk-gsaohhwdtofontqfo...rolhikfqmy
2025-12-03 18:08:49 - ai_model - DEBUG - ✅ AI模型初始化完成
2025-12-03 18:08:49 - ai_model - DEBUG -    模型: deepseek-ai/DeepSeek-V3
2025-12-03 18:08:49 - ai_model - DEBUG -    Base URL: https://api.siliconflow.cn/v1
2025-12-03 18:08:49 - ai_model - DEBUG -    API Key: sk-gsaohhwdtofontqfo...rolhikfqmy
2025-12-03 18:08:51 - ai_model - DEBUG - ✅ AI模型初始化完成
2025-12-03 18:08:51 - ai_model - DEBUG -    模型: deepseek-ai/DeepSeek-V3
2025-12-03 18:08:51 - ai_model - DEBUG -    Base URL: https://api.siliconflow.cn/v1
2025-12-03 18:08:51 - ai_model - DEBUG -    API Key: sk-gsaohhwdtofontqfo...rolhikfqmy
2025-12-03 18:08:55 - ai_model - DEBUG - ✅ AI模型初始化完成
2025-12-03 18:08:55 - ai_model - DEBUG -    模型: deepseek-ai/DeepSeek-V3
2025-12-03 18:08:55 - ai_model - DEBUG -    Base URL: https://api.siliconflow.cn/v1
2025-12-03 18:08:55 - ai_model - DEBUG -    API Key: sk-gsaohhwdtofontqfo...rolhikfqmy
2025-12-03 18:08:56 - ai_model - DEBUG - ✅ AI模型初始化完成
2025-12-03 18:08:56 - ai_model - DEBUG -    模型: deepseek-ai/DeepSeek-V3
2025-12-03 18:08:56 - ai_model - DEBUG -    Base URL: https://api.siliconflow.cn/v1
2025-12-03 18:08:56 - ai_model - DEBUG -    API Key: sk-gsaohhwdtofontqfo...rolhikfqmy
2025-12-03 18:09:42 - ai_model - DEBUG - ✅ AI模型初始化完成
2025-12-03 18:09:42 - ai_model - DEBUG -    模型: deepseek-ai/DeepSeek-V3
2025-12-03 18:09:42 - ai_model - DEBUG -    Base URL: https://api.siliconflow.cn/v1
2025-12-03 18:09:42 - ai_model - DEBUG -    API Key: sk-gsaohhwdtofontqfo...rolhikfqmy
2025-12-03 18:09:44 - ai_model - DEBUG - ✅ AI模型初始化完成
2025-12-03 18:09:44 - ai_model - DEBUG -    模型: deepseek-ai/DeepSeek-V3
2025-12-03 18:09:44 - ai_model - DEBUG -    Base URL: https://api.siliconflow.cn/v1
2025-12-03 18:09:44 - ai_model - DEBUG -    API Key: sk-gsaohhwdtofontqfo...rolhikfqmy
2025-12-03 18:09:50 - ai_model - DEBUG - ✅ AI模型初始化完成
2025-12-03 18:09:50 - ai_model - DEBUG -    模型: deepseek-ai/DeepSeek-V3
2025-12-03 18:09:50 - ai_model - DEBUG -    Base URL: https://api.siliconflow.cn/v1
2025-12-03 18:09:50 - ai_model - DEBUG -    API Key: sk-gsaohhwdtofontqfo...rolhikfqmy
2025-12-03 18:09:50 - ai_model - DEBUG - ✅ AI模型初始化完成
2025-12-03 18:09:50 - ai_model - DEBUG -    模型: deepseek-ai/DeepSeek-V3
2025-12-03 18:09:50 - ai_model - DEBUG -    Base URL: https://api.siliconflow.cn/v1
2025-12-03 18:09:50 - ai_model - DEBUG -    API Key: sk-gsaohhwdtofontqfo...rolhikfqmy
2025-12-03 18:11:20 - ai_model - DEBUG - ✅ AI模型初始化完成
2025-12-03 18:11:20 - ai_model - DEBUG -    模型: deepseek-ai/DeepSeek-V3
2025-12-03 18:11:20 - ai_model - DEBUG -    Base URL: https://api.siliconflow.cn/v1
2025-12-03 18:11:20 - ai_model - DEBUG -    API Key: sk-gsaohhwdtofontqfo...rolhikfqmy
2025-12-03 18:11:23 - ai_model - DEBUG - ✅ AI模型初始化完成
2025-12-03 18:11:23 - ai_model - DEBUG -    模型: deepseek-ai/DeepSeek-V3
2025-12-03 18:11:23 - ai_model - DEBUG -    Base URL: https://api.siliconflow.cn/v1
2025-12-03 18:11:23 - ai_model - DEBUG -    API Key: sk-gsaohhwdtofontqfo...rolhikfqmy
2025-12-03 18:11:27 - ai_model - DEBUG - ✅ AI模型初始化完成
2025-12-03 18:11:27 - ai_model - DEBUG -    模型: deepseek-ai/DeepSeek-V3
2025-12-03 18:11:27 - ai_model - DEBUG -    Base URL: https://api.siliconflow.cn/v1
2025-12-03 18:11:27 - ai_model - DEBUG -    API Key: sk-gsaohhwdtofontqfo...rolhikfqmy
2025-12-03 18:11:27 - ai_model - DEBUG - ✅ AI模型初始化完成
2025-12-03 18:11:27 - ai_model - DEBUG -    模型: deepseek-ai/DeepSeek-V3
2025-12-03 18:11:27 - ai_model - DEBUG -    Base URL: https://api.siliconflow.cn/v1
2025-12-03 18:11:27 - ai_model - DEBUG -    API Key: sk-gsaohhwdtofontqfo...rolhikfqmy
2025-12-03 18:11:39 - ai_model - DEBUG - ✅ AI模型初始化完成
2025-12-03 18:11:39 - ai_model - DEBUG -    模型: deepseek-ai/DeepSeek-V3
2025-12-03 18:11:39 - ai_model - DEBUG -    Base URL: https://api.siliconflow.cn/v1
2025-12-03 18:11:39 - ai_model - DEBUG -    API Key: sk-gsaohhwdtofontqfo...rolhikfqmy
2025-12-03 18:11:41 - ai_model - DEBUG - ✅ AI模型初始化完成
2025-12-03 18:11:41 - ai_model - DEBUG -    模型: deepseek-ai/DeepSeek-V3
2025-12-03 18:11:41 - ai_model - DEBUG -    Base URL: https://api.siliconflow.cn/v1
2025-12-03 18:11:41 - ai_model - DEBUG -    API Key: sk-gsaohhwdtofontqfo...rolhikfqmy
2025-12-03 18:11:44 - ai_model - DEBUG - ✅ AI模型初始化完成
2025-12-03 18:11:44 - ai_model - DEBUG -    模型: deepseek-ai/DeepSeek-V3
2025-12-03 18:11:44 - ai_model - DEBUG -    Base URL: https://api.siliconflow.cn/v1
2025-12-03 18:11:44 - ai_model - DEBUG -    API Key: sk-gsaohhwdtofontqfo...rolhikfqmy
2025-12-03 18:11:44 - ai_model - DEBUG - ✅ AI模型初始化完成
2025-12-03 18:11:44 - ai_model - DEBUG -    模型: deepseek-ai/DeepSeek-V3
2025-12-03 18:11:44 - ai_model - DEBUG -    Base URL: https://api.siliconflow.cn/v1
2025-12-03 18:11:44 - ai_model - DEBUG -    API Key: sk-gsaohhwdtofontqfo...rolhikfqmy
2025-12-03 18:12:54 - ai_model - DEBUG - ✅ AI模型初始化完成
2025-12-03 18:12:54 - ai_model - DEBUG -    模型: deepseek-ai/DeepSeek-V3
2025-12-03 18:12:54 - ai_model - DEBUG -    Base URL: https://api.siliconflow.cn/v1
2025-12-03 18:12:54 - ai_model - DEBUG -    API Key: sk-gsaohhwdtofontqfo...rolhikfqmy
2025-12-03 18:12:55 - ai_model - DEBUG - ✅ AI模型初始化完成
2025-12-03 18:12:55 - ai_model - DEBUG -    模型: deepseek-ai/DeepSeek-V3
2025-12-03 18:12:55 - ai_model - DEBUG -    Base URL: https://api.siliconflow.cn/v1
2025-12-03 18:12:55 - ai_model - DEBUG -    API Key: sk-gsaohhwdtofontqfo...rolhikfqmy
2025-12-03 18:13:00 - ai_model - DEBUG - ✅ AI模型初始化完成
2025-12-03 18:13:00 - ai_model - DEBUG -    模型: deepseek-ai/DeepSeek-V3
2025-12-03 18:13:00 - ai_model - DEBUG -    Base URL: https://api.siliconflow.cn/v1
2025-12-03 18:13:00 - ai_model - DEBUG -    API Key: sk-gsaohhwdtofontqfo...rolhikfqmy
2025-12-03 18:13:00 - ai_model - DEBUG - ✅ AI模型初始化完成
2025-12-03 18:13:00 - ai_model - DEBUG -    模型: deepseek-ai/DeepSeek-V3
2025-12-03 18:13:00 - ai_model - DEBUG -    Base URL: https://api.siliconflow.cn/v1
2025-12-03 18:13:00 - ai_model - DEBUG -    API Key: sk-gsaohhwdtofontqfo...rolhikfqmy
2025-12-03 18:14:17 - ai_model - DEBUG - ✅ AI模型初始化完成
2025-12-03 18:14:17 - ai_model - DEBUG -    模型: deepseek-ai/DeepSeek-V3
2025-12-03 18:14:17 - ai_model - DEBUG -    Base URL: https://api.siliconflow.cn/v1
2025-12-03 18:14:17 - ai_model - DEBUG -    API Key: sk-gsaohhwdtofontqfo...rolhikfqmy
2025-12-03 18:14:19 - ai_model - DEBUG - ✅ AI模型初始化完成
2025-12-03 18:14:19 - ai_model - DEBUG -    模型: deepseek-ai/DeepSeek-V3
2025-12-03 18:14:19 - ai_model - DEBUG -    Base URL: https://api.siliconflow.cn/v1
2025-12-03 18:14:19 - ai_model - DEBUG -    API Key: sk-gsaohhwdtofontqfo...rolhikfqmy
2025-12-03 18:14:25 - ai_model - DEBUG - ✅ AI模型初始化完成
2025-12-03 18:14:25 - ai_model - DEBUG -    模型: deepseek-ai/DeepSeek-V3
2025-12-03 18:14:25 - ai_model - DEBUG -    Base URL: https://api.siliconflow.cn/v1
2025-12-03 18:14:25 - ai_model - DEBUG -    API Key: sk-gsaohhwdtofontqfo...rolhikfqmy
2025-12-03 18:14:25 - ai_model - DEBUG - ✅ AI模型初始化完成
2025-12-03 18:14:25 - ai_model - DEBUG -    模型: deepseek-ai/DeepSeek-V3
2025-12-03 18:14:25 - ai_model - DEBUG -    Base URL: https://api.siliconflow.cn/v1
2025-12-03 18:14:25 - ai_model - DEBUG -    API Key: sk-gsaohhwdtofontqfo...rolhikfqmy
2025-12-03 18:17:21 - ai_model - DEBUG - ✅ AI模型初始化完成
2025-12-03 18:17:21 - ai_model - DEBUG -    模型: deepseek-ai/DeepSeek-V3
2025-12-03 18:17:21 - ai_model - DEBUG -    Base URL: https://api.siliconflow.cn/v1
2025-12-03 18:17:21 - ai_model - DEBUG -    API Key: sk-gsaohhwdtofontqfo...rolhikfqmy
2025-12-03 18:17:23 - ai_model - DEBUG - ✅ AI模型初始化完成
2025-12-03 18:17:23 - ai_model - DEBUG -    模型: deepseek-ai/DeepSeek-V3
2025-12-03 18:17:23 - ai_model - DEBUG -    Base URL: https://api.siliconflow.cn/v1
2025-12-03 18:17:23 - ai_model - DEBUG -    API Key: sk-gsaohhwdtofontqfo...rolhikfqmy
2025-12-03 18:17:29 - ai_model - DEBUG - ✅ AI模型初始化完成
2025-12-03 18:17:29 - ai_model - DEBUG -    模型: deepseek-ai/DeepSeek-V3
2025-12-03 18:17:29 - ai_model - DEBUG -    Base URL: https://api.siliconflow.cn/v1
2025-12-03 18:17:29 - ai_model - DEBUG -    API Key: sk-gsaohhwdtofontqfo...rolhikfqmy
2025-12-03 18:17:29 - ai_model - DEBUG - ✅ AI模型初始化完成
2025-12-03 18:17:29 - ai_model - DEBUG -    模型: deepseek-ai/DeepSeek-V3
2025-12-03 18:17:29 - ai_model - DEBUG -    Base URL: https://api.siliconflow.cn/v1
2025-12-03 18:17:29 - ai_model - DEBUG -    API Key: sk-gsaohhwdtofontqfo...rolhikfqmy
2025-12-03 19:27:39 - ai_model - DEBUG - ✅ AI模型初始化完成
2025-12-03 19:27:39 - ai_model - DEBUG -    模型: deepseek-ai/DeepSeek-V3
2025-12-03 19:27:39 - ai_model - DEBUG -    Base URL: https://api.siliconflow.cn/v1
2025-12-03 19:27:39 - ai_model - DEBUG -    API Key: sk-gsaohhwdtofontqfo...rolhikfqmy
2025-12-03 19:27:41 - ai_model - DEBUG - ✅ AI模型初始化完成
2025-12-03 19:27:41 - ai_model - DEBUG -    模型: deepseek-ai/DeepSeek-V3
2025-12-03 19:27:41 - ai_model - DEBUG -    Base URL: https://api.siliconflow.cn/v1
2025-12-03 19:27:41 - ai_model - DEBUG -    API Key: sk-gsaohhwdtofontqfo...rolhikfqmy
2025-12-03 19:27:44 - ai_model - DEBUG - ✅ AI模型初始化完成
2025-12-03 19:27:44 - ai_model - DEBUG -    模型: deepseek-ai/DeepSeek-V3
2025-12-03 19:27:44 - ai_model - DEBUG -    Base URL: https://api.siliconflow.cn/v1
2025-12-03 19:27:44 - ai_model - DEBUG -    API Key: sk-gsaohhwdtofontqfo...rolhikfqmy
2025-12-03 19:27:44 - ai_model - DEBUG - ✅ AI模型初始化完成
2025-12-03 19:27:44 - ai_model - DEBUG -    模型: deepseek-ai/DeepSeek-V3
2025-12-03 19:27:44 - ai_model - DEBUG -    Base URL: https://api.siliconflow.cn/v1
2025-12-03 19:27:44 - ai_model - DEBUG -    API Key: sk-gsaohhwdtofontqfo...rolhikfqmy
2025-12-03 19:28:01 - ai_model - DEBUG - ✅ AI模型初始化完成
2025-12-03 19:28:01 - ai_model - DEBUG -    模型: deepseek-ai/DeepSeek-V3
2025-12-03 19:28:01 - ai_model - DEBUG -    Base URL: https://api.siliconflow.cn/v1
2025-12-03 19:28:01 - ai_model - DEBUG -    API Key: sk-gsaohhwdtofontqfo...rolhikfqmy
2025-12-03 19:28:03 - ai_model - DEBUG - ✅ AI模型初始化完成
2025-12-03 19:28:03 - ai_model - DEBUG -    模型: deepseek-ai/DeepSeek-V3
2025-12-03 19:28:03 - ai_model - DEBUG -    Base URL: https://api.siliconflow.cn/v1
2025-12-03 19:28:03 - ai_model - DEBUG -    API Key: sk-gsaohhwdtofontqfo...rolhikfqmy
2025-12-03 19:28:06 - ai_model - DEBUG - ✅ AI模型初始化完成
2025-12-03 19:28:06 - ai_model - DEBUG -    模型: deepseek-ai/DeepSeek-V3
2025-12-03 19:28:06 - ai_model - DEBUG -    Base URL: https://api.siliconflow.cn/v1
2025-12-03 19:28:06 - ai_model - DEBUG -    API Key: sk-gsaohhwdtofontqfo...rolhikfqmy
2025-12-03 19:28:06 - ai_model - DEBUG - ✅ AI模型初始化完成
2025-12-03 19:28:06 - ai_model - DEBUG -    模型: deepseek-ai/DeepSeek-V3
2025-12-03 19:28:06 - ai_model - DEBUG -    Base URL: https://api.siliconflow.cn/v1
2025-12-03 19:28:06 - ai_model - DEBUG -    API Key: sk-gsaohhwdtofontqfo...rolhikfqmy
2025-12-03 19:41:18 - ai_model - DEBUG - ✅ AI模型初始化完成
2025-12-03 19:41:18 - ai_model - DEBUG -    模型: deepseek-ai/DeepSeek-V3
2025-12-03 19:41:18 - ai_model - DEBUG -    Base URL: https://api.siliconflow.cn/v1
2025-12-03 19:41:18 - ai_model - DEBUG -    API Key: sk-gsaohhwdtofontqfo...rolhikfqmy
2025-12-03 19:41:20 - ai_model - DEBUG - ✅ AI模型初始化完成
2025-12-03 19:41:20 - ai_model - DEBUG -    模型: deepseek-ai/DeepSeek-V3
2025-12-03 19:41:20 - ai_model - DEBUG -    Base URL: https://api.siliconflow.cn/v1
2025-12-03 19:41:20 - ai_model - DEBUG -    API Key: sk-gsaohhwdtofontqfo...rolhikfqmy
2025-12-03 19:41:24 - ai_model - DEBUG - ✅ AI模型初始化完成
2025-12-03 19:41:24 - ai_model - DEBUG -    模型: deepseek-ai/DeepSeek-V3
2025-12-03 19:41:24 - ai_model - DEBUG -    Base URL: https://api.siliconflow.cn/v1
2025-12-03 19:41:24 - ai_model - DEBUG -    API Key: sk-gsaohhwdtofontqfo...rolhikfqmy
2025-12-03 19:41:37 - ai_model - DEBUG - ✅ AI模型初始化完成
2025-12-03 19:41:37 - ai_model - DEBUG -    模型: deepseek-ai/DeepSeek-V3
2025-12-03 19:41:37 - ai_model - DEBUG -    Base URL: https://api.siliconflow.cn/v1
2025-12-03 19:41:37 - ai_model - DEBUG -    API Key: sk-gsaohhwdtofontqfo...rolhikfqmy
2025-12-03 19:41:39 - ai_model - DEBUG - ✅ AI模型初始化完成
2025-12-03 19:41:39 - ai_model - DEBUG -    模型: deepseek-ai/DeepSeek-V3
2025-12-03 19:41:39 - ai_model - DEBUG -    Base URL: https://api.siliconflow.cn/v1
2025-12-03 19:41:39 - ai_model - DEBUG -    API Key: sk-gsaohhwdtofontqfo...rolhikfqmy
2025-12-03 19:41:42 - ai_model - DEBUG - ✅ AI模型初始化完成
2025-12-03 19:41:42 - ai_model - DEBUG -    模型: deepseek-ai/DeepSeek-V3
2025-12-03 19:41:42 - ai_model - DEBUG -    Base URL: https://api.siliconflow.cn/v1
2025-12-03 19:41:42 - ai_model - DEBUG -    API Key: sk-gsaohhwdtofontqfo...rolhikfqmy
2025-12-03 19:41:50 - ai_model - DEBUG - ✅ AI模型初始化完成
2025-12-03 19:41:50 - ai_model - DEBUG -    模型: deepseek-ai/DeepSeek-V3
2025-12-03 19:41:50 - ai_model - DEBUG -    Base URL: https://api.siliconflow.cn/v1
2025-12-03 19:41:50 - ai_model - DEBUG -    API Key: sk-gsaohhwdtofontqfo...rolhikfqmy
2025-12-03 19:41:53 - ai_model - DEBUG - ✅ AI模型初始化完成
2025-12-03 19:41:53 - ai_model - DEBUG -    模型: deepseek-ai/DeepSeek-V3
2025-12-03 19:41:53 - ai_model - DEBUG -    Base URL: https://api.siliconflow.cn/v1
2025-12-03 19:41:53 - ai_model - DEBUG -    API Key: sk-gsaohhwdtofontqfo...rolhikfqmy
2025-12-03 19:41:57 - ai_model - DEBUG - ✅ AI模型初始化完成
2025-12-03 19:41:57 - ai_model - DEBUG -    模型: deepseek-ai/DeepSeek-V3
2025-12-03 19:41:57 - ai_model - DEBUG -    Base URL: https://api.siliconflow.cn/v1
2025-12-03 19:41:57 - ai_model - DEBUG -    API Key: sk-gsaohhwdtofontqfo...rolhikfqmy
2025-12-03 19:42:14 - ai_model - DEBUG - ✅ AI模型初始化完成
2025-12-03 19:42:14 - ai_model - DEBUG -    模型: deepseek-ai/DeepSeek-V3
2025-12-03 19:42:14 - ai_model - DEBUG -    Base URL: https://api.siliconflow.cn/v1
2025-12-03 19:42:14 - ai_model - DEBUG -    API Key: sk-gsaohhwdtofontqfo...rolhikfqmy
2025-12-03 19:42:16 - ai_model - DEBUG - ✅ AI模型初始化完成
2025-12-03 19:42:16 - ai_model - DEBUG -    模型: deepseek-ai/DeepSeek-V3
2025-12-03 19:42:16 - ai_model - DEBUG -    Base URL: https://api.siliconflow.cn/v1
2025-12-03 19:42:16 - ai_model - DEBUG -    API Key: sk-gsaohhwdtofontqfo...rolhikfqmy
2025-12-03 19:42:19 - ai_model - DEBUG - ✅ AI模型初始化完成
2025-12-03 19:42:19 - ai_model - DEBUG -    模型: deepseek-ai/DeepSeek-V3
2025-12-03 19:42:19 - ai_model - DEBUG -    Base URL: https://api.siliconflow.cn/v1
2025-12-03 19:42:19 - ai_model - DEBUG -    API Key: sk-gsaohhwdtofontqfo...rolhikfqmy
2025-12-03 19:42:19 - ai_model - DEBUG - ✅ AI模型初始化完成
2025-12-03 19:42:19 - ai_model - DEBUG -    模型: deepseek-ai/DeepSeek-V3
2025-12-03 19:42:19 - ai_model - DEBUG -    Base URL: https://api.siliconflow.cn/v1
2025-12-03 19:42:19 - ai_model - DEBUG -    API Key: sk-gsaohhwdtofontqfo...rolhikfqmy
2025-12-03 19:43:20 - ai_model - DEBUG - ✅ AI模型初始化完成
2025-12-03 19:43:20 - ai_model - DEBUG -    模型: deepseek-ai/DeepSeek-V3
2025-12-03 19:43:20 - ai_model - DEBUG -    Base URL: https://api.siliconflow.cn/v1
2025-12-03 19:43:20 - ai_model - DEBUG -    API Key: sk-gsaohhwdtofontqfo...rolhikfqmy
2025-12-03 19:43:22 - ai_model - DEBUG - ✅ AI模型初始化完成
2025-12-03 19:43:22 - ai_model - DEBUG -    模型: deepseek-ai/DeepSeek-V3
2025-12-03 19:43:22 - ai_model - DEBUG -    Base URL: https://api.siliconflow.cn/v1
2025-12-03 19:43:22 - ai_model - DEBUG -    API Key: sk-gsaohhwdtofontqfo...rolhikfqmy
2025-12-03 19:43:25 - ai_model - DEBUG - ✅ AI模型初始化完成
2025-12-03 19:43:25 - ai_model - DEBUG -    模型: deepseek-ai/DeepSeek-V3
2025-12-03 19:43:25 - ai_model - DEBUG -    Base URL: https://api.siliconflow.cn/v1
2025-12-03 19:43:25 - ai_model - DEBUG -    API Key: sk-gsaohhwdtofontqfo...rolhikfqmy
2025-12-03 19:43:25 - ai_model - DEBUG - ✅ AI模型初始化完成
2025-12-03 19:43:25 - ai_model - DEBUG -    模型: deepseek-ai/DeepSeek-V3
2025-12-03 19:43:25 - ai_model - DEBUG -    Base URL: https://api.siliconflow.cn/v1
2025-12-03 19:43:25 - ai_model - DEBUG -    API Key: sk-gsaohhwdtofontqfo...rolhikfqmy
2025-12-03 19:44:11 - ai_model - DEBUG - ✅ AI模型初始化完成
2025-12-03 19:44:11 - ai_model - DEBUG -    模型: deepseek-ai/DeepSeek-V3
2025-12-03 19:44:11 - ai_model - DEBUG -    Base URL: https://api.siliconflow.cn/v1
2025-12-03 19:44:11 - ai_model - DEBUG -    API Key: sk-gsaohhwdtofontqfo...rolhikfqmy
2025-12-03 19:44:13 - ai_model - DEBUG - ✅ AI模型初始化完成
2025-12-03 19:44:13 - ai_model - DEBUG -    模型: deepseek-ai/DeepSeek-V3
2025-12-03 19:44:13 - ai_model - DEBUG -    Base URL: https://api.siliconflow.cn/v1
2025-12-03 19:44:13 - ai_model - DEBUG -    API Key: sk-gsaohhwdtofontqfo...rolhikfqmy
2025-12-03 19:44:16 - ai_model - DEBUG - ✅ AI模型初始化完成
2025-12-03 19:44:16 - ai_model - DEBUG -    模型: deepseek-ai/DeepSeek-V3
2025-12-03 19:44:16 - ai_model - DEBUG -    Base URL: https://api.siliconflow.cn/v1
2025-12-03 19:44:16 - ai_model - DEBUG -    API Key: sk-gsaohhwdtofontqfo...rolhikfqmy
2025-12-03 19:44:16 - ai_model - DEBUG - ✅ AI模型初始化完成
2025-12-03 19:44:16 - ai_model - DEBUG -    模型: deepseek-ai/DeepSeek-V3
2025-12-03 19:44:16 - ai_model - DEBUG -    Base URL: https://api.siliconflow.cn/v1
2025-12-03 19:44:16 - ai_model - DEBUG -    API Key: sk-gsaohhwdtofontqfo...rolhikfqmy
2025-12-09 10:57:29 - ai_model - DEBUG - ✅ AI模型初始化完成
2025-12-09 10:57:29 - ai_model - DEBUG -    模型: deepseek-ai/DeepSeek-V3
2025-12-09 10:57:29 - ai_model - DEBUG -    Base URL: https://api.siliconflow.cn/v1
2025-12-09 10:57:29 - ai_model - DEBUG -    API Key: sk-gsaohhwdtofontqfo...rolhikfqmy
2025-12-09 10:57:32 - ai_model - DEBUG - ✅ AI模型初始化完成
2025-12-09 10:57:32 - ai_model - DEBUG -    模型: deepseek-ai/DeepSeek-V3
2025-12-09 10:57:32 - ai_model - DEBUG -    Base URL: https://api.siliconflow.cn/v1
2025-12-09 10:57:32 - ai_model - DEBUG -    API Key: sk-gsaohhwdtofontqfo...rolhikfqmy
2025-12-09 10:57:35 - ai_model - DEBUG - ✅ AI模型初始化完成
2025-12-09 10:57:35 - ai_model - DEBUG -    模型: deepseek-ai/DeepSeek-V3
2025-12-09 10:57:35 - ai_model - DEBUG -    Base URL: https://api.siliconflow.cn/v1
2025-12-09 10:57:35 - ai_model - DEBUG -    API Key: sk-gsaohhwdtofontqfo...rolhikfqmy
2025-12-09 10:57:35 - ai_model - DEBUG - ✅ AI模型初始化完成
2025-12-09 10:57:35 - ai_model - DEBUG -    模型: deepseek-ai/DeepSeek-V3
2025-12-09 10:57:35 - ai_model - DEBUG -    Base URL: https://api.siliconflow.cn/v1
2025-12-09 10:57:35 - ai_model - DEBUG -    API Key: sk-gsaohhwdtofontqfo...rolhikfqmy
2025-12-09 10:58:11 - ai_model - DEBUG - ✅ AI模型初始化完成
2025-12-09 10:58:11 - ai_model - DEBUG -    模型: deepseek-ai/DeepSeek-V3
2025-12-09 10:58:11 - ai_model - DEBUG -    Base URL: https://api.siliconflow.cn/v1
2025-12-09 10:58:11 - ai_model - DEBUG -    API Key: sk-gsaohhwdtofontqfo...rolhikfqmy
2025-12-09 10:58:13 - ai_model - DEBUG - ✅ AI模型初始化完成
2025-12-09 10:58:13 - ai_model - DEBUG -    模型: deepseek-ai/DeepSeek-V3
2025-12-09 10:58:13 - ai_model - DEBUG -    Base URL: https://api.siliconflow.cn/v1
2025-12-09 10:58:13 - ai_model - DEBUG -    API Key: sk-gsaohhwdtofontqfo...rolhikfqmy
2025-12-09 10:58:20 - ai_model - DEBUG - ✅ AI模型初始化完成
2025-12-09 10:58:20 - ai_model - DEBUG -    模型: deepseek-ai/DeepSeek-V3
2025-12-09 10:58:20 - ai_model - DEBUG -    Base URL: https://api.siliconflow.cn/v1
2025-12-09 10:58:20 - ai_model - DEBUG -    API Key: sk-gsaohhwdtofontqfo...rolhikfqmy
2025-12-09 10:58:20 - ai_model - DEBUG - ✅ AI模型初始化完成
2025-12-09 10:58:20 - ai_model - DEBUG -    模型: deepseek-ai/DeepSeek-V3
2025-12-09 10:58:20 - ai_model - DEBUG -    Base URL: https://api.siliconflow.cn/v1
2025-12-09 10:58:20 - ai_model - DEBUG -    API Key: sk-gsaohhwdtofontqfo...rolhikfqmy
2025-12-09 11:03:28 - ai_model - DEBUG - ✅ AI模型初始化完成
2025-12-09 11:03:28 - ai_model - DEBUG -    模型: deepseek-ai/DeepSeek-V3
2025-12-09 11:03:28 - ai_model - DEBUG -    Base URL: https://api.siliconflow.cn/v1
2025-12-09 11:03:28 - ai_model - DEBUG -    API Key: sk-gsaohhwdtofontqfo...rolhikfqmy
2025-12-09 11:03:30 - ai_model - DEBUG - ✅ AI模型初始化完成
2025-12-09 11:03:30 - ai_model - DEBUG -    模型: deepseek-ai/DeepSeek-V3
2025-12-09 11:03:30 - ai_model - DEBUG -    Base URL: https://api.siliconflow.cn/v1
2025-12-09 11:03:30 - ai_model - DEBUG -    API Key: sk-gsaohhwdtofontqfo...rolhikfqmy
2025-12-09 11:03:32 - ai_model - DEBUG - ✅ AI模型初始化完成
2025-12-09 11:03:32 - ai_model - DEBUG -    模型: deepseek-ai/DeepSeek-V3
2025-12-09 11:03:32 - ai_model - DEBUG -    Base URL: https://api.siliconflow.cn/v1
2025-12-09 11:03:32 - ai_model - DEBUG -    API Key: sk-gsaohhwdtofontqfo...rolhikfqmy
2025-12-09 11:03:32 - ai_model - DEBUG - ✅ AI模型初始化完成
2025-12-09 11:03:32 - ai_model - DEBUG -    模型: deepseek-ai/DeepSeek-V3
2025-12-09 11:03:32 - ai_model - DEBUG -    Base URL: https://api.siliconflow.cn/v1
2025-12-09 11:03:32 - ai_model - DEBUG -    API Key: sk-gsaohhwdtofontqfo...rolhikfqmy
2025-12-09 11:03:57 - ai_model - DEBUG - ✅ AI模型初始化完成
2025-12-09 11:03:57 - ai_model - DEBUG -    模型: deepseek-ai/DeepSeek-V3
2025-12-09 11:03:57 - ai_model - DEBUG -    Base URL: https://api.siliconflow.cn/v1
2025-12-09 11:03:57 - ai_model - DEBUG -    API Key: sk-gsaohhwdtofontqfo...rolhikfqmy
2025-12-09 11:04:00 - ai_model - DEBUG - ✅ AI模型初始化完成
2025-12-09 11:04:00 - ai_model - DEBUG -    模型: deepseek-ai/DeepSeek-V3
2025-12-09 11:04:00 - ai_model - DEBUG -    Base URL: https://api.siliconflow.cn/v1
2025-12-09 11:04:00 - ai_model - DEBUG -    API Key: sk-gsaohhwdtofontqfo...rolhikfqmy
2025-12-09 11:04:02 - ai_model - DEBUG - ✅ AI模型初始化完成
2025-12-09 11:04:02 - ai_model - DEBUG -    模型: deepseek-ai/DeepSeek-V3
2025-12-09 11:04:02 - ai_model - DEBUG -    Base URL: https://api.siliconflow.cn/v1
2025-12-09 11:04:02 - ai_model - DEBUG -    API Key: sk-gsaohhwdtofontqfo...rolhikfqmy
2025-12-09 11:04:02 - ai_model - DEBUG - ✅ AI模型初始化完成
2025-12-09 11:04:02 - ai_model - DEBUG -    模型: deepseek-ai/DeepSeek-V3
2025-12-09 11:04:02 - ai_model - DEBUG -    Base URL: https://api.siliconflow.cn/v1
2025-12-09 11:04:02 - ai_model - DEBUG -    API Key: sk-gsaohhwdtofontqfo...rolhikfqmy
2025-12-09 11:04:27 - ai_model - DEBUG - ✅ AI模型初始化完成
2025-12-09 11:04:27 - ai_model - DEBUG -    模型: deepseek-ai/DeepSeek-V3
2025-12-09 11:04:27 - ai_model - DEBUG -    Base URL: https://api.siliconflow.cn/v1
2025-12-09 11:04:27 - ai_model - DEBUG -    API Key: sk-gsaohhwdtofontqfo...rolhikfqmy
2025-12-09 11:04:44 - ai_model - DEBUG - ✅ AI模型初始化完成
2025-12-09 11:04:44 - ai_model - DEBUG -    模型: deepseek-ai/DeepSeek-V3
2025-12-09 11:04:44 - ai_model - DEBUG -    Base URL: https://api.siliconflow.cn/v1
2025-12-09 11:04:44 - ai_model - DEBUG -    API Key: sk-gsaohhwdtofontqfo...rolhikfqmy
2025-12-09 11:04:55 - ai_model - DEBUG - ✅ AI模型初始化完成
2025-12-09 11:04:55 - ai_model - DEBUG -    模型: deepseek-ai/DeepSeek-V3
2025-12-09 11:04:55 - ai_model - DEBUG -    Base URL: https://api.siliconflow.cn/v1
2025-12-09 11:04:55 - ai_model - DEBUG -    API Key: sk-gsaohhwdtofontqfo...rolhikfqmy
2025-12-09 11:04:56 - ai_model - DEBUG - ✅ AI模型初始化完成
2025-12-09 11:04:56 - ai_model - DEBUG -    模型: deepseek-ai/DeepSeek-V3
2025-12-09 11:04:56 - ai_model - DEBUG -    Base URL: https://api.siliconflow.cn/v1
2025-12-09 11:04:56 - ai_model - DEBUG -    API Key: sk-gsaohhwdtofontqfo...rolhikfqmy
2025-12-09 11:08:43 - ai_model - DEBUG - ✅ AI模型初始化完成
2025-12-09 11:08:43 - ai_model - DEBUG -    模型: deepseek-ai/DeepSeek-V3
2025-12-09 11:08:43 - ai_model - DEBUG -    Base URL: https://api.siliconflow.cn/v1
2025-12-09 11:08:43 - ai_model - DEBUG -    API Key: sk-gsaohhwdtofontqfo...rolhikfqmy
2025-12-09 11:08:45 - ai_model - DEBUG - ✅ AI模型初始化完成
2025-12-09 11:08:45 - ai_model - DEBUG -    模型: deepseek-ai/DeepSeek-V3
2025-12-09 11:08:45 - ai_model - DEBUG -    Base URL: https://api.siliconflow.cn/v1
2025-12-09 11:08:45 - ai_model - DEBUG -    API Key: sk-gsaohhwdtofontqfo...rolhikfqmy
2025-12-09 11:08:47 - ai_model - DEBUG - ✅ AI模型初始化完成
2025-12-09 11:08:47 - ai_model - DEBUG -    模型: deepseek-ai/DeepSeek-V3
2025-12-09 11:08:47 - ai_model - DEBUG -    Base URL: https://api.siliconflow.cn/v1
2025-12-09 11:08:47 - ai_model - DEBUG -    API Key: sk-gsaohhwdtofontqfo...rolhikfqmy
2025-12-09 11:08:47 - ai_model - DEBUG - ✅ AI模型初始化完成
2025-12-09 11:08:47 - ai_model - DEBUG -    模型: deepseek-ai/DeepSeek-V3
2025-12-09 11:08:47 - ai_model - DEBUG -    Base URL: https://api.siliconflow.cn/v1
2025-12-09 11:08:47 - ai_model - DEBUG -    API Key: sk-gsaohhwdtofontqfo...rolhikfqmy
2025-12-09 11:08:59 - ai_model - DEBUG - ✅ AI模型初始化完成
2025-12-09 11:08:59 - ai_model - DEBUG -    模型: deepseek-ai/DeepSeek-V3
2025-12-09 11:08:59 - ai_model - DEBUG -    Base URL: https://api.siliconflow.cn/v1
2025-12-09 11:08:59 - ai_model - DEBUG -    API Key: sk-gsaohhwdtofontqfo...rolhikfqmy
2025-12-09 11:09:00 - ai_model - DEBUG - ✅ AI模型初始化完成
2025-12-09 11:09:00 - ai_model - DEBUG -    模型: deepseek-ai/DeepSeek-V3
2025-12-09 11:09:00 - ai_model - DEBUG -    Base URL: https://api.siliconflow.cn/v1
2025-12-09 11:09:00 - ai_model - DEBUG -    API Key: sk-gsaohhwdtofontqfo...rolhikfqmy
2025-12-09 11:09:04 - ai_model - DEBUG - ✅ AI模型初始化完成
2025-12-09 11:09:04 - ai_model - DEBUG -    模型: deepseek-ai/DeepSeek-V3
2025-12-09 11:09:04 - ai_model - DEBUG -    Base URL: https://api.siliconflow.cn/v1
2025-12-09 11:09:04 - ai_model - DEBUG -    API Key: sk-gsaohhwdtofontqfo...rolhikfqmy
2025-12-09 11:09:04 - ai_model - DEBUG - ✅ AI模型初始化完成
2025-12-09 11:09:04 - ai_model - DEBUG -    模型: deepseek-ai/DeepSeek-V3
2025-12-09 11:09:04 - ai_model - DEBUG -    Base URL: https://api.siliconflow.cn/v1
2025-12-09 11:09:04 - ai_model - DEBUG -    API Key: sk-gsaohhwdtofontqfo...rolhikfqmy
2025-12-09 11:09:12 - ai_model - DEBUG - ✅ AI模型初始化完成
2025-12-09 11:09:12 - ai_model - DEBUG -    模型: deepseek-ai/DeepSeek-V3
2025-12-09 11:09:12 - ai_model - DEBUG -    Base URL: https://api.siliconflow.cn/v1
2025-12-09 11:09:12 - ai_model - DEBUG -    API Key: sk-gsaohhwdtofontqfo...rolhikfqmy
2025-12-09 11:09:20 - ai_model - DEBUG - ✅ AI模型初始化完成
2025-12-09 11:09:20 - ai_model - DEBUG -    模型: deepseek-ai/DeepSeek-V3
2025-12-09 11:09:20 - ai_model - DEBUG -    Base URL: https://api.siliconflow.cn/v1
2025-12-09 11:09:20 - ai_model - DEBUG -    API Key: sk-gsaohhwdtofontqfo...rolhikfqmy
2025-12-09 11:09:24 - ai_model - DEBUG - ✅ AI模型初始化完成
2025-12-09 11:09:24 - ai_model - DEBUG -    模型: deepseek-ai/DeepSeek-V3
2025-12-09 11:09:24 - ai_model - DEBUG -    Base URL: https://api.siliconflow.cn/v1
2025-12-09 11:09:24 - ai_model - DEBUG -    API Key: sk-gsaohhwdtofontqfo...rolhikfqmy
2025-12-09 11:09:24 - ai_model - DEBUG - ✅ AI模型初始化完成
2025-12-09 11:09:24 - ai_model - DEBUG -    模型: deepseek-ai/DeepSeek-V3
2025-12-09 11:09:24 - ai_model - DEBUG -    Base URL: https://api.siliconflow.cn/v1
2025-12-09 11:09:24 - ai_model - DEBUG -    API Key: sk-gsaohhwdtofontqfo...rolhikfqmy
2025-12-09 11:13:18 - ai_model - DEBUG - ✅ AI模型初始化完成
2025-12-09 11:13:18 - ai_model - DEBUG -    模型: deepseek-ai/DeepSeek-V3
2025-12-09 11:13:18 - ai_model - DEBUG -    Base URL: https://api.siliconflow.cn/v1
2025-12-09 11:13:18 - ai_model - DEBUG -    API Key: sk-gsaohhwdtofontqfo...rolhikfqmy
2025-12-09 11:13:20 - ai_model - DEBUG - ✅ AI模型初始化完成
2025-12-09 11:13:20 - ai_model - DEBUG -    模型: deepseek-ai/DeepSeek-V3
2025-12-09 11:13:20 - ai_model - DEBUG -    Base URL: https://api.siliconflow.cn/v1
2025-12-09 11:13:20 - ai_model - DEBUG -    API Key: sk-gsaohhwdtofontqfo...rolhikfqmy
2025-12-09 11:13:23 - ai_model - DEBUG - ✅ AI模型初始化完成
2025-12-09 11:13:23 - ai_model - DEBUG -    模型: deepseek-ai/DeepSeek-V3
2025-12-09 11:13:23 - ai_model - DEBUG -    Base URL: https://api.siliconflow.cn/v1
2025-12-09 11:13:23 - ai_model - DEBUG -    API Key: sk-gsaohhwdtofontqfo...rolhikfqmy
2025-12-09 11:13:23 - ai_model - DEBUG - ✅ AI模型初始化完成
2025-12-09 11:13:23 - ai_model - DEBUG -    模型: deepseek-ai/DeepSeek-V3
2025-12-09 11:13:23 - ai_model - DEBUG -    Base URL: https://api.siliconflow.cn/v1
2025-12-09 11:13:23 - ai_model - DEBUG -    API Key: sk-gsaohhwdtofontqfo...rolhikfqmy
2025-12-09 11:13:35 - ai_model - DEBUG - ✅ AI模型初始化完成
2025-12-09 11:13:35 - ai_model - DEBUG -    模型: deepseek-ai/DeepSeek-V3
2025-12-09 11:13:35 - ai_model - DEBUG -    Base URL: https://api.siliconflow.cn/v1
2025-12-09 11:13:35 - ai_model - DEBUG -    API Key: sk-gsaohhwdtofontqfo...rolhikfqmy
2025-12-09 11:13:37 - ai_model - DEBUG - ✅ AI模型初始化完成
2025-12-09 11:13:37 - ai_model - DEBUG -    模型: deepseek-ai/DeepSeek-V3
2025-12-09 11:13:37 - ai_model - DEBUG -    Base URL: https://api.siliconflow.cn/v1
2025-12-09 11:13:37 - ai_model - DEBUG -    API Key: sk-gsaohhwdtofontqfo...rolhikfqmy
2025-12-09 11:13:50 - ai_model - DEBUG - ✅ AI模型初始化完成
2025-12-09 11:13:50 - ai_model - DEBUG -    模型: deepseek-ai/DeepSeek-V3
2025-12-09 11:13:50 - ai_model - DEBUG -    Base URL: https://api.siliconflow.cn/v1
2025-12-09 11:13:50 - ai_model - DEBUG -    API Key: sk-gsaohhwdtofontqfo...rolhikfqmy
2025-12-09 11:13:51 - ai_model - DEBUG - ✅ AI模型初始化完成
2025-12-09 11:13:51 - ai_model - DEBUG -    模型: deepseek-ai/DeepSeek-V3
2025-12-09 11:13:51 - ai_model - DEBUG -    Base URL: https://api.siliconflow.cn/v1
2025-12-09 11:13:51 - ai_model - DEBUG -    API Key: sk-gsaohhwdtofontqfo...rolhikfqmy
2025-12-09 11:14:25 - ai_model - DEBUG - ✅ AI模型初始化完成
2025-12-09 11:14:25 - ai_model - DEBUG -    模型: deepseek-ai/DeepSeek-V3
2025-12-09 11:14:25 - ai_model - DEBUG -    Base URL: https://api.siliconflow.cn/v1
2025-12-09 11:14:25 - ai_model - DEBUG -    API Key: sk-gsaohhwdtofontqfo...rolhikfqmy
2025-12-09 11:14:29 - ai_model - DEBUG - ✅ AI模型初始化完成
2025-12-09 11:14:29 - ai_model - DEBUG -    模型: deepseek-ai/DeepSeek-V3
2025-12-09 11:14:29 - ai_model - DEBUG -    Base URL: https://api.siliconflow.cn/v1
2025-12-09 11:14:29 - ai_model - DEBUG -    API Key: sk-gsaohhwdtofontqfo...rolhikfqmy
2025-12-09 11:14:37 - ai_model - DEBUG - ✅ AI模型初始化完成
2025-12-09 11:14:37 - ai_model - DEBUG -    模型: deepseek-ai/DeepSeek-V3
2025-12-09 11:14:37 - ai_model - DEBUG -    Base URL: https://api.siliconflow.cn/v1
2025-12-09 11:14:37 - ai_model - DEBUG -    API Key: sk-gsaohhwdtofontqfo...rolhikfqmy
2025-12-09 11:14:37 - ai_model - DEBUG - ✅ AI模型初始化完成
2025-12-09 11:14:37 - ai_model - DEBUG -    模型: deepseek-ai/DeepSeek-V3
2025-12-09 11:14:37 - ai_model - DEBUG -    Base URL: https://api.siliconflow.cn/v1
2025-12-09 11:14:37 - ai_model - DEBUG -    API Key: sk-gsaohhwdtofontqfo...rolhikfqmy
2025-12-09 11:14:57 - ai_model - DEBUG - ✅ AI模型初始化完成
2025-12-09 11:14:57 - ai_model - DEBUG -    模型: deepseek-ai/DeepSeek-V3
2025-12-09 11:14:57 - ai_model - DEBUG -    Base URL: https://api.siliconflow.cn/v1
2025-12-09 11:14:57 - ai_model - DEBUG -    API Key: sk-gsaohhwdtofontqfo...rolhikfqmy
2025-12-09 11:15:02 - ai_model - DEBUG - ✅ AI模型初始化完成
2025-12-09 11:15:02 - ai_model - DEBUG -    模型: deepseek-ai/DeepSeek-V3
2025-12-09 11:15:02 - ai_model - DEBUG -    Base URL: https://api.siliconflow.cn/v1
2025-12-09 11:15:02 - ai_model - DEBUG -    API Key: sk-gsaohhwdtofontqfo...rolhikfqmy
2025-12-09 11:15:08 - ai_model - DEBUG - ✅ AI模型初始化完成
2025-12-09 11:15:08 - ai_model - DEBUG -    模型: deepseek-ai/DeepSeek-V3
2025-12-09 11:15:08 - ai_model - DEBUG -    Base URL: https://api.siliconflow.cn/v1
2025-12-09 11:15:08 - ai_model - DEBUG -    API Key: sk-gsaohhwdtofontqfo...rolhikfqmy
2025-12-09 11:15:08 - ai_model - DEBUG - ✅ AI模型初始化完成
2025-12-09 11:15:08 - ai_model - DEBUG -    模型: deepseek-ai/DeepSeek-V3
2025-12-09 11:15:08 - ai_model - DEBUG -    Base URL: https://api.siliconflow.cn/v1
2025-12-09 11:15:08 - ai_model - DEBUG -    API Key: sk-gsaohhwdtofontqfo...rolhikfqmy
2025-12-09 13:31:30 - ai_model - DEBUG - ✅ AI模型初始化完成
2025-12-09 13:31:30 - ai_model - DEBUG -    模型: deepseek-ai/DeepSeek-V3
2025-12-09 13:31:30 - ai_model - DEBUG -    Base URL: https://api.siliconflow.cn/v1
2025-12-09 13:31:30 - ai_model - DEBUG -    API Key: sk-gsaohhwdtofontqfo...rolhikfqmy
2025-12-09 13:31:36 - ai_model - DEBUG - ✅ AI模型初始化完成
2025-12-09 13:31:36 - ai_model - DEBUG -    模型: deepseek-ai/DeepSeek-V3
2025-12-09 13:31:36 - ai_model - DEBUG -    Base URL: https://api.siliconflow.cn/v1
2025-12-09 13:31:36 - ai_model - DEBUG -    API Key: sk-gsaohhwdtofontqfo...rolhikfqmy
2025-12-09 13:31:39 - ai_model - DEBUG - ✅ AI模型初始化完成
2025-12-09 13:31:39 - ai_model - DEBUG -    模型: deepseek-ai/DeepSeek-V3
2025-12-09 13:31:39 - ai_model - DEBUG -    Base URL: https://api.siliconflow.cn/v1
2025-12-09 13:31:39 - ai_model - DEBUG -    API Key: sk-gsaohhwdtofontqfo...rolhikfqmy
2025-12-09 13:31:39 - ai_model - DEBUG - ✅ AI模型初始化完成
2025-12-09 13:31:39 - ai_model - DEBUG -    模型: deepseek-ai/DeepSeek-V3
2025-12-09 13:31:39 - ai_model - DEBUG -    Base URL: https://api.siliconflow.cn/v1
2025-12-09 13:31:39 - ai_model - DEBUG -    API Key: sk-gsaohhwdtofontqfo...rolhikfqmy
2025-12-09 13:32:05 - ai_model - DEBUG - ✅ AI模型初始化完成
2025-12-09 13:32:05 - ai_model - DEBUG -    模型: deepseek-ai/DeepSeek-V3
2025-12-09 13:32:05 - ai_model - DEBUG -    Base URL: https://api.siliconflow.cn/v1
2025-12-09 13:32:05 - ai_model - DEBUG -    API Key: sk-gsaohhwdtofontqfo...rolhikfqmy
2025-12-09 13:32:07 - ai_model - DEBUG - ✅ AI模型初始化完成
2025-12-09 13:32:07 - ai_model - DEBUG -    模型: deepseek-ai/DeepSeek-V3
2025-12-09 13:32:07 - ai_model - DEBUG -    Base URL: https://api.siliconflow.cn/v1
2025-12-09 13:32:07 - ai_model - DEBUG -    API Key: sk-gsaohhwdtofontqfo...rolhikfqmy
2025-12-09 13:32:17 - ai_model - DEBUG - ✅ AI模型初始化完成
2025-12-09 13:32:17 - ai_model - DEBUG -    模型: deepseek-ai/DeepSeek-V3
2025-12-09 13:32:17 - ai_model - DEBUG -    Base URL: https://api.siliconflow.cn/v1
2025-12-09 13:32:17 - ai_model - DEBUG -    API Key: sk-gsaohhwdtofontqfo...rolhikfqmy
2025-12-09 13:32:17 - ai_model - DEBUG - ✅ AI模型初始化完成
2025-12-09 13:32:17 - ai_model - DEBUG -    模型: deepseek-ai/DeepSeek-V3
2025-12-09 13:32:17 - ai_model - DEBUG -    Base URL: https://api.siliconflow.cn/v1
2025-12-09 13:32:17 - ai_model - DEBUG -    API Key: sk-gsaohhwdtofontqfo...rolhikfqmy
2025-12-09 13:36:59 - ai_model - DEBUG - ✅ AI模型初始化完成
2025-12-09 13:36:59 - ai_model - DEBUG -    模型: deepseek-ai/DeepSeek-V3
2025-12-09 13:36:59 - ai_model - DEBUG -    Base URL: https://api.siliconflow.cn/v1
2025-12-09 13:36:59 - ai_model - DEBUG -    API Key: sk-gsaohhwdtofontqfo...rolhikfqmy
2025-12-09 13:37:02 - ai_model - DEBUG - ✅ AI模型初始化完成
2025-12-09 13:37:02 - ai_model - DEBUG -    模型: deepseek-ai/DeepSeek-V3
2025-12-09 13:37:02 - ai_model - DEBUG -    Base URL: https://api.siliconflow.cn/v1
2025-12-09 13:37:02 - ai_model - DEBUG -    API Key: sk-gsaohhwdtofontqfo...rolhikfqmy
2025-12-09 13:37:05 - ai_model - DEBUG - ✅ AI模型初始化完成
2025-12-09 13:37:05 - ai_model - DEBUG -    模型: deepseek-ai/DeepSeek-V3
2025-12-09 13:37:05 - ai_model - DEBUG -    Base URL: https://api.siliconflow.cn/v1
2025-12-09 13:37:05 - ai_model - DEBUG -    API Key: sk-gsaohhwdtofontqfo...rolhikfqmy
2025-12-09 13:37:05 - ai_model - DEBUG - ✅ AI模型初始化完成
2025-12-09 13:37:05 - ai_model - DEBUG -    模型: deepseek-ai/DeepSeek-V3
2025-12-09 13:37:05 - ai_model - DEBUG -    Base URL: https://api.siliconflow.cn/v1
2025-12-09 13:37:05 - ai_model - DEBUG -    API Key: sk-gsaohhwdtofontqfo...rolhikfqmy
2025-12-09 13:37:19 - ai_model - DEBUG - ✅ AI模型初始化完成
2025-12-09 13:37:19 - ai_model - DEBUG -    模型: deepseek-ai/DeepSeek-V3
2025-12-09 13:37:19 - ai_model - DEBUG -    Base URL: https://api.siliconflow.cn/v1
2025-12-09 13:37:19 - ai_model - DEBUG -    API Key: sk-gsaohhwdtofontqfo...rolhikfqmy
2025-12-09 13:37:38 - ai_model - DEBUG - ✅ AI模型初始化完成
2025-12-09 13:37:38 - ai_model - DEBUG -    模型: deepseek-ai/DeepSeek-V3
2025-12-09 13:37:38 - ai_model - DEBUG -    Base URL: https://api.siliconflow.cn/v1
2025-12-09 13:37:38 - ai_model - DEBUG -    API Key: sk-gsaohhwdtofontqfo...rolhikfqmy
2025-12-09 13:37:47 - ai_model - DEBUG - ✅ AI模型初始化完成
2025-12-09 13:37:47 - ai_model - DEBUG -    模型: deepseek-ai/DeepSeek-V3
2025-12-09 13:37:47 - ai_model - DEBUG -    Base URL: https://api.siliconflow.cn/v1
2025-12-09 13:37:47 - ai_model - DEBUG -    API Key: sk-gsaohhwdtofontqfo...rolhikfqmy
2025-12-09 13:37:47 - ai_model - DEBUG - ✅ AI模型初始化完成
2025-12-09 13:37:47 - ai_model - DEBUG -    模型: deepseek-ai/DeepSeek-V3
2025-12-09 13:37:47 - ai_model - DEBUG -    Base URL: https://api.siliconflow.cn/v1
2025-12-09 13:37:47 - ai_model - DEBUG -    API Key: sk-gsaohhwdtofontqfo...rolhikfqmy
2025-12-09 13:56:00 - ai_model - DEBUG - ✅ AI模型初始化完成
2025-12-09 13:56:00 - ai_model - DEBUG -    模型: deepseek-ai/DeepSeek-V3
2025-12-09 13:56:00 - ai_model - DEBUG -    Base URL: https://api.siliconflow.cn/v1
2025-12-09 13:56:00 - ai_model - DEBUG -    API Key: sk-gsaohhwdtofontqfo...rolhikfqmy
2025-12-09 13:56:03 - ai_model - DEBUG - ✅ AI模型初始化完成
2025-12-09 13:56:03 - ai_model - DEBUG -    模型: deepseek-ai/DeepSeek-V3
2025-12-09 13:56:03 - ai_model - DEBUG -    Base URL: https://api.siliconflow.cn/v1
2025-12-09 13:56:03 - ai_model - DEBUG -    API Key: sk-gsaohhwdtofontqfo...rolhikfqmy
2025-12-09 13:56:14 - ai_model - DEBUG - ✅ AI模型初始化完成
2025-12-09 13:56:14 - ai_model - DEBUG -    模型: deepseek-ai/DeepSeek-V3
2025-12-09 13:56:14 - ai_model - DEBUG -    Base URL: https://api.siliconflow.cn/v1
2025-12-09 13:56:14 - ai_model - DEBUG -    API Key: sk-gsaohhwdtofontqfo...rolhikfqmy
2025-12-09 13:56:14 - ai_model - DEBUG - ✅ AI模型初始化完成
2025-12-09 13:56:14 - ai_model - DEBUG -    模型: deepseek-ai/DeepSeek-V3
2025-12-09 13:56:14 - ai_model - DEBUG -    Base URL: https://api.siliconflow.cn/v1
2025-12-09 13:56:14 - ai_model - DEBUG -    API Key: sk-gsaohhwdtofontqfo...rolhikfqmy
2025-12-09 13:56:25 - ai_model - DEBUG - ✅ AI模型初始化完成
2025-12-09 13:56:25 - ai_model - DEBUG -    模型: deepseek-ai/DeepSeek-V3
2025-12-09 13:56:25 - ai_model - DEBUG -    Base URL: https://api.siliconflow.cn/v1
2025-12-09 13:56:25 - ai_model - DEBUG -    API Key: sk-gsaohhwdtofontqfo...rolhikfqmy
2025-12-09 13:56:34 - ai_model - DEBUG - ✅ AI模型初始化完成
2025-12-09 13:56:34 - ai_model - DEBUG -    模型: deepseek-ai/DeepSeek-V3
2025-12-09 13:56:34 - ai_model - DEBUG -    Base URL: https://api.siliconflow.cn/v1
2025-12-09 13:56:34 - ai_model - DEBUG -    API Key: sk-gsaohhwdtofontqfo...rolhikfqmy
2025-12-09 13:56:37 - ai_model - DEBUG - ✅ AI模型初始化完成
2025-12-09 13:56:37 - ai_model - DEBUG -    模型: deepseek-ai/DeepSeek-V3
2025-12-09 13:56:37 - ai_model - DEBUG -    Base URL: https://api.siliconflow.cn/v1
2025-12-09 13:56:37 - ai_model - DEBUG -    API Key: sk-gsaohhwdtofontqfo...rolhikfqmy
2025-12-09 13:56:38 - ai_model - DEBUG - ✅ AI模型初始化完成
2025-12-09 13:56:38 - ai_model - DEBUG -    模型: deepseek-ai/DeepSeek-V3
2025-12-09 13:56:38 - ai_model - DEBUG -    Base URL: https://api.siliconflow.cn/v1
2025-12-09 13:56:38 - ai_model - DEBUG -    API Key: sk-gsaohhwdtofontqfo...rolhikfqmy
2025-12-09 14:09:19 - ai_model - DEBUG - ✅ AI模型初始化完成
2025-12-09 14:09:19 - ai_model - DEBUG -    模型: doubao-seed-1-6-250615
2025-12-09 14:09:19 - ai_model - DEBUG -    Base URL: https://ark.cn-beijing.volces.com/api/v3
2025-12-09 14:09:19 - ai_model - DEBUG -    API Key: 456d5d53-3bdb-4d1e-a...34eee2a926
2025-12-09 14:09:22 - ai_model - DEBUG - ✅ AI模型初始化完成
2025-12-09 14:09:22 - ai_model - DEBUG -    模型: doubao-seed-1-6-250615
2025-12-09 14:09:22 - ai_model - DEBUG -    Base URL: https://ark.cn-beijing.volces.com/api/v3
2025-12-09 14:09:22 - ai_model - DEBUG -    API Key: 456d5d53-3bdb-4d1e-a...34eee2a926
2025-12-09 14:10:06 - ai_model - DEBUG - ✅ AI模型初始化完成
2025-12-09 14:10:06 - ai_model - DEBUG -    模型: doubao-seed-1-6-250615
2025-12-09 14:10:06 - ai_model - DEBUG -    Base URL: https://ark.cn-beijing.volces.com/api/v3
2025-12-09 14:10:06 - ai_model - DEBUG -    API Key: 456d5d53-3bdb-4d1e-a...34eee2a926
2025-12-09 14:10:41 - ai_model - DEBUG - ✅ AI模型初始化完成
2025-12-09 14:10:41 - ai_model - DEBUG -    模型: doubao-seed-1-6-250615
2025-12-09 14:10:41 - ai_model - DEBUG -    Base URL: https://ark.cn-beijing.volces.com/api/v3
2025-12-09 14:10:41 - ai_model - DEBUG -    API Key: 456d5d53-3bdb-4d1e-a...34eee2a926
2025-12-09 14:10:44 - ai_model - DEBUG - ✅ AI模型初始化完成
2025-12-09 14:10:44 - ai_model - DEBUG -    模型: doubao-seed-1-6-250615
2025-12-09 14:10:44 - ai_model - DEBUG -    Base URL: https://ark.cn-beijing.volces.com/api/v3
2025-12-09 14:10:44 - ai_model - DEBUG -    API Key: 456d5d53-3bdb-4d1e-a...34eee2a926
2025-12-09 14:11:48 - ai_model - DEBUG - ✅ AI模型初始化完成
2025-12-09 14:11:48 - ai_model - DEBUG -    模型: doubao-seed-1-6-250615
2025-12-09 14:11:48 - ai_model - DEBUG -    Base URL: https://ark.cn-beijing.volces.com/api/v3
2025-12-09 14:11:48 - ai_model - DEBUG -    API Key: 456d5d53-3bdb-4d1e-a...34eee2a926
2025-12-09 14:11:48 - ai_model - DEBUG - ✅ AI模型初始化完成
2025-12-09 14:11:48 - ai_model - DEBUG -    模型: doubao-seed-1-6-250615
2025-12-09 14:11:48 - ai_model - DEBUG -    Base URL: https://ark.cn-beijing.volces.com/api/v3
2025-12-09 14:11:48 - ai_model - DEBUG -    API Key: 456d5d53-3bdb-4d1e-a...34eee2a926
2025-12-09 14:12:05 - ai_model - DEBUG - ✅ AI模型初始化完成
2025-12-09 14:12:05 - ai_model - DEBUG -    模型: doubao-seed-1-6-250615
2025-12-09 14:12:05 - ai_model - DEBUG -    Base URL: https://ark.cn-beijing.volces.com/api/v3
2025-12-09 14:12:05 - ai_model - DEBUG -    API Key: 456d5d53-3bdb-4d1e-a...34eee2a926
2025-12-09 14:12:10 - ai_model - DEBUG - ✅ AI模型初始化完成
2025-12-09 14:12:10 - ai_model - DEBUG -    模型: doubao-seed-1-6-250615
2025-12-09 14:12:10 - ai_model - DEBUG -    Base URL: https://ark.cn-beijing.volces.com/api/v3
2025-12-09 14:12:10 - ai_model - DEBUG -    API Key: 456d5d53-3bdb-4d1e-a...34eee2a926
2025-12-09 14:12:35 - ai_model - DEBUG - ✅ AI模型初始化完成
2025-12-09 14:12:35 - ai_model - DEBUG -    模型: doubao-seed-1-6-250615
2025-12-09 14:12:35 - ai_model - DEBUG -    Base URL: https://ark.cn-beijing.volces.com/api/v3
2025-12-09 14:12:35 - ai_model - DEBUG -    API Key: 456d5d53-3bdb-4d1e-a...34eee2a926
2025-12-09 14:12:35 - ai_model - DEBUG - ✅ AI模型初始化完成
2025-12-09 14:12:35 - ai_model - DEBUG -    模型: doubao-seed-1-6-250615
2025-12-09 14:12:35 - ai_model - DEBUG -    Base URL: https://ark.cn-beijing.volces.com/api/v3
2025-12-09 14:12:35 - ai_model - DEBUG -    API Key: 456d5d53-3bdb-4d1e-a...34eee2a926
2025-12-09 14:13:07 - ai_model - DEBUG - ✅ AI模型初始化完成
2025-12-09 14:13:07 - ai_model - DEBUG -    模型: Doubao-1.5-pro-32k
2025-12-09 14:13:07 - ai_model - DEBUG -    Base URL: https://ark.cn-beijing.volces.com/api/v3
2025-12-09 14:13:07 - ai_model - DEBUG -    API Key: 456d5d53-3bdb-4d1e-a...34eee2a926
2025-12-09 14:13:07 - ai_model - DEBUG - ✅ AI模型初始化完成
2025-12-09 14:13:07 - ai_model - DEBUG -    模型: Doubao-1.5-pro-32k
2025-12-09 14:13:07 - ai_model - DEBUG -    Base URL: https://ark.cn-beijing.volces.com/api/v3
2025-12-09 14:13:07 - ai_model - DEBUG -    API Key: 456d5d53-3bdb-4d1e-a...34eee2a926
2025-12-09 14:13:46 - ai_model - DEBUG - ✅ AI模型初始化完成
2025-12-09 14:13:46 - ai_model - DEBUG -    模型: Doubao-1.5-pro-32k
2025-12-09 14:13:46 - ai_model - DEBUG -    Base URL: https://ark.cn-beijing.volces.com/api/v3
2025-12-09 14:13:46 - ai_model - DEBUG -    API Key: 456d5d53-3bdb-4d1e-a...34eee2a926
2025-12-09 14:13:46 - ai_model - DEBUG - ✅ AI模型初始化完成
2025-12-09 14:13:46 - ai_model - DEBUG -    模型: Doubao-1.5-pro-32k
2025-12-09 14:13:46 - ai_model - DEBUG -    Base URL: https://ark.cn-beijing.volces.com/api/v3
2025-12-09 14:13:46 - ai_model - DEBUG -    API Key: 456d5d53-3bdb-4d1e-a...34eee2a926
2025-12-09 14:14:49 - ai_model - DEBUG - ✅ AI模型初始化完成
2025-12-09 14:14:49 - ai_model - DEBUG -    模型: doubao-1-5-pro-32k-250115
2025-12-09 14:14:49 - ai_model - DEBUG -    Base URL: https://ark.cn-beijing.volces.com/api/v3
2025-12-09 14:14:49 - ai_model - DEBUG -    API Key: 456d5d53-3bdb-4d1e-a...34eee2a926
2025-12-09 14:14:51 - ai_model - DEBUG - ✅ AI模型初始化完成
2025-12-09 14:14:51 - ai_model - DEBUG -    模型: doubao-1-5-pro-32k-250115
2025-12-09 14:14:51 - ai_model - DEBUG -    Base URL: https://ark.cn-beijing.volces.com/api/v3
2025-12-09 14:14:51 - ai_model - DEBUG -    API Key: 456d5d53-3bdb-4d1e-a...34eee2a926
2025-12-09 14:14:53 - ai_model - DEBUG - ✅ AI模型初始化完成
2025-12-09 14:14:53 - ai_model - DEBUG -    模型: doubao-1-5-pro-32k-250115
2025-12-09 14:14:53 - ai_model - DEBUG -    Base URL: https://ark.cn-beijing.volces.com/api/v3
2025-12-09 14:14:53 - ai_model - DEBUG -    API Key: 456d5d53-3bdb-4d1e-a...34eee2a926
2025-12-09 14:15:04 - ai_model - DEBUG - ✅ AI模型初始化完成
2025-12-09 14:15:04 - ai_model - DEBUG -    模型: doubao-1-5-pro-32k-250115
2025-12-09 14:15:04 - ai_model - DEBUG -    Base URL: https://ark.cn-beijing.volces.com/api/v3
2025-12-09 14:15:04 - ai_model - DEBUG -    API Key: 456d5d53-3bdb-4d1e-a...34eee2a926
2025-12-09 14:15:06 - ai_model - DEBUG - ✅ AI模型初始化完成
2025-12-09 14:15:06 - ai_model - DEBUG -    模型: doubao-1-5-pro-32k-250115
2025-12-09 14:15:06 - ai_model - DEBUG -    Base URL: https://ark.cn-beijing.volces.com/api/v3
2025-12-09 14:15:06 - ai_model - DEBUG -    API Key: 456d5d53-3bdb-4d1e-a...34eee2a926
2025-12-09 14:15:08 - ai_model - DEBUG - ✅ AI模型初始化完成
2025-12-09 14:15:08 - ai_model - DEBUG -    模型: doubao-1-5-pro-32k-250115
2025-12-09 14:15:08 - ai_model - DEBUG -    Base URL: https://ark.cn-beijing.volces.com/api/v3
2025-12-09 14:15:08 - ai_model - DEBUG -    API Key: 456d5d53-3bdb-4d1e-a...34eee2a926
2025-12-09 14:15:08 - ai_model - DEBUG - ✅ AI模型初始化完成
2025-12-09 14:15:08 - ai_model - DEBUG -    模型: doubao-1-5-pro-32k-250115
2025-12-09 14:15:08 - ai_model - DEBUG -    Base URL: https://ark.cn-beijing.volces.com/api/v3
2025-12-09 14:15:08 - ai_model - DEBUG -    API Key: 456d5d53-3bdb-4d1e-a...34eee2a926
2025-12-09 14:16:44 - ai_model - DEBUG - ✅ AI模型初始化完成
2025-12-09 14:16:44 - ai_model - DEBUG -    模型: doubao-1-5-pro-32k-250115
2025-12-09 14:16:44 - ai_model - DEBUG -    Base URL: https://ark.cn-beijing.volces.com/api/v3
2025-12-09 14:16:44 - ai_model - DEBUG -    API Key: 456d5d53-3bdb-4d1e-a...34eee2a926
2025-12-09 14:16:46 - ai_model - DEBUG - ✅ AI模型初始化完成
2025-12-09 14:16:46 - ai_model - DEBUG -    模型: doubao-1-5-pro-32k-250115
2025-12-09 14:16:46 - ai_model - DEBUG -    Base URL: https://ark.cn-beijing.volces.com/api/v3
2025-12-09 14:16:46 - ai_model - DEBUG -    API Key: 456d5d53-3bdb-4d1e-a...34eee2a926
2025-12-09 14:16:48 - ai_model - DEBUG - ✅ AI模型初始化完成
2025-12-09 14:16:48 - ai_model - DEBUG -    模型: doubao-1-5-pro-32k-250115
2025-12-09 14:16:48 - ai_model - DEBUG -    Base URL: https://ark.cn-beijing.volces.com/api/v3
2025-12-09 14:16:48 - ai_model - DEBUG -    API Key: 456d5d53-3bdb-4d1e-a...34eee2a926
2025-12-09 14:16:48 - ai_model - DEBUG - ✅ AI模型初始化完成
2025-12-09 14:16:48 - ai_model - DEBUG -    模型: doubao-1-5-pro-32k-250115
2025-12-09 14:16:48 - ai_model - DEBUG -    Base URL: https://ark.cn-beijing.volces.com/api/v3
2025-12-09 14:16:48 - ai_model - DEBUG -    API Key: 456d5d53-3bdb-4d1e-a...34eee2a926
2025-12-09 14:16:57 - ai_model - DEBUG - ✅ AI模型初始化完成
2025-12-09 14:16:57 - ai_model - DEBUG -    模型: doubao-1-5-pro-32k-250115
2025-12-09 14:16:57 - ai_model - DEBUG -    Base URL: https://ark.cn-beijing.volces.com/api/v3
2025-12-09 14:16:57 - ai_model - DEBUG -    API Key: 456d5d53-3bdb-4d1e-a...34eee2a926
2025-12-09 14:16:58 - ai_model - DEBUG - ✅ AI模型初始化完成
2025-12-09 14:16:58 - ai_model - DEBUG -    模型: doubao-1-5-pro-32k-250115
2025-12-09 14:16:58 - ai_model - DEBUG -    Base URL: https://ark.cn-beijing.volces.com/api/v3
2025-12-09 14:16:58 - ai_model - DEBUG -    API Key: 456d5d53-3bdb-4d1e-a...34eee2a926
2025-12-09 14:17:01 - ai_model - DEBUG - ✅ AI模型初始化完成
2025-12-09 14:17:01 - ai_model - DEBUG -    模型: doubao-1-5-pro-32k-250115
2025-12-09 14:17:01 - ai_model - DEBUG -    Base URL: https://ark.cn-beijing.volces.com/api/v3
2025-12-09 14:17:01 - ai_model - DEBUG -    API Key: 456d5d53-3bdb-4d1e-a...34eee2a926
2025-12-09 14:17:02 - ai_model - DEBUG - ✅ AI模型初始化完成
2025-12-09 14:17:02 - ai_model - DEBUG -    模型: doubao-1-5-pro-32k-250115
2025-12-09 14:17:02 - ai_model - DEBUG -    Base URL: https://ark.cn-beijing.volces.com/api/v3
2025-12-09 14:17:02 - ai_model - DEBUG -    API Key: 456d5d53-3bdb-4d1e-a...34eee2a926
2025-12-09 14:20:20 - ai_model - DEBUG - ✅ AI模型初始化完成
2025-12-09 14:20:20 - ai_model - DEBUG -    模型: doubao-1-5-pro-32k-250115
2025-12-09 14:20:20 - ai_model - DEBUG -    Base URL: https://ark.cn-beijing.volces.com/api/v3
2025-12-09 14:20:20 - ai_model - DEBUG -    API Key: 456d5d53-3bdb-4d1e-a...34eee2a926
2025-12-09 14:20:23 - ai_model - DEBUG - ✅ AI模型初始化完成
2025-12-09 14:20:23 - ai_model - DEBUG -    模型: doubao-1-5-pro-32k-250115
2025-12-09 14:20:23 - ai_model - DEBUG -    Base URL: https://ark.cn-beijing.volces.com/api/v3
2025-12-09 14:20:23 - ai_model - DEBUG -    API Key: 456d5d53-3bdb-4d1e-a...34eee2a926
2025-12-09 14:20:26 - ai_model - DEBUG - ✅ AI模型初始化完成
2025-12-09 14:20:26 - ai_model - DEBUG -    模型: doubao-1-5-pro-32k-250115
2025-12-09 14:20:26 - ai_model - DEBUG -    Base URL: https://ark.cn-beijing.volces.com/api/v3
2025-12-09 14:20:26 - ai_model - DEBUG -    API Key: 456d5d53-3bdb-4d1e-a...34eee2a926
2025-12-09 14:20:26 - ai_model - DEBUG - ✅ AI模型初始化完成
2025-12-09 14:20:26 - ai_model - DEBUG -    模型: doubao-1-5-pro-32k-250115
2025-12-09 14:20:26 - ai_model - DEBUG -    Base URL: https://ark.cn-beijing.volces.com/api/v3
2025-12-09 14:20:26 - ai_model - DEBUG -    API Key: 456d5d53-3bdb-4d1e-a...34eee2a926
2025-12-09 14:21:04 - ai_model - DEBUG - ✅ AI模型初始化完成
2025-12-09 14:21:04 - ai_model - DEBUG -    模型: doubao-1-5-pro-32k-250115
2025-12-09 14:21:04 - ai_model - DEBUG -    Base URL: https://ark.cn-beijing.volces.com/api/v3
2025-12-09 14:21:04 - ai_model - DEBUG -    API Key: 456d5d53-3bdb-4d1e-a...34eee2a926
2025-12-09 14:21:05 - ai_model - DEBUG - ✅ AI模型初始化完成
2025-12-09 14:21:05 - ai_model - DEBUG -    模型: doubao-1-5-pro-32k-250115
2025-12-09 14:21:05 - ai_model - DEBUG -    Base URL: https://ark.cn-beijing.volces.com/api/v3
2025-12-09 14:21:05 - ai_model - DEBUG -    API Key: 456d5d53-3bdb-4d1e-a...34eee2a926
2025-12-09 14:21:10 - ai_model - DEBUG - ✅ AI模型初始化完成
2025-12-09 14:21:10 - ai_model - DEBUG -    模型: doubao-1-5-pro-32k-250115
2025-12-09 14:21:10 - ai_model - DEBUG -    Base URL: https://ark.cn-beijing.volces.com/api/v3
2025-12-09 14:21:10 - ai_model - DEBUG -    API Key: 456d5d53-3bdb-4d1e-a...34eee2a926
2025-12-09 18:15:28 - ai_model - DEBUG - ✅ AI模型初始化完成
2025-12-09 18:15:28 - ai_model - DEBUG -    模型: doubao-1-5-pro-32k-250115
2025-12-09 18:15:28 - ai_model - DEBUG -    Base URL: https://ark.cn-beijing.volces.com/api/v3
2025-12-09 18:15:28 - ai_model - DEBUG -    API Key: 456d5d53-3bdb-4d1e-a...34eee2a926
2025-12-09 18:15:30 - ai_model - DEBUG - ✅ AI模型初始化完成
2025-12-09 18:15:30 - ai_model - DEBUG -    模型: doubao-1-5-pro-32k-250115
2025-12-09 18:15:30 - ai_model - DEBUG -    Base URL: https://ark.cn-beijing.volces.com/api/v3
2025-12-09 18:15:30 - ai_model - DEBUG -    API Key: 456d5d53-3bdb-4d1e-a...34eee2a926
2025-12-09 18:15:31 - ai_model - DEBUG - ✅ AI模型初始化完成
2025-12-09 18:15:31 - ai_model - DEBUG -    模型: doubao-1-5-pro-32k-250115
2025-12-09 18:15:31 - ai_model - DEBUG -    Base URL: https://ark.cn-beijing.volces.com/api/v3
2025-12-09 18:15:31 - ai_model - DEBUG -    API Key: 456d5d53-3bdb-4d1e-a...34eee2a926
2025-12-09 18:15:31 - ai_model - DEBUG - ✅ AI模型初始化完成
2025-12-09 18:15:31 - ai_model - DEBUG -    模型: doubao-1-5-pro-32k-250115
2025-12-09 18:15:31 - ai_model - DEBUG -    Base URL: https://ark.cn-beijing.volces.com/api/v3
2025-12-09 18:15:31 - ai_model - DEBUG -    API Key: 456d5d53-3bdb-4d1e-a...34eee2a926
2025-12-09 18:15:47 - ai_model - DEBUG - ✅ AI模型初始化完成
2025-12-09 18:15:47 - ai_model - DEBUG -    模型: doubao-1-5-pro-32k-250115
2025-12-09 18:15:47 - ai_model - DEBUG -    Base URL: https://ark.cn-beijing.volces.com/api/v3
2025-12-09 18:15:47 - ai_model - DEBUG -    API Key: 456d5d53-3bdb-4d1e-a...34eee2a926
2025-12-09 18:15:49 - ai_model - DEBUG - ✅ AI模型初始化完成
2025-12-09 18:15:49 - ai_model - DEBUG -    模型: doubao-1-5-pro-32k-250115
2025-12-09 18:15:49 - ai_model - DEBUG -    Base URL: https://ark.cn-beijing.volces.com/api/v3
2025-12-09 18:15:49 - ai_model - DEBUG -    API Key: 456d5d53-3bdb-4d1e-a...34eee2a926
2025-12-09 18:15:53 - ai_model - DEBUG - ✅ AI模型初始化完成
2025-12-09 18:15:53 - ai_model - DEBUG -    模型: doubao-1-5-pro-32k-250115
2025-12-09 18:15:53 - ai_model - DEBUG -    Base URL: https://ark.cn-beijing.volces.com/api/v3
2025-12-09 18:15:53 - ai_model - DEBUG -    API Key: 456d5d53-3bdb-4d1e-a...34eee2a926
2025-12-09 18:15:53 - ai_model - DEBUG - ✅ AI模型初始化完成
2025-12-09 18:15:53 - ai_model - DEBUG -    模型: doubao-1-5-pro-32k-250115
2025-12-09 18:15:53 - ai_model - DEBUG -    Base URL: https://ark.cn-beijing.volces.com/api/v3
2025-12-09 18:15:53 - ai_model - DEBUG -    API Key: 456d5d53-3bdb-4d1e-a...34eee2a926
2025-12-09 18:30:13 - ai_model - DEBUG - ✅ AI模型初始化完成
2025-12-09 18:30:13 - ai_model - DEBUG -    模型: deepseek-ai/DeepSeek-V3
2025-12-09 18:30:13 - ai_model - DEBUG -    Base URL: https://api.siliconflow.cn/v1
2025-12-09 18:30:13 - ai_model - DEBUG -    API Key: sk-gsaohhwdtofontqfo...rolhikfqmy
2025-12-09 18:30:15 - ai_model - DEBUG - ✅ AI模型初始化完成
2025-12-09 18:30:15 - ai_model - DEBUG -    模型: deepseek-ai/DeepSeek-V3
2025-12-09 18:30:15 - ai_model - DEBUG -    Base URL: https://api.siliconflow.cn/v1
2025-12-09 18:30:15 - ai_model - DEBUG -    API Key: sk-gsaohhwdtofontqfo...rolhikfqmy
2025-12-09 18:30:18 - ai_model - DEBUG - ✅ AI模型初始化完成
2025-12-09 18:30:18 - ai_model - DEBUG -    模型: deepseek-ai/DeepSeek-V3
2025-12-09 18:30:18 - ai_model - DEBUG -    Base URL: https://api.siliconflow.cn/v1
2025-12-09 18:30:18 - ai_model - DEBUG -    API Key: sk-gsaohhwdtofontqfo...rolhikfqmy
2025-12-09 18:30:18 - ai_model - DEBUG - ✅ AI模型初始化完成
2025-12-09 18:30:18 - ai_model - DEBUG -    模型: deepseek-ai/DeepSeek-V3
2025-12-09 18:30:18 - ai_model - DEBUG -    Base URL: https://api.siliconflow.cn/v1
2025-12-09 18:30:18 - ai_model - DEBUG -    API Key: sk-gsaohhwdtofontqfo...rolhikfqmy
2025-12-09 18:30:34 - ai_model - DEBUG - ✅ AI模型初始化完成
2025-12-09 18:30:34 - ai_model - DEBUG -    模型: deepseek-ai/DeepSeek-V3
2025-12-09 18:30:34 - ai_model - DEBUG -    Base URL: https://api.siliconflow.cn/v1
2025-12-09 18:30:34 - ai_model - DEBUG -    API Key: sk-gsaohhwdtofontqfo...rolhikfqmy
2025-12-09 18:30:51 - ai_model - DEBUG - ✅ AI模型初始化完成
2025-12-09 18:30:51 - ai_model - DEBUG -    模型: deepseek-ai/DeepSeek-V3
2025-12-09 18:30:51 - ai_model - DEBUG -    Base URL: https://api.siliconflow.cn/v1
2025-12-09 18:30:51 - ai_model - DEBUG -    API Key: sk-gsaohhwdtofontqfo...rolhikfqmy
2025-12-09 18:30:55 - ai_model - DEBUG - ✅ AI模型初始化完成
2025-12-09 18:30:55 - ai_model - DEBUG -    模型: deepseek-ai/DeepSeek-V3
2025-12-09 18:30:55 - ai_model - DEBUG -    Base URL: https://api.siliconflow.cn/v1
2025-12-09 18:30:55 - ai_model - DEBUG -    API Key: sk-gsaohhwdtofontqfo...rolhikfqmy
2025-12-09 18:30:55 - ai_model - DEBUG - ✅ AI模型初始化完成
2025-12-09 18:30:55 - ai_model - DEBUG -    模型: deepseek-ai/DeepSeek-V3
2025-12-09 18:30:55 - ai_model - DEBUG -    Base URL: https://api.siliconflow.cn/v1
2025-12-09 18:30:55 - ai_model - DEBUG -    API Key: sk-gsaohhwdtofontqfo...rolhikfqmy
2025-12-09 18:35:24 - ai_model - DEBUG - ✅ AI模型初始化完成
2025-12-09 18:35:24 - ai_model - DEBUG -    模型: deepseek-ai/DeepSeek-V3
2025-12-09 18:35:24 - ai_model - DEBUG -    Base URL: https://api.siliconflow.cn/v1
2025-12-09 18:35:24 - ai_model - DEBUG -    API Key: sk-gsaohhwdtofontqfo...rolhikfqmy
2025-12-09 18:35:25 - ai_model - DEBUG - ✅ AI模型初始化完成
2025-12-09 18:35:25 - ai_model - DEBUG -    模型: deepseek-ai/DeepSeek-V3
2025-12-09 18:35:25 - ai_model - DEBUG -    Base URL: https://api.siliconflow.cn/v1
2025-12-09 18:35:25 - ai_model - DEBUG -    API Key: sk-gsaohhwdtofontqfo...rolhikfqmy
2025-12-09 18:35:32 - ai_model - DEBUG - ✅ AI模型初始化完成
2025-12-09 18:35:32 - ai_model - DEBUG -    模型: deepseek-ai/DeepSeek-V3
2025-12-09 18:35:32 - ai_model - DEBUG -    Base URL: https://api.siliconflow.cn/v1
2025-12-09 18:35:32 - ai_model - DEBUG -    API Key: sk-gsaohhwdtofontqfo...rolhikfqmy
2025-12-09 18:35:32 - ai_model - DEBUG - ✅ AI模型初始化完成
2025-12-09 18:35:32 - ai_model - DEBUG -    模型: deepseek-ai/DeepSeek-V3
2025-12-09 18:35:32 - ai_model - DEBUG -    Base URL: https://api.siliconflow.cn/v1
2025-12-09 18:35:32 - ai_model - DEBUG -    API Key: sk-gsaohhwdtofontqfo...rolhikfqmy
2025-12-09 18:35:40 - ai_model - DEBUG - ✅ AI模型初始化完成
2025-12-09 18:35:40 - ai_model - DEBUG -    模型: deepseek-ai/DeepSeek-V3
2025-12-09 18:35:40 - ai_model - DEBUG -    Base URL: https://api.siliconflow.cn/v1
2025-12-09 18:35:40 - ai_model - DEBUG -    API Key: sk-gsaohhwdtofontqfo...rolhikfqmy
2025-12-09 18:35:43 - ai_model - DEBUG - ✅ AI模型初始化完成
2025-12-09 18:35:43 - ai_model - DEBUG -    模型: deepseek-ai/DeepSeek-V3
2025-12-09 18:35:43 - ai_model - DEBUG -    Base URL: https://api.siliconflow.cn/v1
2025-12-09 18:35:43 - ai_model - DEBUG -    API Key: sk-gsaohhwdtofontqfo...rolhikfqmy
2025-12-09 18:35:57 - ai_model - DEBUG - ✅ AI模型初始化完成
2025-12-09 18:35:57 - ai_model - DEBUG -    模型: deepseek-ai/DeepSeek-V3
2025-12-09 18:35:57 - ai_model - DEBUG -    Base URL: https://api.siliconflow.cn/v1
2025-12-09 18:35:57 - ai_model - DEBUG -    API Key: sk-gsaohhwdtofontqfo...rolhikfqmy
2025-12-09 18:35:57 - ai_model - DEBUG - ✅ AI模型初始化完成
2025-12-09 18:35:57 - ai_model - DEBUG -    模型: deepseek-ai/DeepSeek-V3
2025-12-09 18:35:57 - ai_model - DEBUG -    Base URL: https://api.siliconflow.cn/v1
2025-12-09 18:35:57 - ai_model - DEBUG -    API Key: sk-gsaohhwdtofontqfo...rolhikfqmy
2025-12-10 10:30:53 - ai_model - DEBUG - ✅ AI模型初始化完成
2025-12-10 10:30:53 - ai_model - DEBUG -    模型: deepseek-ai/DeepSeek-V3
2025-12-10 10:30:53 - ai_model - DEBUG -    Base URL: https://api.siliconflow.cn/v1
2025-12-10 10:30:53 - ai_model - DEBUG -    API Key: sk-gsaohhwdtofontqfo...rolhikfqmy
2025-12-10 10:30:56 - ai_model - DEBUG - ✅ AI模型初始化完成
2025-12-10 10:30:56 - ai_model - DEBUG -    模型: deepseek-ai/DeepSeek-V3
2025-12-10 10:30:56 - ai_model - DEBUG -    Base URL: https://api.siliconflow.cn/v1
2025-12-10 10:30:56 - ai_model - DEBUG -    API Key: sk-gsaohhwdtofontqfo...rolhikfqmy
2025-12-10 10:30:59 - ai_model - DEBUG - ✅ AI模型初始化完成
2025-12-10 10:30:59 - ai_model - DEBUG -    模型: deepseek-ai/DeepSeek-V3
2025-12-10 10:30:59 - ai_model - DEBUG -    Base URL: https://api.siliconflow.cn/v1
2025-12-10 10:30:59 - ai_model - DEBUG -    API Key: sk-gsaohhwdtofontqfo...rolhikfqmy
2025-12-10 10:30:59 - ai_model - DEBUG - ✅ AI模型初始化完成
2025-12-10 10:30:59 - ai_model - DEBUG -    模型: deepseek-ai/DeepSeek-V3
2025-12-10 10:30:59 - ai_model - DEBUG -    Base URL: https://api.siliconflow.cn/v1
2025-12-10 10:30:59 - ai_model - DEBUG -    API Key: sk-gsaohhwdtofontqfo...rolhikfqmy
2025-12-10 10:31:10 - ai_model - DEBUG - ✅ AI模型初始化完成
2025-12-10 10:31:10 - ai_model - DEBUG -    模型: deepseek-ai/DeepSeek-V3
2025-12-10 10:31:10 - ai_model - DEBUG -    Base URL: https://api.siliconflow.cn/v1
2025-12-10 10:31:10 - ai_model - DEBUG -    API Key: sk-gsaohhwdtofontqfo...rolhikfqmy
2025-12-10 10:31:12 - ai_model - DEBUG - ✅ AI模型初始化完成
2025-12-10 10:31:12 - ai_model - DEBUG -    模型: deepseek-ai/DeepSeek-V3
2025-12-10 10:31:12 - ai_model - DEBUG -    Base URL: https://api.siliconflow.cn/v1
2025-12-10 10:31:12 - ai_model - DEBUG -    API Key: sk-gsaohhwdtofontqfo...rolhikfqmy
2025-12-10 10:31:22 - ai_model - DEBUG - ✅ AI模型初始化完成
2025-12-10 10:31:22 - ai_model - DEBUG -    模型: deepseek-ai/DeepSeek-V3
2025-12-10 10:31:22 - ai_model - DEBUG -    Base URL: https://api.siliconflow.cn/v1
2025-12-10 10:31:22 - ai_model - DEBUG -    API Key: sk-gsaohhwdtofontqfo...rolhikfqmy
2025-12-10 10:31:23 - ai_model - DEBUG - ✅ AI模型初始化完成
2025-12-10 10:31:23 - ai_model - DEBUG -    模型: deepseek-ai/DeepSeek-V3
2025-12-10 10:31:23 - ai_model - DEBUG -    Base URL: https://api.siliconflow.cn/v1
2025-12-10 10:31:23 - ai_model - DEBUG -    API Key: sk-gsaohhwdtofontqfo...rolhikfqmy
2025-12-10 10:32:19 - ai_model - DEBUG - ✅ AI模型初始化完成
2025-12-10 10:32:19 - ai_model - DEBUG -    模型: deepseek-ai/DeepSeek-V3
2025-12-10 10:32:19 - ai_model - DEBUG -    Base URL: https://api.siliconflow.cn/v1
2025-12-10 10:32:19 - ai_model - DEBUG -    API Key: sk-gsaohhwdtofontqfo...rolhikfqmy
2025-12-10 10:32:21 - ai_model - DEBUG - ✅ AI模型初始化完成
2025-12-10 10:32:21 - ai_model - DEBUG -    模型: deepseek-ai/DeepSeek-V3
2025-12-10 10:32:21 - ai_model - DEBUG -    Base URL: https://api.siliconflow.cn/v1
2025-12-10 10:32:21 - ai_model - DEBUG -    API Key: sk-gsaohhwdtofontqfo...rolhikfqmy
2025-12-10 10:32:24 - ai_model - DEBUG - ✅ AI模型初始化完成
2025-12-10 10:32:24 - ai_model - DEBUG -    模型: deepseek-ai/DeepSeek-V3
2025-12-10 10:32:24 - ai_model - DEBUG -    Base URL: https://api.siliconflow.cn/v1
2025-12-10 10:32:24 - ai_model - DEBUG -    API Key: sk-gsaohhwdtofontqfo...rolhikfqmy
2025-12-10 10:32:24 - ai_model - DEBUG - ✅ AI模型初始化完成
2025-12-10 10:32:24 - ai_model - DEBUG -    模型: deepseek-ai/DeepSeek-V3
2025-12-10 10:32:24 - ai_model - DEBUG -    Base URL: https://api.siliconflow.cn/v1
2025-12-10 10:32:24 - ai_model - DEBUG -    API Key: sk-gsaohhwdtofontqfo...rolhikfqmy
2025-12-10 10:32:38 - ai_model - DEBUG - ✅ AI模型初始化完成
2025-12-10 10:32:38 - ai_model - DEBUG -    模型: deepseek-ai/DeepSeek-V3
2025-12-10 10:32:38 - ai_model - DEBUG -    Base URL: https://api.siliconflow.cn/v1
2025-12-10 10:32:38 - ai_model - DEBUG -    API Key: sk-gsaohhwdtofontqfo...rolhikfqmy
2025-12-10 10:32:39 - ai_model - DEBUG - ✅ AI模型初始化完成
2025-12-10 10:32:39 - ai_model - DEBUG -    模型: deepseek-ai/DeepSeek-V3
2025-12-10 10:32:39 - ai_model - DEBUG -    Base URL: https://api.siliconflow.cn/v1
2025-12-10 10:32:39 - ai_model - DEBUG -    API Key: sk-gsaohhwdtofontqfo...rolhikfqmy
2025-12-10 10:32:44 - ai_model - DEBUG - ✅ AI模型初始化完成
2025-12-10 10:32:44 - ai_model - DEBUG -    模型: deepseek-ai/DeepSeek-V3
2025-12-10 10:32:44 - ai_model - DEBUG -    Base URL: https://api.siliconflow.cn/v1
2025-12-10 10:32:44 - ai_model - DEBUG -    API Key: sk-gsaohhwdtofontqfo...rolhikfqmy
2025-12-10 10:32:44 - ai_model - DEBUG - ✅ AI模型初始化完成
2025-12-10 10:32:44 - ai_model - DEBUG -    模型: deepseek-ai/DeepSeek-V3
2025-12-10 10:32:44 - ai_model - DEBUG -    Base URL: https://api.siliconflow.cn/v1
2025-12-10 10:32:44 - ai_model - DEBUG -    API Key: sk-gsaohhwdtofontqfo...rolhikfqmy
2025-12-10 10:40:43 - ai_model - DEBUG - ✅ AI模型初始化完成
2025-12-10 10:40:43 - ai_model - DEBUG -    模型: deepseek-ai/DeepSeek-V3
2025-12-10 10:40:43 - ai_model - DEBUG -    Base URL: https://api.siliconflow.cn/v1
2025-12-10 10:40:43 - ai_model - DEBUG -    API Key: sk-gsaohhwdtofontqfo...rolhikfqmy
2025-12-10 10:40:44 - ai_model - DEBUG - ✅ AI模型初始化完成
2025-12-10 10:40:44 - ai_model - DEBUG -    模型: deepseek-ai/DeepSeek-V3
2025-12-10 10:40:44 - ai_model - DEBUG -    Base URL: https://api.siliconflow.cn/v1
2025-12-10 10:40:44 - ai_model - DEBUG -    API Key: sk-gsaohhwdtofontqfo...rolhikfqmy
2025-12-10 10:40:48 - ai_model - DEBUG - ✅ AI模型初始化完成
2025-12-10 10:40:48 - ai_model - DEBUG -    模型: deepseek-ai/DeepSeek-V3
2025-12-10 10:40:48 - ai_model - DEBUG -    Base URL: https://api.siliconflow.cn/v1
2025-12-10 10:40:48 - ai_model - DEBUG -    API Key: sk-gsaohhwdtofontqfo...rolhikfqmy
2025-12-10 10:40:48 - ai_model - DEBUG - ✅ AI模型初始化完成
2025-12-10 10:40:48 - ai_model - DEBUG -    模型: deepseek-ai/DeepSeek-V3
2025-12-10 10:40:48 - ai_model - DEBUG -    Base URL: https://api.siliconflow.cn/v1
2025-12-10 10:40:48 - ai_model - DEBUG -    API Key: sk-gsaohhwdtofontqfo...rolhikfqmy
2025-12-10 10:41:00 - ai_model - DEBUG - ✅ AI模型初始化完成
2025-12-10 10:41:00 - ai_model - DEBUG -    模型: deepseek-ai/DeepSeek-V3
2025-12-10 10:41:00 - ai_model - DEBUG -    Base URL: https://api.siliconflow.cn/v1
2025-12-10 10:41:00 - ai_model - DEBUG -    API Key: sk-gsaohhwdtofontqfo...rolhikfqmy
2025-12-10 10:41:01 - ai_model - DEBUG - ✅ AI模型初始化完成
2025-12-10 10:41:01 - ai_model - DEBUG -    模型: deepseek-ai/DeepSeek-V3
2025-12-10 10:41:01 - ai_model - DEBUG -    Base URL: https://api.siliconflow.cn/v1
2025-12-10 10:41:01 - ai_model - DEBUG -    API Key: sk-gsaohhwdtofontqfo...rolhikfqmy
2025-12-10 10:41:05 - ai_model - DEBUG - ✅ AI模型初始化完成
2025-12-10 10:41:05 - ai_model - DEBUG -    模型: deepseek-ai/DeepSeek-V3
2025-12-10 10:41:05 - ai_model - DEBUG -    Base URL: https://api.siliconflow.cn/v1
2025-12-10 10:41:05 - ai_model - DEBUG -    API Key: sk-gsaohhwdtofontqfo...rolhikfqmy
2025-12-10 10:41:05 - ai_model - DEBUG - ✅ AI模型初始化完成
2025-12-10 10:41:05 - ai_model - DEBUG -    模型: deepseek-ai/DeepSeek-V3
2025-12-10 10:41:05 - ai_model - DEBUG -    Base URL: https://api.siliconflow.cn/v1
2025-12-10 10:41:05 - ai_model - DEBUG -    API Key: sk-gsaohhwdtofontqfo...rolhikfqmy
2025-12-10 10:44:42 - ai_model - DEBUG - ✅ AI模型初始化完成
2025-12-10 10:44:42 - ai_model - DEBUG -    模型: deepseek-ai/DeepSeek-V3
2025-12-10 10:44:42 - ai_model - DEBUG -    Base URL: https://api.siliconflow.cn/v1
2025-12-10 10:44:42 - ai_model - DEBUG -    API Key: sk-gsaohhwdtofontqfo...rolhikfqmy
2025-12-10 10:44:44 - ai_model - DEBUG - ✅ AI模型初始化完成
2025-12-10 10:44:44 - ai_model - DEBUG -    模型: deepseek-ai/DeepSeek-V3
2025-12-10 10:44:44 - ai_model - DEBUG -    Base URL: https://api.siliconflow.cn/v1
2025-12-10 10:44:44 - ai_model - DEBUG -    API Key: sk-gsaohhwdtofontqfo...rolhikfqmy
2025-12-10 10:44:47 - ai_model - DEBUG - ✅ AI模型初始化完成
2025-12-10 10:44:47 - ai_model - DEBUG -    模型: deepseek-ai/DeepSeek-V3
2025-12-10 10:44:47 - ai_model - DEBUG -    Base URL: https://api.siliconflow.cn/v1
2025-12-10 10:44:47 - ai_model - DEBUG -    API Key: sk-gsaohhwdtofontqfo...rolhikfqmy
2025-12-10 10:44:47 - ai_model - DEBUG - ✅ AI模型初始化完成
2025-12-10 10:44:47 - ai_model - DEBUG -    模型: deepseek-ai/DeepSeek-V3
2025-12-10 10:44:47 - ai_model - DEBUG -    Base URL: https://api.siliconflow.cn/v1
2025-12-10 10:44:47 - ai_model - DEBUG -    API Key: sk-gsaohhwdtofontqfo...rolhikfqmy
2025-12-10 10:45:05 - ai_model - DEBUG - ✅ AI模型初始化完成
2025-12-10 10:45:05 - ai_model - DEBUG -    模型: deepseek-ai/DeepSeek-V3
2025-12-10 10:45:05 - ai_model - DEBUG -    Base URL: https://api.siliconflow.cn/v1
2025-12-10 10:45:05 - ai_model - DEBUG -    API Key: sk-gsaohhwdtofontqfo...rolhikfqmy
2025-12-10 10:45:07 - ai_model - DEBUG - ✅ AI模型初始化完成
2025-12-10 10:45:07 - ai_model - DEBUG -    模型: deepseek-ai/DeepSeek-V3
2025-12-10 10:45:07 - ai_model - DEBUG -    Base URL: https://api.siliconflow.cn/v1
2025-12-10 10:45:07 - ai_model - DEBUG -    API Key: sk-gsaohhwdtofontqfo...rolhikfqmy
2025-12-10 10:45:12 - ai_model - DEBUG - ✅ AI模型初始化完成
2025-12-10 10:45:12 - ai_model - DEBUG -    模型: deepseek-ai/DeepSeek-V3
2025-12-10 10:45:12 - ai_model - DEBUG -    Base URL: https://api.siliconflow.cn/v1
2025-12-10 10:45:12 - ai_model - DEBUG -    API Key: sk-gsaohhwdtofontqfo...rolhikfqmy
2025-12-10 10:45:12 - ai_model - DEBUG - ✅ AI模型初始化完成
2025-12-10 10:45:12 - ai_model - DEBUG -    模型: deepseek-ai/DeepSeek-V3
2025-12-10 10:45:12 - ai_model - DEBUG -    Base URL: https://api.siliconflow.cn/v1
2025-12-10 10:45:12 - ai_model - DEBUG -    API Key: sk-gsaohhwdtofontqfo...rolhikfqmy
2025-12-10 10:49:31 - ai_model - DEBUG - ✅ AI模型初始化完成
2025-12-10 10:49:31 - ai_model - DEBUG -    模型: deepseek-ai/DeepSeek-V3
2025-12-10 10:49:31 - ai_model - DEBUG -    Base URL: https://api.siliconflow.cn/v1
2025-12-10 10:49:31 - ai_model - DEBUG -    API Key: sk-gsaohhwdtofontqfo...rolhikfqmy
2025-12-10 10:49:34 - ai_model - DEBUG - ✅ AI模型初始化完成
2025-12-10 10:49:34 - ai_model - DEBUG -    模型: deepseek-ai/DeepSeek-V3
2025-12-10 10:49:34 - ai_model - DEBUG -    Base URL: https://api.siliconflow.cn/v1
2025-12-10 10:49:34 - ai_model - DEBUG -    API Key: sk-gsaohhwdtofontqfo...rolhikfqmy
2025-12-10 10:49:37 - ai_model - DEBUG - ✅ AI模型初始化完成
2025-12-10 10:49:37 - ai_model - DEBUG -    模型: deepseek-ai/DeepSeek-V3
2025-12-10 10:49:37 - ai_model - DEBUG -    Base URL: https://api.siliconflow.cn/v1
2025-12-10 10:49:37 - ai_model - DEBUG -    API Key: sk-gsaohhwdtofontqfo...rolhikfqmy
2025-12-10 10:49:38 - ai_model - DEBUG - ✅ AI模型初始化完成
2025-12-10 10:49:38 - ai_model - DEBUG -    模型: deepseek-ai/DeepSeek-V3
2025-12-10 10:49:38 - ai_model - DEBUG -    Base URL: https://api.siliconflow.cn/v1
2025-12-10 10:49:38 - ai_model - DEBUG -    API Key: sk-gsaohhwdtofontqfo...rolhikfqmy
2025-12-10 10:54:07 - ai_model - DEBUG - ✅ AI模型初始化完成
2025-12-10 10:54:07 - ai_model - DEBUG -    模型: deepseek-ai/DeepSeek-V3
2025-12-10 10:54:07 - ai_model - DEBUG -    Base URL: https://api.siliconflow.cn/v1
2025-12-10 10:54:07 - ai_model - DEBUG -    API Key: sk-gsaohhwdtofontqfo...rolhikfqmy
2025-12-10 10:54:10 - ai_model - DEBUG - ✅ AI模型初始化完成
2025-12-10 10:54:10 - ai_model - DEBUG -    模型: deepseek-ai/DeepSeek-V3
2025-12-10 10:54:10 - ai_model - DEBUG -    Base URL: https://api.siliconflow.cn/v1
2025-12-10 10:54:10 - ai_model - DEBUG -    API Key: sk-gsaohhwdtofontqfo...rolhikfqmy
2025-12-10 10:54:12 - ai_model - DEBUG - ✅ AI模型初始化完成
2025-12-10 10:54:12 - ai_model - DEBUG -    模型: deepseek-ai/DeepSeek-V3
2025-12-10 10:54:12 - ai_model - DEBUG -    Base URL: https://api.siliconflow.cn/v1
2025-12-10 10:54:12 - ai_model - DEBUG -    API Key: sk-gsaohhwdtofontqfo...rolhikfqmy
2025-12-10 10:54:13 - ai_model - DEBUG - ✅ AI模型初始化完成
2025-12-10 10:54:13 - ai_model - DEBUG -    模型: deepseek-ai/DeepSeek-V3
2025-12-10 10:54:13 - ai_model - DEBUG -    Base URL: https://api.siliconflow.cn/v1
2025-12-10 10:54:13 - ai_model - DEBUG -    API Key: sk-gsaohhwdtofontqfo...rolhikfqmy
2025-12-10 10:56:18 - ai_model - DEBUG - ✅ AI模型初始化完成
2025-12-10 10:56:18 - ai_model - DEBUG -    模型: deepseek-ai/DeepSeek-V3
2025-12-10 10:56:18 - ai_model - DEBUG -    Base URL: https://api.siliconflow.cn/v1
2025-12-10 10:56:18 - ai_model - DEBUG -    API Key: sk-gsaohhwdtofontqfo...rolhikfqmy
2025-12-10 10:56:20 - ai_model - DEBUG - ✅ AI模型初始化完成
2025-12-10 10:56:20 - ai_model - DEBUG -    模型: deepseek-ai/DeepSeek-V3
2025-12-10 10:56:20 - ai_model - DEBUG -    Base URL: https://api.siliconflow.cn/v1
2025-12-10 10:56:20 - ai_model - DEBUG -    API Key: sk-gsaohhwdtofontqfo...rolhikfqmy
2025-12-10 10:56:23 - ai_model - DEBUG - ✅ AI模型初始化完成
2025-12-10 10:56:23 - ai_model - DEBUG -    模型: deepseek-ai/DeepSeek-V3
2025-12-10 10:56:23 - ai_model - DEBUG -    Base URL: https://api.siliconflow.cn/v1
2025-12-10 10:56:23 - ai_model - DEBUG -    API Key: sk-gsaohhwdtofontqfo...rolhikfqmy
2025-12-10 10:56:23 - ai_model - DEBUG - ✅ AI模型初始化完成
2025-12-10 10:56:23 - ai_model - DEBUG -    模型: deepseek-ai/DeepSeek-V3
2025-12-10 10:56:23 - ai_model - DEBUG -    Base URL: https://api.siliconflow.cn/v1
2025-12-10 10:56:23 - ai_model - DEBUG -    API Key: sk-gsaohhwdtofontqfo...rolhikfqmy
2025-12-10 10:56:37 - ai_model - DEBUG - ✅ AI模型初始化完成
2025-12-10 10:56:37 - ai_model - DEBUG -    模型: deepseek-ai/DeepSeek-V3
2025-12-10 10:56:37 - ai_model - DEBUG -    Base URL: https://api.siliconflow.cn/v1
2025-12-10 10:56:37 - ai_model - DEBUG -    API Key: sk-gsaohhwdtofontqfo...rolhikfqmy
2025-12-10 10:56:41 - ai_model - DEBUG - ✅ AI模型初始化完成
2025-12-10 10:56:41 - ai_model - DEBUG -    模型: deepseek-ai/DeepSeek-V3
2025-12-10 10:56:41 - ai_model - DEBUG -    Base URL: https://api.siliconflow.cn/v1
2025-12-10 10:56:41 - ai_model - DEBUG -    API Key: sk-gsaohhwdtofontqfo...rolhikfqmy
2025-12-10 10:56:47 - ai_model - DEBUG - ✅ AI模型初始化完成
2025-12-10 10:56:47 - ai_model - DEBUG -    模型: deepseek-ai/DeepSeek-V3
2025-12-10 10:56:47 - ai_model - DEBUG -    Base URL: https://api.siliconflow.cn/v1
2025-12-10 10:56:47 - ai_model - DEBUG -    API Key: sk-gsaohhwdtofontqfo...rolhikfqmy
2025-12-10 10:56:48 - ai_model - DEBUG - ✅ AI模型初始化完成
2025-12-10 10:56:48 - ai_model - DEBUG -    模型: deepseek-ai/DeepSeek-V3
2025-12-10 10:56:48 - ai_model - DEBUG -    Base URL: https://api.siliconflow.cn/v1
2025-12-10 10:56:48 - ai_model - DEBUG -    API Key: sk-gsaohhwdtofontqfo...rolhikfqmy
2025-12-10 10:59:32 - ai_model - DEBUG - ✅ AI模型初始化完成
2025-12-10 10:59:32 - ai_model - DEBUG -    模型: deepseek-ai/DeepSeek-V3
2025-12-10 10:59:32 - ai_model - DEBUG -    Base URL: https://api.siliconflow.cn/v1
2025-12-10 10:59:32 - ai_model - DEBUG -    API Key: sk-gsaohhwdtofontqfo...rolhikfqmy
2025-12-10 10:59:36 - ai_model - DEBUG - ✅ AI模型初始化完成
2025-12-10 10:59:36 - ai_model - DEBUG -    模型: deepseek-ai/DeepSeek-V3
2025-12-10 10:59:36 - ai_model - DEBUG -    Base URL: https://api.siliconflow.cn/v1
2025-12-10 10:59:36 - ai_model - DEBUG -    API Key: sk-gsaohhwdtofontqfo...rolhikfqmy
2025-12-10 10:59:38 - ai_model - DEBUG - ✅ AI模型初始化完成
2025-12-10 10:59:38 - ai_model - DEBUG -    模型: deepseek-ai/DeepSeek-V3
2025-12-10 10:59:38 - ai_model - DEBUG -    Base URL: https://api.siliconflow.cn/v1
2025-12-10 10:59:38 - ai_model - DEBUG -    API Key: sk-gsaohhwdtofontqfo...rolhikfqmy
2025-12-10 10:59:39 - ai_model - DEBUG - ✅ AI模型初始化完成
2025-12-10 10:59:39 - ai_model - DEBUG -    模型: deepseek-ai/DeepSeek-V3
2025-12-10 10:59:39 - ai_model - DEBUG -    Base URL: https://api.siliconflow.cn/v1
2025-12-10 10:59:39 - ai_model - DEBUG -    API Key: sk-gsaohhwdtofontqfo...rolhikfqmy
2025-12-10 11:00:14 - ai_model - DEBUG - ✅ AI模型初始化完成
2025-12-10 11:00:14 - ai_model - DEBUG -    模型: deepseek-ai/DeepSeek-V3
2025-12-10 11:00:14 - ai_model - DEBUG -    Base URL: https://api.siliconflow.cn/v1
2025-12-10 11:00:14 - ai_model - DEBUG -    API Key: sk-gsaohhwdtofontqfo...rolhikfqmy
2025-12-10 11:00:16 - ai_model - DEBUG - ✅ AI模型初始化完成
2025-12-10 11:00:16 - ai_model - DEBUG -    模型: deepseek-ai/DeepSeek-V3
2025-12-10 11:00:16 - ai_model - DEBUG -    Base URL: https://api.siliconflow.cn/v1
2025-12-10 11:00:16 - ai_model - DEBUG -    API Key: sk-gsaohhwdtofontqfo...rolhikfqmy
2025-12-10 11:00:19 - ai_model - DEBUG - ✅ AI模型初始化完成
2025-12-10 11:00:19 - ai_model - DEBUG -    模型: deepseek-ai/DeepSeek-V3
2025-12-10 11:00:19 - ai_model - DEBUG -    Base URL: https://api.siliconflow.cn/v1
2025-12-10 11:00:19 - ai_model - DEBUG -    API Key: sk-gsaohhwdtofontqfo...rolhikfqmy
2025-12-10 11:00:20 - ai_model - DEBUG - ✅ AI模型初始化完成
2025-12-10 11:00:20 - ai_model - DEBUG -    模型: deepseek-ai/DeepSeek-V3
2025-12-10 11:00:20 - ai_model - DEBUG -    Base URL: https://api.siliconflow.cn/v1
2025-12-10 11:00:20 - ai_model - DEBUG -    API Key: sk-gsaohhwdtofontqfo...rolhikfqmy
2025-12-10 11:00:29 - ai_model - DEBUG - ✅ AI模型初始化完成
2025-12-10 11:00:29 - ai_model - DEBUG -    模型: deepseek-ai/DeepSeek-V3
2025-12-10 11:00:29 - ai_model - DEBUG -    Base URL: https://api.siliconflow.cn/v1
2025-12-10 11:00:29 - ai_model - DEBUG -    API Key: sk-gsaohhwdtofontqfo...rolhikfqmy
2025-12-10 11:00:30 - ai_model - DEBUG - ✅ AI模型初始化完成
2025-12-10 11:00:30 - ai_model - DEBUG -    模型: deepseek-ai/DeepSeek-V3
2025-12-10 11:00:30 - ai_model - DEBUG -    Base URL: https://api.siliconflow.cn/v1
2025-12-10 11:00:30 - ai_model - DEBUG -    API Key: sk-gsaohhwdtofontqfo...rolhikfqmy
2025-12-10 11:00:41 - ai_model - DEBUG - ✅ AI模型初始化完成
2025-12-10 11:00:41 - ai_model - DEBUG -    模型: deepseek-ai/DeepSeek-V3
2025-12-10 11:00:41 - ai_model - DEBUG -    Base URL: https://api.siliconflow.cn/v1
2025-12-10 11:00:41 - ai_model - DEBUG -    API Key: sk-gsaohhwdtofontqfo...rolhikfqmy
2025-12-10 11:00:42 - ai_model - DEBUG - ✅ AI模型初始化完成
2025-12-10 11:00:42 - ai_model - DEBUG -    模型: deepseek-ai/DeepSeek-V3
2025-12-10 11:00:42 - ai_model - DEBUG -    Base URL: https://api.siliconflow.cn/v1
2025-12-10 11:00:42 - ai_model - DEBUG -    API Key: sk-gsaohhwdtofontqfo...rolhikfqmy
2025-12-10 11:11:39 - ai_model - DEBUG - ✅ AI模型初始化完成
2025-12-10 11:11:39 - ai_model - DEBUG -    模型: deepseek-ai/DeepSeek-V3
2025-12-10 11:11:39 - ai_model - DEBUG -    Base URL: https://api.siliconflow.cn/v1
2025-12-10 11:11:39 - ai_model - DEBUG -    API Key: sk-gsaohhwdtofontqfo...rolhikfqmy
2025-12-10 11:11:41 - ai_model - DEBUG - ✅ AI模型初始化完成
2025-12-10 11:11:41 - ai_model - DEBUG -    模型: deepseek-ai/DeepSeek-V3
2025-12-10 11:11:41 - ai_model - DEBUG -    Base URL: https://api.siliconflow.cn/v1
2025-12-10 11:11:41 - ai_model - DEBUG -    API Key: sk-gsaohhwdtofontqfo...rolhikfqmy
2025-12-10 11:11:47 - ai_model - DEBUG - ✅ AI模型初始化完成
2025-12-10 11:11:47 - ai_model - DEBUG -    模型: deepseek-ai/DeepSeek-V3
2025-12-10 11:11:47 - ai_model - DEBUG -    Base URL: https://api.siliconflow.cn/v1
2025-12-10 11:11:47 - ai_model - DEBUG -    API Key: sk-gsaohhwdtofontqfo...rolhikfqmy
2025-12-10 11:11:48 - ai_model - DEBUG - ✅ AI模型初始化完成
2025-12-10 11:11:48 - ai_model - DEBUG -    模型: deepseek-ai/DeepSeek-V3
2025-12-10 11:11:48 - ai_model - DEBUG -    Base URL: https://api.siliconflow.cn/v1
2025-12-10 11:11:48 - ai_model - DEBUG -    API Key: sk-gsaohhwdtofontqfo...rolhikfqmy
2025-12-10 11:11:54 - ai_model - DEBUG - ✅ AI模型初始化完成
2025-12-10 11:11:54 - ai_model - DEBUG -    模型: deepseek-ai/DeepSeek-V3
2025-12-10 11:11:54 - ai_model - DEBUG -    Base URL: https://api.siliconflow.cn/v1
2025-12-10 11:11:54 - ai_model - DEBUG -    API Key: sk-gsaohhwdtofontqfo...rolhikfqmy
2025-12-10 11:11:56 - ai_model - DEBUG - ✅ AI模型初始化完成
2025-12-10 11:11:56 - ai_model - DEBUG -    模型: deepseek-ai/DeepSeek-V3
2025-12-10 11:11:56 - ai_model - DEBUG -    Base URL: https://api.siliconflow.cn/v1
2025-12-10 11:11:56 - ai_model - DEBUG -    API Key: sk-gsaohhwdtofontqfo...rolhikfqmy
2025-12-10 11:12:10 - ai_model - DEBUG - ✅ AI模型初始化完成
2025-12-10 11:12:10 - ai_model - DEBUG -    模型: deepseek-ai/DeepSeek-V3
2025-12-10 11:12:10 - ai_model - DEBUG -    Base URL: https://api.siliconflow.cn/v1
2025-12-10 11:12:10 - ai_model - DEBUG -    API Key: sk-gsaohhwdtofontqfo...rolhikfqmy
2025-12-10 11:12:10 - ai_model - DEBUG - ✅ AI模型初始化完成
2025-12-10 11:12:10 - ai_model - DEBUG -    模型: deepseek-ai/DeepSeek-V3
2025-12-10 11:12:10 - ai_model - DEBUG -    Base URL: https://api.siliconflow.cn/v1
2025-12-10 11:12:10 - ai_model - DEBUG -    API Key: sk-gsaohhwdtofontqfo...rolhikfqmy
2025-12-10 11:14:08 - ai_model - DEBUG - ✅ AI模型初始化完成
2025-12-10 11:14:08 - ai_model - DEBUG -    模型: deepseek-ai/DeepSeek-V3
2025-12-10 11:14:08 - ai_model - DEBUG -    Base URL: https://api.siliconflow.cn/v1
2025-12-10 11:14:08 - ai_model - DEBUG -    API Key: sk-gsaohhwdtofontqfo...rolhikfqmy
2025-12-10 11:14:11 - ai_model - DEBUG - ✅ AI模型初始化完成
2025-12-10 11:14:11 - ai_model - DEBUG -    模型: deepseek-ai/DeepSeek-V3
2025-12-10 11:14:11 - ai_model - DEBUG -    Base URL: https://api.siliconflow.cn/v1
2025-12-10 11:14:11 - ai_model - DEBUG -    API Key: sk-gsaohhwdtofontqfo...rolhikfqmy
2025-12-10 11:14:16 - ai_model - DEBUG - ✅ AI模型初始化完成
2025-12-10 11:14:16 - ai_model - DEBUG -    模型: deepseek-ai/DeepSeek-V3
2025-12-10 11:14:16 - ai_model - DEBUG -    Base URL: https://api.siliconflow.cn/v1
2025-12-10 11:14:16 - ai_model - DEBUG -    API Key: sk-gsaohhwdtofontqfo...rolhikfqmy
2025-12-10 11:14:16 - ai_model - DEBUG - ✅ AI模型初始化完成
2025-12-10 11:14:16 - ai_model - DEBUG -    模型: deepseek-ai/DeepSeek-V3
2025-12-10 11:14:16 - ai_model - DEBUG -    Base URL: https://api.siliconflow.cn/v1
2025-12-10 11:14:16 - ai_model - DEBUG -    API Key: sk-gsaohhwdtofontqfo...rolhikfqmy
2025-12-10 11:14:57 - ai_model - DEBUG - ✅ AI模型初始化完成
2025-12-10 11:14:57 - ai_model - DEBUG -    模型: deepseek-ai/DeepSeek-V3
2025-12-10 11:14:57 - ai_model - DEBUG -    Base URL: https://api.siliconflow.cn/v1
2025-12-10 11:14:57 - ai_model - DEBUG -    API Key: sk-gsaohhwdtofontqfo...rolhikfqmy
2025-12-10 11:15:02 - ai_model - DEBUG - ✅ AI模型初始化完成
2025-12-10 11:15:02 - ai_model - DEBUG -    模型: deepseek-ai/DeepSeek-V3
2025-12-10 11:15:02 - ai_model - DEBUG -    Base URL: https://api.siliconflow.cn/v1
2025-12-10 11:15:02 - ai_model - DEBUG -    API Key: sk-gsaohhwdtofontqfo...rolhikfqmy
2025-12-10 11:15:07 - ai_model - DEBUG - ✅ AI模型初始化完成
2025-12-10 11:15:07 - ai_model - DEBUG -    模型: deepseek-ai/DeepSeek-V3
2025-12-10 11:15:07 - ai_model - DEBUG -    Base URL: https://api.siliconflow.cn/v1
2025-12-10 11:15:07 - ai_model - DEBUG -    API Key: sk-gsaohhwdtofontqfo...rolhikfqmy
2025-12-10 11:15:07 - ai_model - DEBUG - ✅ AI模型初始化完成
2025-12-10 11:15:07 - ai_model - DEBUG -    模型: deepseek-ai/DeepSeek-V3
2025-12-10 11:15:07 - ai_model - DEBUG -    Base URL: https://api.siliconflow.cn/v1
2025-12-10 11:15:07 - ai_model - DEBUG -    API Key: sk-gsaohhwdtofontqfo...rolhikfqmy
2025-12-10 11:16:34 - ai_model - DEBUG - ✅ AI模型初始化完成
2025-12-10 11:16:34 - ai_model - DEBUG -    模型: deepseek-ai/DeepSeek-V3
2025-12-10 11:16:34 - ai_model - DEBUG -    Base URL: https://api.siliconflow.cn/v1
2025-12-10 11:16:34 - ai_model - DEBUG -    API Key: sk-gsaohhwdtofontqfo...rolhikfqmy
2025-12-10 11:16:38 - ai_model - DEBUG - ✅ AI模型初始化完成
2025-12-10 11:16:38 - ai_model - DEBUG -    模型: deepseek-ai/DeepSeek-V3
2025-12-10 11:16:38 - ai_model - DEBUG -    Base URL: https://api.siliconflow.cn/v1
2025-12-10 11:16:38 - ai_model - DEBUG -    API Key: sk-gsaohhwdtofontqfo...rolhikfqmy
2025-12-10 11:16:43 - ai_model - DEBUG - ✅ AI模型初始化完成
2025-12-10 11:16:43 - ai_model - DEBUG -    模型: deepseek-ai/DeepSeek-V3
2025-12-10 11:16:43 - ai_model - DEBUG -    Base URL: https://api.siliconflow.cn/v1
2025-12-10 11:16:43 - ai_model - DEBUG -    API Key: sk-gsaohhwdtofontqfo...rolhikfqmy
2025-12-10 11:16:43 - ai_model - DEBUG - ✅ AI模型初始化完成
2025-12-10 11:16:43 - ai_model - DEBUG -    模型: deepseek-ai/DeepSeek-V3
2025-12-10 11:16:43 - ai_model - DEBUG -    Base URL: https://api.siliconflow.cn/v1
2025-12-10 11:16:43 - ai_model - DEBUG -    API Key: sk-gsaohhwdtofontqfo...rolhikfqmy
2025-12-10 14:42:27 - ai_model - DEBUG - ✅ AI模型初始化完成
2025-12-10 14:42:27 - ai_model - DEBUG -    模型: deepseek-ai/DeepSeek-V3
2025-12-10 14:42:27 - ai_model - DEBUG -    Base URL: https://api.siliconflow.cn/v1
2025-12-10 14:42:27 - ai_model - DEBUG -    API Key: sk-gsaohhwdtofontqfo...rolhikfqmy
2025-12-10 14:42:29 - ai_model - DEBUG - ✅ AI模型初始化完成
2025-12-10 14:42:29 - ai_model - DEBUG -    模型: deepseek-ai/DeepSeek-V3
2025-12-10 14:42:29 - ai_model - DEBUG -    Base URL: https://api.siliconflow.cn/v1
2025-12-10 14:42:29 - ai_model - DEBUG -    API Key: sk-gsaohhwdtofontqfo...rolhikfqmy
2025-12-10 14:42:32 - ai_model - DEBUG - ✅ AI模型初始化完成
2025-12-10 14:42:32 - ai_model - DEBUG -    模型: deepseek-ai/DeepSeek-V3
2025-12-10 14:42:32 - ai_model - DEBUG -    Base URL: https://api.siliconflow.cn/v1
2025-12-10 14:42:32 - ai_model - DEBUG -    API Key: sk-gsaohhwdtofontqfo...rolhikfqmy
2025-12-10 14:42:32 - ai_model - DEBUG - ✅ AI模型初始化完成
2025-12-10 14:42:32 - ai_model - DEBUG -    模型: deepseek-ai/DeepSeek-V3
2025-12-10 14:42:32 - ai_model - DEBUG -    Base URL: https://api.siliconflow.cn/v1
2025-12-10 14:42:32 - ai_model - DEBUG -    API Key: sk-gsaohhwdtofontqfo...rolhikfqmy
2025-12-10 14:42:51 - ai_model - DEBUG - ✅ AI模型初始化完成
2025-12-10 14:42:51 - ai_model - DEBUG -    模型: deepseek-ai/DeepSeek-V3
2025-12-10 14:42:51 - ai_model - DEBUG -    Base URL: https://api.siliconflow.cn/v1
2025-12-10 14:42:51 - ai_model - DEBUG -    API Key: sk-gsaohhwdtofontqfo...rolhikfqmy
2025-12-10 14:42:54 - ai_model - DEBUG - ✅ AI模型初始化完成
2025-12-10 14:42:54 - ai_model - DEBUG -    模型: deepseek-ai/DeepSeek-V3
2025-12-10 14:42:54 - ai_model - DEBUG -    Base URL: https://api.siliconflow.cn/v1
2025-12-10 14:42:54 - ai_model - DEBUG -    API Key: sk-gsaohhwdtofontqfo...rolhikfqmy
2025-12-10 14:42:59 - ai_model - DEBUG - ✅ AI模型初始化完成
2025-12-10 14:42:59 - ai_model - DEBUG -    模型: deepseek-ai/DeepSeek-V3
2025-12-10 14:42:59 - ai_model - DEBUG -    Base URL: https://api.siliconflow.cn/v1
2025-12-10 14:42:59 - ai_model - DEBUG -    API Key: sk-gsaohhwdtofontqfo...rolhikfqmy
2025-12-10 14:43:02 - ai_model - DEBUG - ✅ AI模型初始化完成
2025-12-10 14:43:02 - ai_model - DEBUG -    模型: deepseek-ai/DeepSeek-V3
2025-12-10 14:43:02 - ai_model - DEBUG -    Base URL: https://api.siliconflow.cn/v1
2025-12-10 14:43:02 - ai_model - DEBUG -    API Key: sk-gsaohhwdtofontqfo...rolhikfqmy
2025-12-10 14:43:02 - ai_model - DEBUG - ✅ AI模型初始化完成
2025-12-10 14:43:02 - ai_model - DEBUG -    模型: deepseek-ai/DeepSeek-V3
2025-12-10 14:43:02 - ai_model - DEBUG -    Base URL: https://api.siliconflow.cn/v1
2025-12-10 14:43:02 - ai_model - DEBUG -    API Key: sk-gsaohhwdtofontqfo...rolhikfqmy
2025-12-10 14:44:09 - ai_model - DEBUG - ✅ AI模型初始化完成
2025-12-10 14:44:09 - ai_model - DEBUG -    模型: deepseek-ai/DeepSeek-V3
2025-12-10 14:44:09 - ai_model - DEBUG -    Base URL: https://api.siliconflow.cn/v1
2025-12-10 14:44:09 - ai_model - DEBUG -    API Key: sk-gsaohhwdtofontqfo...rolhikfqmy
2025-12-10 14:44:11 - ai_model - DEBUG - ✅ AI模型初始化完成
2025-12-10 14:44:11 - ai_model - DEBUG -    模型: deepseek-ai/DeepSeek-V3
2025-12-10 14:44:11 - ai_model - DEBUG -    Base URL: https://api.siliconflow.cn/v1
2025-12-10 14:44:11 - ai_model - DEBUG -    API Key: sk-gsaohhwdtofontqfo...rolhikfqmy
2025-12-10 14:44:16 - ai_model - DEBUG - ✅ AI模型初始化完成
2025-12-10 14:44:16 - ai_model - DEBUG -    模型: deepseek-ai/DeepSeek-V3
2025-12-10 14:44:16 - ai_model - DEBUG -    Base URL: https://api.siliconflow.cn/v1
2025-12-10 14:44:16 - ai_model - DEBUG -    API Key: sk-gsaohhwdtofontqfo...rolhikfqmy
2025-12-10 14:44:33 - ai_model - DEBUG - ✅ AI模型初始化完成
2025-12-10 14:44:33 - ai_model - DEBUG -    模型: deepseek-ai/DeepSeek-V3
2025-12-10 14:44:33 - ai_model - DEBUG -    Base URL: https://api.siliconflow.cn/v1
2025-12-10 14:44:33 - ai_model - DEBUG -    API Key: sk-gsaohhwdtofontqfo...rolhikfqmy
2025-12-10 14:44:33 - ai_model - DEBUG - ✅ AI模型初始化完成
2025-12-10 14:44:33 - ai_model - DEBUG -    模型: deepseek-ai/DeepSeek-V3
2025-12-10 14:44:33 - ai_model - DEBUG -    Base URL: https://api.siliconflow.cn/v1
2025-12-10 14:44:33 - ai_model - DEBUG -    API Key: sk-gsaohhwdtofontqfo...rolhikfqmy
2025-12-10 14:50:25 - ai_model - DEBUG - ✅ AI模型初始化完成
2025-12-10 14:50:25 - ai_model - DEBUG -    模型: deepseek-ai/DeepSeek-V3
2025-12-10 14:50:25 - ai_model - DEBUG -    Base URL: https://api.siliconflow.cn/v1
2025-12-10 14:50:25 - ai_model - DEBUG -    API Key: sk-gsaohhwdtofontqfo...rolhikfqmy
2025-12-10 14:50:27 - ai_model - DEBUG - ✅ AI模型初始化完成
2025-12-10 14:50:27 - ai_model - DEBUG -    模型: deepseek-ai/DeepSeek-V3
2025-12-10 14:50:27 - ai_model - DEBUG -    Base URL: https://api.siliconflow.cn/v1
2025-12-10 14:50:27 - ai_model - DEBUG -    API Key: sk-gsaohhwdtofontqfo...rolhikfqmy
2025-12-10 14:50:36 - ai_model - DEBUG - ✅ AI模型初始化完成
2025-12-10 14:50:36 - ai_model - DEBUG -    模型: deepseek-ai/DeepSeek-V3
2025-12-10 14:50:36 - ai_model - DEBUG -    Base URL: https://api.siliconflow.cn/v1
2025-12-10 14:50:36 - ai_model - DEBUG -    API Key: sk-gsaohhwdtofontqfo...rolhikfqmy
2025-12-10 14:50:43 - ai_model - DEBUG - ✅ AI模型初始化完成
2025-12-10 14:50:43 - ai_model - DEBUG -    模型: deepseek-ai/DeepSeek-V3
2025-12-10 14:50:43 - ai_model - DEBUG -    Base URL: https://api.siliconflow.cn/v1
2025-12-10 14:50:43 - ai_model - DEBUG -    API Key: sk-gsaohhwdtofontqfo...rolhikfqmy
2025-12-10 14:50:43 - ai_model - DEBUG - ✅ AI模型初始化完成
2025-12-10 14:50:43 - ai_model - DEBUG -    模型: deepseek-ai/DeepSeek-V3
2025-12-10 14:50:43 - ai_model - DEBUG -    Base URL: https://api.siliconflow.cn/v1
2025-12-10 14:50:43 - ai_model - DEBUG -    API Key: sk-gsaohhwdtofontqfo...rolhikfqmy
2025-12-10 15:00:34 - ai_model - DEBUG - ✅ AI模型初始化完成
2025-12-10 15:00:34 - ai_model - DEBUG -    模型: deepseek-ai/DeepSeek-V3
2025-12-10 15:00:34 - ai_model - DEBUG -    Base URL: https://api.siliconflow.cn/v1
2025-12-10 15:00:34 - ai_model - DEBUG -    API Key: sk-gsaohhwdtofontqfo...rolhikfqmy
2025-12-10 15:00:37 - ai_model - DEBUG - ✅ AI模型初始化完成
2025-12-10 15:00:37 - ai_model - DEBUG -    模型: deepseek-ai/DeepSeek-V3
2025-12-10 15:00:37 - ai_model - DEBUG -    Base URL: https://api.siliconflow.cn/v1
2025-12-10 15:00:37 - ai_model - DEBUG -    API Key: sk-gsaohhwdtofontqfo...rolhikfqmy
2025-12-10 15:01:08 - ai_model - DEBUG - ✅ AI模型初始化完成
2025-12-10 15:01:08 - ai_model - DEBUG -    模型: deepseek-ai/DeepSeek-V3
2025-12-10 15:01:08 - ai_model - DEBUG -    Base URL: https://api.siliconflow.cn/v1
2025-12-10 15:01:08 - ai_model - DEBUG -    API Key: sk-gsaohhwdtofontqfo...rolhikfqmy
2025-12-10 15:01:26 - ai_model - DEBUG - ✅ AI模型初始化完成
2025-12-10 15:01:26 - ai_model - DEBUG -    模型: deepseek-ai/DeepSeek-V3
2025-12-10 15:01:26 - ai_model - DEBUG -    Base URL: https://api.siliconflow.cn/v1
2025-12-10 15:01:26 - ai_model - DEBUG -    API Key: sk-gsaohhwdtofontqfo...rolhikfqmy
2025-12-10 15:01:26 - ai_model - DEBUG - ✅ AI模型初始化完成
2025-12-10 15:01:26 - ai_model - DEBUG -    模型: deepseek-ai/DeepSeek-V3
2025-12-10 15:01:26 - ai_model - DEBUG -    Base URL: https://api.siliconflow.cn/v1
2025-12-10 15:01:26 - ai_model - DEBUG -    API Key: sk-gsaohhwdtofontqfo...rolhikfqmy
2025-12-10 15:04:52 - ai_model - DEBUG - ✅ AI模型初始化完成
2025-12-10 15:04:52 - ai_model - DEBUG -    模型: deepseek-ai/DeepSeek-V3
2025-12-10 15:04:52 - ai_model - DEBUG -    Base URL: https://api.siliconflow.cn/v1
2025-12-10 15:04:52 - ai_model - DEBUG -    API Key: sk-gsaohhwdtofontqfo...rolhikfqmy
2025-12-10 15:04:56 - ai_model - DEBUG - ✅ AI模型初始化完成
2025-12-10 15:04:56 - ai_model - DEBUG -    模型: deepseek-ai/DeepSeek-V3
2025-12-10 15:04:56 - ai_model - DEBUG -    Base URL: https://api.siliconflow.cn/v1
2025-12-10 15:04:56 - ai_model - DEBUG -    API Key: sk-gsaohhwdtofontqfo...rolhikfqmy
2025-12-10 15:05:01 - ai_model - DEBUG - ✅ AI模型初始化完成
2025-12-10 15:05:01 - ai_model - DEBUG -    模型: deepseek-ai/DeepSeek-V3
2025-12-10 15:05:01 - ai_model - DEBUG -    Base URL: https://api.siliconflow.cn/v1
2025-12-10 15:05:01 - ai_model - DEBUG -    API Key: sk-gsaohhwdtofontqfo...rolhikfqmy
2025-12-10 15:05:16 - ai_model - DEBUG - ✅ AI模型初始化完成
2025-12-10 15:05:16 - ai_model - DEBUG -    模型: deepseek-ai/DeepSeek-V3
2025-12-10 15:05:16 - ai_model - DEBUG -    Base URL: https://api.siliconflow.cn/v1
2025-12-10 15:05:16 - ai_model - DEBUG -    API Key: sk-gsaohhwdtofontqfo...rolhikfqmy
2025-12-10 15:05:16 - ai_model - DEBUG - ✅ AI模型初始化完成
2025-12-10 15:05:16 - ai_model - DEBUG -    模型: deepseek-ai/DeepSeek-V3
2025-12-10 15:05:16 - ai_model - DEBUG -    Base URL: https://api.siliconflow.cn/v1
2025-12-10 15:05:16 - ai_model - DEBUG -    API Key: sk-gsaohhwdtofontqfo...rolhikfqmy
2025-12-10 15:06:26 - ai_model - DEBUG - ✅ AI模型初始化完成
2025-12-10 15:06:26 - ai_model - DEBUG -    模型: deepseek-ai/DeepSeek-V3
2025-12-10 15:06:26 - ai_model - DEBUG -    Base URL: https://api.siliconflow.cn/v1
2025-12-10 15:06:26 - ai_model - DEBUG -    API Key: sk-gsaohhwdtofontqfo...rolhikfqmy
2025-12-10 15:06:37 - ai_model - DEBUG - ✅ AI模型初始化完成
2025-12-10 15:06:37 - ai_model - DEBUG -    模型: deepseek-ai/DeepSeek-V3
2025-12-10 15:06:37 - ai_model - DEBUG -    Base URL: https://api.siliconflow.cn/v1
2025-12-10 15:06:37 - ai_model - DEBUG -    API Key: sk-gsaohhwdtofontqfo...rolhikfqmy
2025-12-10 15:06:43 - ai_model - DEBUG - ✅ AI模型初始化完成
2025-12-10 15:06:43 - ai_model - DEBUG -    模型: deepseek-ai/DeepSeek-V3
2025-12-10 15:06:43 - ai_model - DEBUG -    Base URL: https://api.siliconflow.cn/v1
2025-12-10 15:06:43 - ai_model - DEBUG -    API Key: sk-gsaohhwdtofontqfo...rolhikfqmy
2025-12-10 15:06:44 - ai_model - DEBUG - ✅ AI模型初始化完成
2025-12-10 15:06:44 - ai_model - DEBUG -    模型: deepseek-ai/DeepSeek-V3
2025-12-10 15:06:44 - ai_model - DEBUG -    Base URL: https://api.siliconflow.cn/v1
2025-12-10 15:06:44 - ai_model - DEBUG -    API Key: sk-gsaohhwdtofontqfo...rolhikfqmy
2025-12-10 15:07:17 - ai_model - DEBUG - ✅ AI模型初始化完成
2025-12-10 15:07:17 - ai_model - DEBUG -    模型: deepseek-ai/DeepSeek-V3
2025-12-10 15:07:17 - ai_model - DEBUG -    Base URL: https://api.siliconflow.cn/v1
2025-12-10 15:07:17 - ai_model - DEBUG -    API Key: sk-gsaohhwdtofontqfo...rolhikfqmy
2025-12-10 15:07:20 - ai_model - DEBUG - ✅ AI模型初始化完成
2025-12-10 15:07:20 - ai_model - DEBUG -    模型: deepseek-ai/DeepSeek-V3
2025-12-10 15:07:20 - ai_model - DEBUG -    Base URL: https://api.siliconflow.cn/v1
2025-12-10 15:07:20 - ai_model - DEBUG -    API Key: sk-gsaohhwdtofontqfo...rolhikfqmy
2025-12-10 15:07:23 - ai_model - DEBUG - ✅ AI模型初始化完成
2025-12-10 15:07:23 - ai_model - DEBUG -    模型: deepseek-ai/DeepSeek-V3
2025-12-10 15:07:23 - ai_model - DEBUG -    Base URL: https://api.siliconflow.cn/v1
2025-12-10 15:07:23 - ai_model - DEBUG -    API Key: sk-gsaohhwdtofontqfo...rolhikfqmy
2025-12-10 15:07:23 - ai_model - DEBUG - ✅ AI模型初始化完成
2025-12-10 15:07:23 - ai_model - DEBUG -    模型: deepseek-ai/DeepSeek-V3
2025-12-10 15:07:23 - ai_model - DEBUG -    Base URL: https://api.siliconflow.cn/v1
2025-12-10 15:07:23 - ai_model - DEBUG -    API Key: sk-gsaohhwdtofontqfo...rolhikfqmy
2025-12-10 15:10:27 - ai_model - DEBUG - ✅ AI模型初始化完成
2025-12-10 15:10:27 - ai_model - DEBUG -    模型: deepseek-ai/DeepSeek-V3
2025-12-10 15:10:27 - ai_model - DEBUG -    Base URL: https://api.siliconflow.cn/v1
2025-12-10 15:10:27 - ai_model - DEBUG -    API Key: sk-gsaohhwdtofontqfo...rolhikfqmy
2025-12-10 15:10:31 - ai_model - DEBUG - ✅ AI模型初始化完成
2025-12-10 15:10:31 - ai_model - DEBUG -    模型: deepseek-ai/DeepSeek-V3
2025-12-10 15:10:31 - ai_model - DEBUG -    Base URL: https://api.siliconflow.cn/v1
2025-12-10 15:10:31 - ai_model - DEBUG -    API Key: sk-gsaohhwdtofontqfo...rolhikfqmy
2025-12-10 15:10:34 - ai_model - DEBUG - ✅ AI模型初始化完成
2025-12-10 15:10:34 - ai_model - DEBUG -    模型: deepseek-ai/DeepSeek-V3
2025-12-10 15:10:34 - ai_model - DEBUG -    Base URL: https://api.siliconflow.cn/v1
2025-12-10 15:10:34 - ai_model - DEBUG -    API Key: sk-gsaohhwdtofontqfo...rolhikfqmy
2025-12-10 15:10:34 - ai_model - DEBUG - ✅ AI模型初始化完成
2025-12-10 15:10:34 - ai_model - DEBUG -    模型: deepseek-ai/DeepSeek-V3
2025-12-10 15:10:34 - ai_model - DEBUG -    Base URL: https://api.siliconflow.cn/v1
2025-12-10 15:10:34 - ai_model - DEBUG -    API Key: sk-gsaohhwdtofontqfo...rolhikfqmy
2025-12-10 15:11:45 - ai_model - DEBUG - ✅ AI模型初始化完成
2025-12-10 15:11:45 - ai_model - DEBUG -    模型: deepseek-ai/DeepSeek-V3
2025-12-10 15:11:45 - ai_model - DEBUG -    Base URL: https://api.siliconflow.cn/v1
2025-12-10 15:11:45 - ai_model - DEBUG -    API Key: sk-gsaohhwdtofontqfo...rolhikfqmy
2025-12-10 15:11:48 - ai_model - DEBUG - ✅ AI模型初始化完成
2025-12-10 15:11:48 - ai_model - DEBUG -    模型: deepseek-ai/DeepSeek-V3
2025-12-10 15:11:48 - ai_model - DEBUG -    Base URL: https://api.siliconflow.cn/v1
2025-12-10 15:11:48 - ai_model - DEBUG -    API Key: sk-gsaohhwdtofontqfo...rolhikfqmy
2025-12-10 15:11:51 - ai_model - DEBUG - ✅ AI模型初始化完成
2025-12-10 15:11:51 - ai_model - DEBUG -    模型: deepseek-ai/DeepSeek-V3
2025-12-10 15:11:51 - ai_model - DEBUG -    Base URL: https://api.siliconflow.cn/v1
2025-12-10 15:11:51 - ai_model - DEBUG -    API Key: sk-gsaohhwdtofontqfo...rolhikfqmy
2025-12-10 15:11:51 - ai_model - DEBUG - ✅ AI模型初始化完成
2025-12-10 15:11:51 - ai_model - DEBUG -    模型: deepseek-ai/DeepSeek-V3
2025-12-10 15:11:51 - ai_model - DEBUG -    Base URL: https://api.siliconflow.cn/v1
2025-12-10 15:11:51 - ai_model - DEBUG -    API Key: sk-gsaohhwdtofontqfo...rolhikfqmy
2025-12-10 15:11:59 - ai_model - DEBUG - ✅ AI模型初始化完成
2025-12-10 15:11:59 - ai_model - DEBUG -    模型: deepseek-ai/DeepSeek-V3
2025-12-10 15:11:59 - ai_model - DEBUG -    Base URL: https://api.siliconflow.cn/v1
2025-12-10 15:11:59 - ai_model - DEBUG -    API Key: sk-gsaohhwdtofontqfo...rolhikfqmy
2025-12-10 15:12:04 - ai_model - DEBUG - ✅ AI模型初始化完成
2025-12-10 15:12:04 - ai_model - DEBUG -    模型: deepseek-ai/DeepSeek-V3
2025-12-10 15:12:04 - ai_model - DEBUG -    Base URL: https://api.siliconflow.cn/v1
2025-12-10 15:12:04 - ai_model - DEBUG -    API Key: sk-gsaohhwdtofontqfo...rolhikfqmy
2025-12-10 15:12:08 - ai_model - DEBUG - ✅ AI模型初始化完成
2025-12-10 15:12:08 - ai_model - DEBUG -    模型: deepseek-ai/DeepSeek-V3
2025-12-10 15:12:08 - ai_model - DEBUG -    Base URL: https://api.siliconflow.cn/v1
2025-12-10 15:12:08 - ai_model - DEBUG -    API Key: sk-gsaohhwdtofontqfo...rolhikfqmy
2025-12-10 15:12:09 - ai_model - DEBUG - ✅ AI模型初始化完成
2025-12-10 15:12:09 - ai_model - DEBUG -    模型: deepseek-ai/DeepSeek-V3
2025-12-10 15:12:09 - ai_model - DEBUG -    Base URL: https://api.siliconflow.cn/v1
2025-12-10 15:12:09 - ai_model - DEBUG -    API Key: sk-gsaohhwdtofontqfo...rolhikfqmy
2025-12-10 15:12:40 - ai_model - DEBUG - ✅ AI模型初始化完成
2025-12-10 15:12:40 - ai_model - DEBUG -    模型: deepseek-ai/DeepSeek-V3
2025-12-10 15:12:40 - ai_model - DEBUG -    Base URL: https://api.siliconflow.cn/v1
2025-12-10 15:12:40 - ai_model - DEBUG -    API Key: sk-gsaohhwdtofontqfo...rolhikfqmy
2025-12-10 15:12:43 - ai_model - DEBUG - ✅ AI模型初始化完成
2025-12-10 15:12:43 - ai_model - DEBUG -    模型: deepseek-ai/DeepSeek-V3
2025-12-10 15:12:43 - ai_model - DEBUG -    Base URL: https://api.siliconflow.cn/v1
2025-12-10 15:12:43 - ai_model - DEBUG -    API Key: sk-gsaohhwdtofontqfo...rolhikfqmy
2025-12-10 15:12:58 - ai_model - DEBUG - ✅ AI模型初始化完成
2025-12-10 15:12:58 - ai_model - DEBUG -    模型: deepseek-ai/DeepSeek-V3
2025-12-10 15:12:58 - ai_model - DEBUG -    Base URL: https://api.siliconflow.cn/v1
2025-12-10 15:12:58 - ai_model - DEBUG -    API Key: sk-gsaohhwdtofontqfo...rolhikfqmy
2025-12-10 15:14:00 - ai_model - DEBUG - ✅ AI模型初始化完成
2025-12-10 15:14:00 - ai_model - DEBUG -    模型: deepseek-ai/DeepSeek-V3
2025-12-10 15:14:00 - ai_model - DEBUG -    Base URL: https://api.siliconflow.cn/v1
2025-12-10 15:14:00 - ai_model - DEBUG -    API Key: sk-gsaohhwdtofontqfo...rolhikfqmy
2025-12-10 15:14:02 - ai_model - DEBUG - ✅ AI模型初始化完成
2025-12-10 15:14:02 - ai_model - DEBUG -    模型: deepseek-ai/DeepSeek-V3
2025-12-10 15:14:02 - ai_model - DEBUG -    Base URL: https://api.siliconflow.cn/v1
2025-12-10 15:14:02 - ai_model - DEBUG -    API Key: sk-gsaohhwdtofontqfo...rolhikfqmy
2025-12-10 15:14:13 - ai_model - DEBUG - ✅ AI模型初始化完成
2025-12-10 15:14:13 - ai_model - DEBUG -    模型: deepseek-ai/DeepSeek-V3
2025-12-10 15:14:13 - ai_model - DEBUG -    Base URL: https://api.siliconflow.cn/v1
2025-12-10 15:14:13 - ai_model - DEBUG -    API Key: sk-gsaohhwdtofontqfo...rolhikfqmy
2025-12-10 15:14:16 - ai_model - DEBUG - ✅ AI模型初始化完成
2025-12-10 15:14:16 - ai_model - DEBUG -    模型: deepseek-ai/DeepSeek-V3
2025-12-10 15:14:16 - ai_model - DEBUG -    Base URL: https://api.siliconflow.cn/v1
2025-12-10 15:14:16 - ai_model - DEBUG -    API Key: sk-gsaohhwdtofontqfo...rolhikfqmy
2025-12-10 15:14:16 - ai_model - DEBUG - ✅ AI模型初始化完成
2025-12-10 15:14:16 - ai_model - DEBUG -    模型: deepseek-ai/DeepSeek-V3
2025-12-10 15:14:16 - ai_model - DEBUG -    Base URL: https://api.siliconflow.cn/v1
2025-12-10 15:14:16 - ai_model - DEBUG -    API Key: sk-gsaohhwdtofontqfo...rolhikfqmy
2025-12-10 15:15:39 - ai_model - DEBUG - ✅ AI模型初始化完成
2025-12-10 15:15:39 - ai_model - DEBUG -    模型: deepseek-ai/DeepSeek-V3
2025-12-10 15:15:39 - ai_model - DEBUG -    Base URL: https://api.siliconflow.cn/v1
2025-12-10 15:15:39 - ai_model - DEBUG -    API Key: sk-gsaohhwdtofontqfo...rolhikfqmy
2025-12-10 15:15:42 - ai_model - DEBUG - ✅ AI模型初始化完成
2025-12-10 15:15:42 - ai_model - DEBUG -    模型: deepseek-ai/DeepSeek-V3
2025-12-10 15:15:42 - ai_model - DEBUG -    Base URL: https://api.siliconflow.cn/v1
2025-12-10 15:15:42 - ai_model - DEBUG -    API Key: sk-gsaohhwdtofontqfo...rolhikfqmy
2025-12-10 15:15:46 - ai_model - DEBUG - ✅ AI模型初始化完成
2025-12-10 15:15:46 - ai_model - DEBUG -    模型: deepseek-ai/DeepSeek-V3
2025-12-10 15:15:46 - ai_model - DEBUG -    Base URL: https://api.siliconflow.cn/v1
2025-12-10 15:15:46 - ai_model - DEBUG -    API Key: sk-gsaohhwdtofontqfo...rolhikfqmy
2025-12-10 15:15:48 - ai_model - DEBUG - ✅ AI模型初始化完成
2025-12-10 15:15:48 - ai_model - DEBUG -    模型: deepseek-ai/DeepSeek-V3
2025-12-10 15:15:48 - ai_model - DEBUG -    Base URL: https://api.siliconflow.cn/v1
2025-12-10 15:15:48 - ai_model - DEBUG -    API Key: sk-gsaohhwdtofontqfo...rolhikfqmy
2025-12-10 15:15:51 - ai_model - DEBUG - ✅ AI模型初始化完成
2025-12-10 15:15:51 - ai_model - DEBUG -    模型: deepseek-ai/DeepSeek-V3
2025-12-10 15:15:51 - ai_model - DEBUG -    Base URL: https://api.siliconflow.cn/v1
2025-12-10 15:15:51 - ai_model - DEBUG -    API Key: sk-gsaohhwdtofontqfo...rolhikfqmy
2025-12-10 15:15:52 - ai_model - DEBUG - ✅ AI模型初始化完成
2025-12-10 15:15:52 - ai_model - DEBUG -    模型: deepseek-ai/DeepSeek-V3
2025-12-10 15:15:52 - ai_model - DEBUG -    Base URL: https://api.siliconflow.cn/v1
2025-12-10 15:15:52 - ai_model - DEBUG -    API Key: sk-gsaohhwdtofontqfo...rolhikfqmy
2025-12-10 15:16:02 - ai_model - DEBUG - ✅ AI模型初始化完成
2025-12-10 15:16:02 - ai_model - DEBUG -    模型: deepseek-ai/DeepSeek-V3
2025-12-10 15:16:02 - ai_model - DEBUG -    Base URL: https://api.siliconflow.cn/v1
2025-12-10 15:16:02 - ai_model - DEBUG -    API Key: sk-gsaohhwdtofontqfo...rolhikfqmy
2025-12-10 15:16:11 - ai_model - DEBUG - ✅ AI模型初始化完成
2025-12-10 15:16:11 - ai_model - DEBUG -    模型: deepseek-ai/DeepSeek-V3
2025-12-10 15:16:11 - ai_model - DEBUG -    Base URL: https://api.siliconflow.cn/v1
2025-12-10 15:16:11 - ai_model - DEBUG -    API Key: sk-gsaohhwdtofontqfo...rolhikfqmy
2025-12-10 15:16:35 - ai_model - DEBUG - ✅ AI模型初始化完成
2025-12-10 15:16:35 - ai_model - DEBUG -    模型: deepseek-ai/DeepSeek-V3
2025-12-10 15:16:35 - ai_model - DEBUG -    Base URL: https://api.siliconflow.cn/v1
2025-12-10 15:16:35 - ai_model - DEBUG -    API Key: sk-gsaohhwdtofontqfo...rolhikfqmy
2025-12-10 15:16:37 - ai_model - DEBUG - ✅ AI模型初始化完成
2025-12-10 15:16:37 - ai_model - DEBUG -    模型: deepseek-ai/DeepSeek-V3
2025-12-10 15:16:37 - ai_model - DEBUG -    Base URL: https://api.siliconflow.cn/v1
2025-12-10 15:16:37 - ai_model - DEBUG -    API Key: sk-gsaohhwdtofontqfo...rolhikfqmy
2025-12-10 15:16:43 - ai_model - DEBUG - ✅ AI模型初始化完成
2025-12-10 15:16:43 - ai_model - DEBUG -    模型: deepseek-ai/DeepSeek-V3
2025-12-10 15:16:43 - ai_model - DEBUG -    Base URL: https://api.siliconflow.cn/v1
2025-12-10 15:16:43 - ai_model - DEBUG -    API Key: sk-gsaohhwdtofontqfo...rolhikfqmy
2025-12-10 15:16:44 - ai_model - DEBUG - ✅ AI模型初始化完成
2025-12-10 15:16:44 - ai_model - DEBUG -    模型: deepseek-ai/DeepSeek-V3
2025-12-10 15:16:44 - ai_model - DEBUG -    Base URL: https://api.siliconflow.cn/v1
2025-12-10 15:16:44 - ai_model - DEBUG -    API Key: sk-gsaohhwdtofontqfo...rolhikfqmy
2025-12-10 15:16:55 - ai_model - DEBUG - ✅ AI模型初始化完成
2025-12-10 15:16:55 - ai_model - DEBUG -    模型: deepseek-ai/DeepSeek-V3
2025-12-10 15:16:55 - ai_model - DEBUG -    Base URL: https://api.siliconflow.cn/v1
2025-12-10 15:16:55 - ai_model - DEBUG -    API Key: sk-gsaohhwdtofontqfo...rolhikfqmy
2025-12-10 15:16:57 - ai_model - DEBUG - ✅ AI模型初始化完成
2025-12-10 15:16:57 - ai_model - DEBUG -    模型: deepseek-ai/DeepSeek-V3
2025-12-10 15:16:57 - ai_model - DEBUG -    Base URL: https://api.siliconflow.cn/v1
2025-12-10 15:16:57 - ai_model - DEBUG -    API Key: sk-gsaohhwdtofontqfo...rolhikfqmy
2025-12-10 15:17:07 - ai_model - DEBUG - ✅ AI模型初始化完成
2025-12-10 15:17:07 - ai_model - DEBUG -    模型: deepseek-ai/DeepSeek-V3
2025-12-10 15:17:07 - ai_model - DEBUG -    Base URL: https://api.siliconflow.cn/v1
2025-12-10 15:17:07 - ai_model - DEBUG -    API Key: sk-gsaohhwdtofontqfo...rolhikfqmy
2025-12-10 15:17:09 - ai_model - DEBUG - ✅ AI模型初始化完成
2025-12-10 15:17:09 - ai_model - DEBUG -    模型: deepseek-ai/DeepSeek-V3
2025-12-10 15:17:09 - ai_model - DEBUG -    Base URL: https://api.siliconflow.cn/v1
2025-12-10 15:17:09 - ai_model - DEBUG -    API Key: sk-gsaohhwdtofontqfo...rolhikfqmy
2025-12-10 15:17:09 - ai_model - DEBUG - ✅ AI模型初始化完成
2025-12-10 15:17:09 - ai_model - DEBUG -    模型: deepseek-ai/DeepSeek-V3
2025-12-10 15:17:09 - ai_model - DEBUG -    Base URL: https://api.siliconflow.cn/v1
2025-12-10 15:17:09 - ai_model - DEBUG -    API Key: sk-gsaohhwdtofontqfo...rolhikfqmy
2025-12-10 15:18:18 - ai_model - DEBUG - ✅ AI模型初始化完成
2025-12-10 15:18:18 - ai_model - DEBUG -    模型: deepseek-ai/DeepSeek-V3
2025-12-10 15:18:18 - ai_model - DEBUG -    Base URL: https://api.siliconflow.cn/v1
2025-12-10 15:18:18 - ai_model - DEBUG -    API Key: sk-gsaohhwdtofontqfo...rolhikfqmy
2025-12-10 15:18:20 - ai_model - DEBUG - ✅ AI模型初始化完成
2025-12-10 15:18:20 - ai_model - DEBUG -    模型: deepseek-ai/DeepSeek-V3
2025-12-10 15:18:20 - ai_model - DEBUG -    Base URL: https://api.siliconflow.cn/v1
2025-12-10 15:18:20 - ai_model - DEBUG -    API Key: sk-gsaohhwdtofontqfo...rolhikfqmy
2025-12-10 15:18:29 - ai_model - DEBUG - ✅ AI模型初始化完成
2025-12-10 15:18:29 - ai_model - DEBUG -    模型: deepseek-ai/DeepSeek-V3
2025-12-10 15:18:29 - ai_model - DEBUG -    Base URL: https://api.siliconflow.cn/v1
2025-12-10 15:18:29 - ai_model - DEBUG -    API Key: sk-gsaohhwdtofontqfo...rolhikfqmy
2025-12-10 15:18:39 - ai_model - DEBUG - ✅ AI模型初始化完成
2025-12-10 15:18:39 - ai_model - DEBUG -    模型: deepseek-ai/DeepSeek-V3
2025-12-10 15:18:39 - ai_model - DEBUG -    Base URL: https://api.siliconflow.cn/v1
2025-12-10 15:18:39 - ai_model - DEBUG -    API Key: sk-gsaohhwdtofontqfo...rolhikfqmy
2025-12-10 15:18:39 - ai_model - DEBUG - ✅ AI模型初始化完成
2025-12-10 15:18:39 - ai_model - DEBUG -    模型: deepseek-ai/DeepSeek-V3
2025-12-10 15:18:39 - ai_model - DEBUG -    Base URL: https://api.siliconflow.cn/v1
2025-12-10 15:18:39 - ai_model - DEBUG -    API Key: sk-gsaohhwdtofontqfo...rolhikfqmy
2025-12-10 15:28:56 - ai_model - DEBUG - ✅ AI模型初始化完成
2025-12-10 15:28:56 - ai_model - DEBUG -    模型: deepseek-ai/DeepSeek-V3
2025-12-10 15:28:56 - ai_model - DEBUG -    Base URL: https://api.siliconflow.cn/v1
2025-12-10 15:28:56 - ai_model - DEBUG -    API Key: sk-gsaohhwdtofontqfo...rolhikfqmy
2025-12-10 15:28:58 - ai_model - DEBUG - ✅ AI模型初始化完成
2025-12-10 15:28:58 - ai_model - DEBUG -    模型: deepseek-ai/DeepSeek-V3
2025-12-10 15:28:58 - ai_model - DEBUG -    Base URL: https://api.siliconflow.cn/v1
2025-12-10 15:28:58 - ai_model - DEBUG -    API Key: sk-gsaohhwdtofontqfo...rolhikfqmy
2025-12-10 15:29:02 - ai_model - DEBUG - ✅ AI模型初始化完成
2025-12-10 15:29:02 - ai_model - DEBUG -    模型: deepseek-ai/DeepSeek-V3
2025-12-10 15:29:02 - ai_model - DEBUG -    Base URL: https://api.siliconflow.cn/v1
2025-12-10 15:29:02 - ai_model - DEBUG -    API Key: sk-gsaohhwdtofontqfo...rolhikfqmy
2025-12-10 15:29:02 - ai_model - DEBUG - ✅ AI模型初始化完成
2025-12-10 15:29:02 - ai_model - DEBUG -    模型: deepseek-ai/DeepSeek-V3
2025-12-10 15:29:02 - ai_model - DEBUG -    Base URL: https://api.siliconflow.cn/v1
2025-12-10 15:29:02 - ai_model - DEBUG -    API Key: sk-gsaohhwdtofontqfo...rolhikfqmy
2025-12-10 15:29:24 - ai_model - DEBUG - ✅ AI模型初始化完成
2025-12-10 15:29:24 - ai_model - DEBUG -    模型: deepseek-ai/DeepSeek-V3
2025-12-10 15:29:24 - ai_model - DEBUG -    Base URL: https://api.siliconflow.cn/v1
2025-12-10 15:29:24 - ai_model - DEBUG -    API Key: sk-gsaohhwdtofontqfo...rolhikfqmy
2025-12-10 15:29:26 - ai_model - DEBUG - ✅ AI模型初始化完成
2025-12-10 15:29:26 - ai_model - DEBUG -    模型: deepseek-ai/DeepSeek-V3
2025-12-10 15:29:26 - ai_model - DEBUG -    Base URL: https://api.siliconflow.cn/v1
2025-12-10 15:29:26 - ai_model - DEBUG -    API Key: sk-gsaohhwdtofontqfo...rolhikfqmy
2025-12-10 15:29:28 - ai_model - DEBUG - ✅ AI模型初始化完成
2025-12-10 15:29:28 - ai_model - DEBUG -    模型: deepseek-ai/DeepSeek-V3
2025-12-10 15:29:28 - ai_model - DEBUG -    Base URL: https://api.siliconflow.cn/v1
2025-12-10 15:29:28 - ai_model - DEBUG -    API Key: sk-gsaohhwdtofontqfo...rolhikfqmy
2025-12-10 15:29:28 - ai_model - DEBUG - ✅ AI模型初始化完成
2025-12-10 15:29:28 - ai_model - DEBUG -    模型: deepseek-ai/DeepSeek-V3
2025-12-10 15:29:28 - ai_model - DEBUG -    Base URL: https://api.siliconflow.cn/v1
2025-12-10 15:29:28 - ai_model - DEBUG -    API Key: sk-gsaohhwdtofontqfo...rolhikfqmy
2025-12-10 15:29:41 - ai_model - DEBUG - ✅ AI模型初始化完成
2025-12-10 15:29:41 - ai_model - DEBUG -    模型: deepseek-ai/DeepSeek-V3
2025-12-10 15:29:41 - ai_model - DEBUG -    Base URL: https://api.siliconflow.cn/v1
2025-12-10 15:29:41 - ai_model - DEBUG -    API Key: sk-gsaohhwdtofontqfo...rolhikfqmy
2025-12-10 15:29:43 - ai_model - DEBUG - ✅ AI模型初始化完成
2025-12-10 15:29:43 - ai_model - DEBUG -    模型: deepseek-ai/DeepSeek-V3
2025-12-10 15:29:43 - ai_model - DEBUG -    Base URL: https://api.siliconflow.cn/v1
2025-12-10 15:29:43 - ai_model - DEBUG -    API Key: sk-gsaohhwdtofontqfo...rolhikfqmy
2025-12-10 15:29:46 - ai_model - DEBUG - ✅ AI模型初始化完成
2025-12-10 15:29:46 - ai_model - DEBUG -    模型: deepseek-ai/DeepSeek-V3
2025-12-10 15:29:46 - ai_model - DEBUG -    Base URL: https://api.siliconflow.cn/v1
2025-12-10 15:29:46 - ai_model - DEBUG -    API Key: sk-gsaohhwdtofontqfo...rolhikfqmy
2025-12-10 15:29:47 - ai_model - DEBUG - ✅ AI模型初始化完成
2025-12-10 15:29:47 - ai_model - DEBUG -    模型: deepseek-ai/DeepSeek-V3
2025-12-10 15:29:47 - ai_model - DEBUG -    Base URL: https://api.siliconflow.cn/v1
2025-12-10 15:29:47 - ai_model - DEBUG -    API Key: sk-gsaohhwdtofontqfo...rolhikfqmy
2025-12-10 15:30:06 - ai_model - DEBUG - ✅ AI模型初始化完成
2025-12-10 15:30:06 - ai_model - DEBUG -    模型: deepseek-ai/DeepSeek-V3
2025-12-10 15:30:06 - ai_model - DEBUG -    Base URL: https://api.siliconflow.cn/v1
2025-12-10 15:30:06 - ai_model - DEBUG -    API Key: sk-gsaohhwdtofontqfo...rolhikfqmy
2025-12-10 15:30:08 - ai_model - DEBUG - ✅ AI模型初始化完成
2025-12-10 15:30:08 - ai_model - DEBUG -    模型: deepseek-ai/DeepSeek-V3
2025-12-10 15:30:08 - ai_model - DEBUG -    Base URL: https://api.siliconflow.cn/v1
2025-12-10 15:30:08 - ai_model - DEBUG -    API Key: sk-gsaohhwdtofontqfo...rolhikfqmy
2025-12-10 15:30:16 - ai_model - DEBUG - ✅ AI模型初始化完成
2025-12-10 15:30:16 - ai_model - DEBUG -    模型: deepseek-ai/DeepSeek-V3
2025-12-10 15:30:16 - ai_model - DEBUG -    Base URL: https://api.siliconflow.cn/v1
2025-12-10 15:30:16 - ai_model - DEBUG -    API Key: sk-gsaohhwdtofontqfo...rolhikfqmy
2025-12-10 15:30:16 - ai_model - DEBUG - ✅ AI模型初始化完成
2025-12-10 15:30:16 - ai_model - DEBUG -    模型: deepseek-ai/DeepSeek-V3
2025-12-10 15:30:16 - ai_model - DEBUG -    Base URL: https://api.siliconflow.cn/v1
2025-12-10 15:30:16 - ai_model - DEBUG -    API Key: sk-gsaohhwdtofontqfo...rolhikfqmy
2025-12-10 15:37:29 - ai_model - DEBUG - ✅ AI模型初始化完成
2025-12-10 15:37:29 - ai_model - DEBUG -    模型: deepseek-ai/DeepSeek-V3
2025-12-10 15:37:29 - ai_model - DEBUG -    Base URL: https://api.siliconflow.cn/v1
2025-12-10 15:37:29 - ai_model - DEBUG -    API Key: sk-gsaohhwdtofontqfo...rolhikfqmy
2025-12-10 15:37:31 - ai_model - DEBUG - ✅ AI模型初始化完成
2025-12-10 15:37:31 - ai_model - DEBUG -    模型: deepseek-ai/DeepSeek-V3
2025-12-10 15:37:31 - ai_model - DEBUG -    Base URL: https://api.siliconflow.cn/v1
2025-12-10 15:37:31 - ai_model - DEBUG -    API Key: sk-gsaohhwdtofontqfo...rolhikfqmy
2025-12-10 15:37:34 - ai_model - DEBUG - ✅ AI模型初始化完成
2025-12-10 15:37:34 - ai_model - DEBUG -    模型: deepseek-ai/DeepSeek-V3
2025-12-10 15:37:34 - ai_model - DEBUG -    Base URL: https://api.siliconflow.cn/v1
2025-12-10 15:37:34 - ai_model - DEBUG -    API Key: sk-gsaohhwdtofontqfo...rolhikfqmy
2025-12-10 15:37:34 - ai_model - DEBUG - ✅ AI模型初始化完成
2025-12-10 15:37:34 - ai_model - DEBUG -    模型: deepseek-ai/DeepSeek-V3
2025-12-10 15:37:34 - ai_model - DEBUG -    Base URL: https://api.siliconflow.cn/v1
2025-12-10 15:37:34 - ai_model - DEBUG -    API Key: sk-gsaohhwdtofontqfo...rolhikfqmy
2025-12-10 15:37:39 - ai_model - DEBUG - ✅ AI模型初始化完成
2025-12-10 15:37:39 - ai_model - DEBUG -    模型: deepseek-ai/DeepSeek-V3
2025-12-10 15:37:39 - ai_model - DEBUG -    Base URL: https://api.siliconflow.cn/v1
2025-12-10 15:37:39 - ai_model - DEBUG -    API Key: sk-gsaohhwdtofontqfo...rolhikfqmy
2025-12-10 15:37:41 - ai_model - DEBUG - ✅ AI模型初始化完成
2025-12-10 15:37:41 - ai_model - DEBUG -    模型: deepseek-ai/DeepSeek-V3
2025-12-10 15:37:41 - ai_model - DEBUG -    Base URL: https://api.siliconflow.cn/v1
2025-12-10 15:37:41 - ai_model - DEBUG -    API Key: sk-gsaohhwdtofontqfo...rolhikfqmy
2025-12-10 15:37:44 - ai_model - DEBUG - ✅ AI模型初始化完成
2025-12-10 15:37:44 - ai_model - DEBUG -    模型: deepseek-ai/DeepSeek-V3
2025-12-10 15:37:44 - ai_model - DEBUG -    Base URL: https://api.siliconflow.cn/v1
2025-12-10 15:37:44 - ai_model - DEBUG -    API Key: sk-gsaohhwdtofontqfo...rolhikfqmy
2025-12-10 15:37:45 - ai_model - DEBUG - ✅ AI模型初始化完成
2025-12-10 15:37:45 - ai_model - DEBUG -    模型: deepseek-ai/DeepSeek-V3
2025-12-10 15:37:45 - ai_model - DEBUG -    Base URL: https://api.siliconflow.cn/v1
2025-12-10 15:37:45 - ai_model - DEBUG -    API Key: sk-gsaohhwdtofontqfo...rolhikfqmy
2025-12-10 15:37:55 - ai_model - DEBUG - ✅ AI模型初始化完成
2025-12-10 15:37:55 - ai_model - DEBUG -    模型: deepseek-ai/DeepSeek-V3
2025-12-10 15:37:55 - ai_model - DEBUG -    Base URL: https://api.siliconflow.cn/v1
2025-12-10 15:37:55 - ai_model - DEBUG -    API Key: sk-gsaohhwdtofontqfo...rolhikfqmy
2025-12-10 15:38:06 - ai_model - DEBUG - ✅ AI模型初始化完成
2025-12-10 15:38:06 - ai_model - DEBUG -    模型: deepseek-ai/DeepSeek-V3
2025-12-10 15:38:06 - ai_model - DEBUG -    Base URL: https://api.siliconflow.cn/v1
2025-12-10 15:38:06 - ai_model - DEBUG -    API Key: sk-gsaohhwdtofontqfo...rolhikfqmy
2025-12-10 15:38:19 - ai_model - DEBUG - ✅ AI模型初始化完成
2025-12-10 15:38:19 - ai_model - DEBUG -    模型: deepseek-ai/DeepSeek-V3
2025-12-10 15:38:19 - ai_model - DEBUG -    Base URL: https://api.siliconflow.cn/v1
2025-12-10 15:38:19 - ai_model - DEBUG -    API Key: sk-gsaohhwdtofontqfo...rolhikfqmy
2025-12-10 15:38:22 - ai_model - DEBUG - ✅ AI模型初始化完成
2025-12-10 15:38:22 - ai_model - DEBUG -    模型: deepseek-ai/DeepSeek-V3
2025-12-10 15:38:22 - ai_model - DEBUG -    Base URL: https://api.siliconflow.cn/v1
2025-12-10 15:38:22 - ai_model - DEBUG -    API Key: sk-gsaohhwdtofontqfo...rolhikfqmy
2025-12-10 15:38:22 - ai_model - DEBUG - ✅ AI模型初始化完成
2025-12-10 15:38:22 - ai_model - DEBUG -    模型: deepseek-ai/DeepSeek-V3
2025-12-10 15:38:22 - ai_model - DEBUG -    Base URL: https://api.siliconflow.cn/v1
2025-12-10 15:38:22 - ai_model - DEBUG -    API Key: sk-gsaohhwdtofontqfo...rolhikfqmy
2025-12-10 15:42:10 - ai_model - DEBUG - ✅ AI模型初始化完成
2025-12-10 15:42:10 - ai_model - DEBUG -    模型: deepseek-ai/DeepSeek-V3
2025-12-10 15:42:10 - ai_model - DEBUG -    Base URL: https://api.siliconflow.cn/v1
2025-12-10 15:42:10 - ai_model - DEBUG -    API Key: sk-gsaohhwdtofontqfo...rolhikfqmy
2025-12-10 15:42:13 - ai_model - DEBUG - ✅ AI模型初始化完成
2025-12-10 15:42:13 - ai_model - DEBUG -    模型: deepseek-ai/DeepSeek-V3
2025-12-10 15:42:13 - ai_model - DEBUG -    Base URL: https://api.siliconflow.cn/v1
2025-12-10 15:42:13 - ai_model - DEBUG -    API Key: sk-gsaohhwdtofontqfo...rolhikfqmy
2025-12-10 15:42:24 - ai_model - DEBUG - ✅ AI模型初始化完成
2025-12-10 15:42:24 - ai_model - DEBUG -    模型: deepseek-ai/DeepSeek-V3
2025-12-10 15:42:24 - ai_model - DEBUG -    Base URL: https://api.siliconflow.cn/v1
2025-12-10 15:42:24 - ai_model - DEBUG -    API Key: sk-gsaohhwdtofontqfo...rolhikfqmy
2025-12-10 15:42:24 - ai_model - DEBUG - ✅ AI模型初始化完成
2025-12-10 15:42:24 - ai_model - DEBUG -    模型: deepseek-ai/DeepSeek-V3
2025-12-10 15:42:24 - ai_model - DEBUG -    Base URL: https://api.siliconflow.cn/v1
2025-12-10 15:42:24 - ai_model - DEBUG -    API Key: sk-gsaohhwdtofontqfo...rolhikfqmy
2025-12-10 15:42:35 - ai_model - DEBUG - ✅ AI模型初始化完成
2025-12-10 15:42:35 - ai_model - DEBUG -    模型: deepseek-ai/DeepSeek-V3
2025-12-10 15:42:35 - ai_model - DEBUG -    Base URL: https://api.siliconflow.cn/v1
2025-12-10 15:42:35 - ai_model - DEBUG -    API Key: sk-gsaohhwdtofontqfo...rolhikfqmy
2025-12-10 15:42:37 - ai_model - DEBUG - ✅ AI模型初始化完成
2025-12-10 15:42:37 - ai_model - DEBUG -    模型: deepseek-ai/DeepSeek-V3
2025-12-10 15:42:37 - ai_model - DEBUG -    Base URL: https://api.siliconflow.cn/v1
2025-12-10 15:42:37 - ai_model - DEBUG -    API Key: sk-gsaohhwdtofontqfo...rolhikfqmy
2025-12-10 15:42:41 - ai_model - DEBUG - ✅ AI模型初始化完成
2025-12-10 15:42:41 - ai_model - DEBUG -    模型: deepseek-ai/DeepSeek-V3
2025-12-10 15:42:41 - ai_model - DEBUG -    Base URL: https://api.siliconflow.cn/v1
2025-12-10 15:42:41 - ai_model - DEBUG -    API Key: sk-gsaohhwdtofontqfo...rolhikfqmy
2025-12-10 15:42:44 - ai_model - DEBUG - ✅ AI模型初始化完成
2025-12-10 15:42:44 - ai_model - DEBUG -    模型: deepseek-ai/DeepSeek-V3
2025-12-10 15:42:44 - ai_model - DEBUG -    Base URL: https://api.siliconflow.cn/v1
2025-12-10 15:42:44 - ai_model - DEBUG -    API Key: sk-gsaohhwdtofontqfo...rolhikfqmy
2025-12-10 15:42:44 - ai_model - DEBUG - ✅ AI模型初始化完成
2025-12-10 15:42:44 - ai_model - DEBUG -    模型: deepseek-ai/DeepSeek-V3
2025-12-10 15:42:44 - ai_model - DEBUG -    Base URL: https://api.siliconflow.cn/v1
2025-12-10 15:42:44 - ai_model - DEBUG -    API Key: sk-gsaohhwdtofontqfo...rolhikfqmy
2025-12-10 15:49:55 - ai_model - DEBUG - ✅ AI模型初始化完成
2025-12-10 15:49:55 - ai_model - DEBUG -    模型: deepseek-ai/DeepSeek-V3
2025-12-10 15:49:55 - ai_model - DEBUG -    Base URL: https://api.siliconflow.cn/v1
2025-12-10 15:49:55 - ai_model - DEBUG -    API Key: sk-gsaohhwdtofontqfo...rolhikfqmy
2025-12-10 15:50:06 - ai_model - DEBUG - ✅ AI模型初始化完成
2025-12-10 15:50:06 - ai_model - DEBUG -    模型: deepseek-ai/DeepSeek-V3
2025-12-10 15:50:06 - ai_model - DEBUG -    Base URL: https://api.siliconflow.cn/v1
2025-12-10 15:50:06 - ai_model - DEBUG -    API Key: sk-gsaohhwdtofontqfo...rolhikfqmy
2025-12-10 15:50:08 - ai_model - DEBUG - ✅ AI模型初始化完成
2025-12-10 15:50:08 - ai_model - DEBUG -    模型: deepseek-ai/DeepSeek-V3
2025-12-10 15:50:08 - ai_model - DEBUG -    Base URL: https://api.siliconflow.cn/v1
2025-12-10 15:50:08 - ai_model - DEBUG -    API Key: sk-gsaohhwdtofontqfo...rolhikfqmy
2025-12-10 15:50:09 - ai_model - DEBUG - ✅ AI模型初始化完成
2025-12-10 15:50:09 - ai_model - DEBUG -    模型: deepseek-ai/DeepSeek-V3
2025-12-10 15:50:09 - ai_model - DEBUG -    Base URL: https://api.siliconflow.cn/v1
2025-12-10 15:50:09 - ai_model - DEBUG -    API Key: sk-gsaohhwdtofontqfo...rolhikfqmy
2025-12-10 15:50:22 - ai_model - DEBUG - ✅ AI模型初始化完成
2025-12-10 15:50:22 - ai_model - DEBUG -    模型: deepseek-ai/DeepSeek-V3
2025-12-10 15:50:22 - ai_model - DEBUG -    Base URL: https://api.siliconflow.cn/v1
2025-12-10 15:50:22 - ai_model - DEBUG -    API Key: sk-gsaohhwdtofontqfo...rolhikfqmy
2025-12-10 15:50:24 - ai_model - DEBUG - ✅ AI模型初始化完成
2025-12-10 15:50:24 - ai_model - DEBUG -    模型: deepseek-ai/DeepSeek-V3
2025-12-10 15:50:24 - ai_model - DEBUG -    Base URL: https://api.siliconflow.cn/v1
2025-12-10 15:50:24 - ai_model - DEBUG -    API Key: sk-gsaohhwdtofontqfo...rolhikfqmy
2025-12-10 15:50:28 - ai_model - DEBUG - ✅ AI模型初始化完成
2025-12-10 15:50:28 - ai_model - DEBUG -    模型: deepseek-ai/DeepSeek-V3
2025-12-10 15:50:28 - ai_model - DEBUG -    Base URL: https://api.siliconflow.cn/v1
2025-12-10 15:50:28 - ai_model - DEBUG -    API Key: sk-gsaohhwdtofontqfo...rolhikfqmy
2025-12-10 15:50:33 - ai_model - DEBUG - ✅ AI模型初始化完成
2025-12-10 15:50:33 - ai_model - DEBUG -    模型: deepseek-ai/DeepSeek-V3
2025-12-10 15:50:33 - ai_model - DEBUG -    Base URL: https://api.siliconflow.cn/v1
2025-12-10 15:50:33 - ai_model - DEBUG -    API Key: sk-gsaohhwdtofontqfo...rolhikfqmy
2025-12-10 15:50:34 - ai_model - DEBUG - ✅ AI模型初始化完成
2025-12-10 15:50:34 - ai_model - DEBUG -    模型: deepseek-ai/DeepSeek-V3
2025-12-10 15:50:34 - ai_model - DEBUG -    Base URL: https://api.siliconflow.cn/v1
2025-12-10 15:50:34 - ai_model - DEBUG -    API Key: sk-gsaohhwdtofontqfo...rolhikfqmy
2025-12-10 15:56:26 - ai_model - DEBUG - ✅ AI模型初始化完成
2025-12-10 15:56:26 - ai_model - DEBUG -    模型: deepseek-ai/DeepSeek-V3
2025-12-10 15:56:26 - ai_model - DEBUG -    Base URL: https://api.siliconflow.cn/v1
2025-12-10 15:56:26 - ai_model - DEBUG -    API Key: sk-gsaohhwdtofontqfo...rolhikfqmy
2025-12-10 15:56:31 - ai_model - DEBUG - ✅ AI模型初始化完成
2025-12-10 15:56:31 - ai_model - DEBUG -    模型: deepseek-ai/DeepSeek-V3
2025-12-10 15:56:31 - ai_model - DEBUG -    Base URL: https://api.siliconflow.cn/v1
2025-12-10 15:56:31 - ai_model - DEBUG -    API Key: sk-gsaohhwdtofontqfo...rolhikfqmy
2025-12-10 15:56:35 - ai_model - DEBUG - ✅ AI模型初始化完成
2025-12-10 15:56:35 - ai_model - DEBUG -    模型: deepseek-ai/DeepSeek-V3
2025-12-10 15:56:35 - ai_model - DEBUG -    Base URL: https://api.siliconflow.cn/v1
2025-12-10 15:56:35 - ai_model - DEBUG -    API Key: sk-gsaohhwdtofontqfo...rolhikfqmy
2025-12-10 15:56:35 - ai_model - DEBUG - ✅ AI模型初始化完成
2025-12-10 15:56:35 - ai_model - DEBUG -    模型: deepseek-ai/DeepSeek-V3
2025-12-10 15:56:35 - ai_model - DEBUG -    Base URL: https://api.siliconflow.cn/v1
2025-12-10 15:56:35 - ai_model - DEBUG -    API Key: sk-gsaohhwdtofontqfo...rolhikfqmy
2025-12-10 15:56:52 - ai_model - DEBUG - ✅ AI模型初始化完成
2025-12-10 15:56:52 - ai_model - DEBUG -    模型: deepseek-ai/DeepSeek-V3
2025-12-10 15:56:52 - ai_model - DEBUG -    Base URL: https://api.siliconflow.cn/v1
2025-12-10 15:56:52 - ai_model - DEBUG -    API Key: sk-gsaohhwdtofontqfo...rolhikfqmy
2025-12-10 15:56:54 - ai_model - DEBUG - ✅ AI模型初始化完成
2025-12-10 15:56:54 - ai_model - DEBUG -    模型: deepseek-ai/DeepSeek-V3
2025-12-10 15:56:54 - ai_model - DEBUG -    Base URL: https://api.siliconflow.cn/v1
2025-12-10 15:56:54 - ai_model - DEBUG -    API Key: sk-gsaohhwdtofontqfo...rolhikfqmy
2025-12-10 15:56:59 - ai_model - DEBUG - ✅ AI模型初始化完成
2025-12-10 15:56:59 - ai_model - DEBUG -    模型: deepseek-ai/DeepSeek-V3
2025-12-10 15:56:59 - ai_model - DEBUG -    Base URL: https://api.siliconflow.cn/v1
2025-12-10 15:56:59 - ai_model - DEBUG -    API Key: sk-gsaohhwdtofontqfo...rolhikfqmy
2025-12-10 15:57:35 - ai_model - DEBUG - ✅ AI模型初始化完成
2025-12-10 15:57:35 - ai_model - DEBUG -    模型: deepseek-ai/DeepSeek-V3
2025-12-10 15:57:35 - ai_model - DEBUG -    Base URL: https://api.siliconflow.cn/v1
2025-12-10 15:57:35 - ai_model - DEBUG -    API Key: sk-gsaohhwdtofontqfo...rolhikfqmy
2025-12-10 15:57:38 - ai_model - DEBUG - ✅ AI模型初始化完成
2025-12-10 15:57:38 - ai_model - DEBUG -    模型: deepseek-ai/DeepSeek-V3
2025-12-10 15:57:38 - ai_model - DEBUG -    Base URL: https://api.siliconflow.cn/v1
2025-12-10 15:57:38 - ai_model - DEBUG -    API Key: sk-gsaohhwdtofontqfo...rolhikfqmy
2025-12-10 15:57:40 - ai_model - DEBUG - ✅ AI模型初始化完成
2025-12-10 15:57:40 - ai_model - DEBUG -    模型: deepseek-ai/DeepSeek-V3
2025-12-10 15:57:40 - ai_model - DEBUG -    Base URL: https://api.siliconflow.cn/v1
2025-12-10 15:57:40 - ai_model - DEBUG -    API Key: sk-gsaohhwdtofontqfo...rolhikfqmy
2025-12-10 15:57:40 - ai_model - DEBUG - ✅ AI模型初始化完成
2025-12-10 15:57:40 - ai_model - DEBUG -    模型: deepseek-ai/DeepSeek-V3
2025-12-10 15:57:40 - ai_model - DEBUG -    Base URL: https://api.siliconflow.cn/v1
2025-12-10 15:57:40 - ai_model - DEBUG -    API Key: sk-gsaohhwdtofontqfo...rolhikfqmy
2025-12-10 15:57:50 - ai_model - DEBUG - ✅ AI模型初始化完成
2025-12-10 15:57:50 - ai_model - DEBUG -    模型: deepseek-ai/DeepSeek-V3
2025-12-10 15:57:50 - ai_model - DEBUG -    Base URL: https://api.siliconflow.cn/v1
2025-12-10 15:57:50 - ai_model - DEBUG -    API Key: sk-gsaohhwdtofontqfo...rolhikfqmy
2025-12-10 15:57:53 - ai_model - DEBUG - ✅ AI模型初始化完成
2025-12-10 15:57:53 - ai_model - DEBUG -    模型: deepseek-ai/DeepSeek-V3
2025-12-10 15:57:53 - ai_model - DEBUG -    Base URL: https://api.siliconflow.cn/v1
2025-12-10 15:57:53 - ai_model - DEBUG -    API Key: sk-gsaohhwdtofontqfo...rolhikfqmy
2025-12-10 15:57:57 - ai_model - DEBUG - ✅ AI模型初始化完成
2025-12-10 15:57:57 - ai_model - DEBUG -    模型: deepseek-ai/DeepSeek-V3
2025-12-10 15:57:57 - ai_model - DEBUG -    Base URL: https://api.siliconflow.cn/v1
2025-12-10 15:57:57 - ai_model - DEBUG -    API Key: sk-gsaohhwdtofontqfo...rolhikfqmy
2025-12-10 15:58:03 - ai_model - DEBUG - ✅ AI模型初始化完成
2025-12-10 15:58:03 - ai_model - DEBUG -    模型: deepseek-ai/DeepSeek-V3
2025-12-10 15:58:03 - ai_model - DEBUG -    Base URL: https://api.siliconflow.cn/v1
2025-12-10 15:58:03 - ai_model - DEBUG -    API Key: sk-gsaohhwdtofontqfo...rolhikfqmy
2025-12-10 15:58:03 - ai_model - DEBUG - ✅ AI模型初始化完成
2025-12-10 15:58:03 - ai_model - DEBUG -    模型: deepseek-ai/DeepSeek-V3
2025-12-10 15:58:03 - ai_model - DEBUG -    Base URL: https://api.siliconflow.cn/v1
2025-12-10 15:58:03 - ai_model - DEBUG -    API Key: sk-gsaohhwdtofontqfo...rolhikfqmy
2025-12-10 16:17:36 - ai_model - DEBUG - ✅ AI模型初始化完成
2025-12-10 16:17:36 - ai_model - DEBUG -    模型: deepseek-ai/DeepSeek-V3
2025-12-10 16:17:36 - ai_model - DEBUG -    Base URL: https://api.siliconflow.cn/v1
2025-12-10 16:17:36 - ai_model - DEBUG -    API Key: sk-gsaohhwdtofontqfo...rolhikfqmy
2025-12-10 16:17:38 - ai_model - DEBUG - ✅ AI模型初始化完成
2025-12-10 16:17:38 - ai_model - DEBUG -    模型: deepseek-ai/DeepSeek-V3
2025-12-10 16:17:38 - ai_model - DEBUG -    Base URL: https://api.siliconflow.cn/v1
2025-12-10 16:17:38 - ai_model - DEBUG -    API Key: sk-gsaohhwdtofontqfo...rolhikfqmy
2025-12-10 16:17:42 - ai_model - DEBUG - ✅ AI模型初始化完成
2025-12-10 16:17:42 - ai_model - DEBUG -    模型: deepseek-ai/DeepSeek-V3
2025-12-10 16:17:42 - ai_model - DEBUG -    Base URL: https://api.siliconflow.cn/v1
2025-12-10 16:17:42 - ai_model - DEBUG -    API Key: sk-gsaohhwdtofontqfo...rolhikfqmy
2025-12-10 16:17:42 - ai_model - DEBUG - ✅ AI模型初始化完成
2025-12-10 16:17:42 - ai_model - DEBUG -    模型: deepseek-ai/DeepSeek-V3
2025-12-10 16:17:42 - ai_model - DEBUG -    Base URL: https://api.siliconflow.cn/v1
2025-12-10 16:17:42 - ai_model - DEBUG -    API Key: sk-gsaohhwdtofontqfo...rolhikfqmy
2025-12-10 16:18:08 - ai_model - DEBUG - ✅ AI模型初始化完成
2025-12-10 16:18:08 - ai_model - DEBUG -    模型: deepseek-ai/DeepSeek-V3
2025-12-10 16:18:08 - ai_model - DEBUG -    Base URL: https://api.siliconflow.cn/v1
2025-12-10 16:18:08 - ai_model - DEBUG -    API Key: sk-gsaohhwdtofontqfo...rolhikfqmy
2025-12-10 16:18:10 - ai_model - DEBUG - ✅ AI模型初始化完成
2025-12-10 16:18:10 - ai_model - DEBUG -    模型: deepseek-ai/DeepSeek-V3
2025-12-10 16:18:10 - ai_model - DEBUG -    Base URL: https://api.siliconflow.cn/v1
2025-12-10 16:18:10 - ai_model - DEBUG -    API Key: sk-gsaohhwdtofontqfo...rolhikfqmy
2025-12-10 16:18:19 - ai_model - DEBUG - ✅ AI模型初始化完成
2025-12-10 16:18:19 - ai_model - DEBUG -    模型: deepseek-ai/DeepSeek-V3
2025-12-10 16:18:19 - ai_model - DEBUG -    Base URL: https://api.siliconflow.cn/v1
2025-12-10 16:18:19 - ai_model - DEBUG -    API Key: sk-gsaohhwdtofontqfo...rolhikfqmy
2025-12-10 16:18:28 - ai_model - DEBUG - ✅ AI模型初始化完成
2025-12-10 16:18:28 - ai_model - DEBUG -    模型: deepseek-ai/DeepSeek-V3
2025-12-10 16:18:28 - ai_model - DEBUG -    Base URL: https://api.siliconflow.cn/v1
2025-12-10 16:18:28 - ai_model - DEBUG -    API Key: sk-gsaohhwdtofontqfo...rolhikfqmy
2025-12-10 16:18:28 - ai_model - DEBUG - ✅ AI模型初始化完成
2025-12-10 16:18:28 - ai_model - DEBUG -    模型: deepseek-ai/DeepSeek-V3
2025-12-10 16:18:28 - ai_model - DEBUG -    Base URL: https://api.siliconflow.cn/v1
2025-12-10 16:18:28 - ai_model - DEBUG -    API Key: sk-gsaohhwdtofontqfo...rolhikfqmy
2025-12-10 16:56:21 - ai_model - DEBUG - ✅ AI模型初始化完成
2025-12-10 16:56:21 - ai_model - DEBUG -    模型: deepseek-ai/DeepSeek-V3
2025-12-10 16:56:21 - ai_model - DEBUG -    Base URL: https://api.siliconflow.cn/v1
2025-12-10 16:56:21 - ai_model - DEBUG -    API Key: sk-gsaohhwdtofontqfo...rolhikfqmy
2025-12-10 16:56:23 - ai_model - DEBUG - ✅ AI模型初始化完成
2025-12-10 16:56:23 - ai_model - DEBUG -    模型: deepseek-ai/DeepSeek-V3
2025-12-10 16:56:23 - ai_model - DEBUG -    Base URL: https://api.siliconflow.cn/v1
2025-12-10 16:56:23 - ai_model - DEBUG -    API Key: sk-gsaohhwdtofontqfo...rolhikfqmy
2025-12-10 16:56:48 - ai_model - DEBUG - ✅ AI模型初始化完成
2025-12-10 16:56:48 - ai_model - DEBUG -    模型: deepseek-ai/DeepSeek-V3
2025-12-10 16:56:48 - ai_model - DEBUG -    Base URL: https://api.siliconflow.cn/v1
2025-12-10 16:56:48 - ai_model - DEBUG -    API Key: sk-gsaohhwdtofontqfo...rolhikfqmy
2025-12-10 16:56:48 - ai_model - DEBUG - ✅ AI模型初始化完成
2025-12-10 16:56:48 - ai_model - DEBUG -    模型: deepseek-ai/DeepSeek-V3
2025-12-10 16:56:48 - ai_model - DEBUG -    Base URL: https://api.siliconflow.cn/v1
2025-12-10 16:56:48 - ai_model - DEBUG -    API Key: sk-gsaohhwdtofontqfo...rolhikfqmy
2025-12-10 16:56:57 - ai_model - DEBUG - ✅ AI模型初始化完成
2025-12-10 16:56:57 - ai_model - DEBUG -    模型: deepseek-ai/DeepSeek-V3
2025-12-10 16:56:57 - ai_model - DEBUG -    Base URL: https://api.siliconflow.cn/v1
2025-12-10 16:56:57 - ai_model - DEBUG -    API Key: sk-gsaohhwdtofontqfo...rolhikfqmy
2025-12-10 16:57:00 - ai_model - DEBUG - ✅ AI模型初始化完成
2025-12-10 16:57:00 - ai_model - DEBUG -    模型: deepseek-ai/DeepSeek-V3
2025-12-10 16:57:00 - ai_model - DEBUG -    Base URL: https://api.siliconflow.cn/v1
2025-12-10 16:57:00 - ai_model - DEBUG -    API Key: sk-gsaohhwdtofontqfo...rolhikfqmy
2025-12-10 16:57:07 - ai_model - DEBUG - ✅ AI模型初始化完成
2025-12-10 16:57:07 - ai_model - DEBUG -    模型: deepseek-ai/DeepSeek-V3
2025-12-10 16:57:07 - ai_model - DEBUG -    Base URL: https://api.siliconflow.cn/v1
2025-12-10 16:57:07 - ai_model - DEBUG -    API Key: sk-gsaohhwdtofontqfo...rolhikfqmy
2025-12-10 16:57:13 - ai_model - DEBUG - ✅ AI模型初始化完成
2025-12-10 16:57:13 - ai_model - DEBUG -    模型: deepseek-ai/DeepSeek-V3
2025-12-10 16:57:13 - ai_model - DEBUG -    Base URL: https://api.siliconflow.cn/v1
2025-12-10 16:57:13 - ai_model - DEBUG -    API Key: sk-gsaohhwdtofontqfo...rolhikfqmy
2025-12-10 16:57:13 - ai_model - DEBUG - ✅ AI模型初始化完成
2025-12-10 16:57:13 - ai_model - DEBUG -    模型: deepseek-ai/DeepSeek-V3
2025-12-10 16:57:13 - ai_model - DEBUG -    Base URL: https://api.siliconflow.cn/v1
2025-12-10 16:57:13 - ai_model - DEBUG -    API Key: sk-gsaohhwdtofontqfo...rolhikfqmy
2025-12-10 17:15:27 - ai_model - DEBUG - ✅ AI模型初始化完成
2025-12-10 17:15:27 - ai_model - DEBUG -    模型: deepseek-ai/DeepSeek-V3
2025-12-10 17:15:27 - ai_model - DEBUG -    Base URL: https://api.siliconflow.cn/v1
2025-12-10 17:15:27 - ai_model - DEBUG -    API Key: sk-gsaohhwdtofontqfo...rolhikfqmy
2025-12-10 17:15:32 - ai_model - DEBUG - ✅ AI模型初始化完成
2025-12-10 17:15:32 - ai_model - DEBUG -    模型: deepseek-ai/DeepSeek-V3
2025-12-10 17:15:32 - ai_model - DEBUG -    Base URL: https://api.siliconflow.cn/v1
2025-12-10 17:15:32 - ai_model - DEBUG -    API Key: sk-gsaohhwdtofontqfo...rolhikfqmy
2025-12-10 17:15:40 - ai_model - DEBUG - ✅ AI模型初始化完成
2025-12-10 17:15:40 - ai_model - DEBUG -    模型: deepseek-ai/DeepSeek-V3
2025-12-10 17:15:40 - ai_model - DEBUG -    Base URL: https://api.siliconflow.cn/v1
2025-12-10 17:15:40 - ai_model - DEBUG -    API Key: sk-gsaohhwdtofontqfo...rolhikfqmy
2025-12-10 17:21:08 - ai_model - DEBUG - ✅ AI模型初始化完成
2025-12-10 17:21:08 - ai_model - DEBUG -    模型: deepseek-ai/DeepSeek-V3
2025-12-10 17:21:08 - ai_model - DEBUG -    Base URL: https://api.siliconflow.cn/v1
2025-12-10 17:21:08 - ai_model - DEBUG -    API Key: sk-gsaohhwdtofontqfo...rolhikfqmy
2025-12-10 17:21:11 - ai_model - DEBUG - ✅ AI模型初始化完成
2025-12-10 17:21:11 - ai_model - DEBUG -    模型: deepseek-ai/DeepSeek-V3
2025-12-10 17:21:11 - ai_model - DEBUG -    Base URL: https://api.siliconflow.cn/v1
2025-12-10 17:21:11 - ai_model - DEBUG -    API Key: sk-gsaohhwdtofontqfo...rolhikfqmy
2025-12-10 17:21:19 - ai_model - DEBUG - ✅ AI模型初始化完成
2025-12-10 17:21:19 - ai_model - DEBUG -    模型: deepseek-ai/DeepSeek-V3
2025-12-10 17:21:19 - ai_model - DEBUG -    Base URL: https://api.siliconflow.cn/v1
2025-12-10 17:21:19 - ai_model - DEBUG -    API Key: sk-gsaohhwdtofontqfo...rolhikfqmy
2025-12-10 17:24:09 - ai_model - DEBUG - ✅ AI模型初始化完成
2025-12-10 17:24:09 - ai_model - DEBUG -    模型: deepseek-ai/DeepSeek-V3
2025-12-10 17:24:09 - ai_model - DEBUG -    Base URL: https://api.siliconflow.cn/v1
2025-12-10 17:24:09 - ai_model - DEBUG -    API Key: sk-gsaohhwdtofontqfo...rolhikfqmy
2025-12-10 17:24:11 - ai_model - DEBUG - ✅ AI模型初始化完成
2025-12-10 17:24:11 - ai_model - DEBUG -    模型: deepseek-ai/DeepSeek-V3
2025-12-10 17:24:11 - ai_model - DEBUG -    Base URL: https://api.siliconflow.cn/v1
2025-12-10 17:24:11 - ai_model - DEBUG -    API Key: sk-gsaohhwdtofontqfo...rolhikfqmy
2025-12-10 17:24:21 - ai_model - DEBUG - ✅ AI模型初始化完成
2025-12-10 17:24:21 - ai_model - DEBUG -    模型: deepseek-ai/DeepSeek-V3
2025-12-10 17:24:21 - ai_model - DEBUG -    Base URL: https://api.siliconflow.cn/v1
2025-12-10 17:24:21 - ai_model - DEBUG -    API Key: sk-gsaohhwdtofontqfo...rolhikfqmy
2025-12-10 17:24:30 - ai_model - DEBUG - ✅ AI模型初始化完成
2025-12-10 17:24:30 - ai_model - DEBUG -    模型: deepseek-ai/DeepSeek-V3
2025-12-10 17:24:30 - ai_model - DEBUG -    Base URL: https://api.siliconflow.cn/v1
2025-12-10 17:24:30 - ai_model - DEBUG -    API Key: sk-gsaohhwdtofontqfo...rolhikfqmy
2025-12-10 17:24:30 - ai_model - DEBUG - ✅ AI模型初始化完成
2025-12-10 17:24:30 - ai_model - DEBUG -    模型: deepseek-ai/DeepSeek-V3
2025-12-10 17:24:30 - ai_model - DEBUG -    Base URL: https://api.siliconflow.cn/v1
2025-12-10 17:24:30 - ai_model - DEBUG -    API Key: sk-gsaohhwdtofontqfo...rolhikfqmy
2025-12-10 17:32:52 - ai_model - DEBUG - ✅ AI模型初始化完成
2025-12-10 17:32:52 - ai_model - DEBUG -    模型: deepseek-ai/DeepSeek-V3
2025-12-10 17:32:52 - ai_model - DEBUG -    Base URL: https://api.siliconflow.cn/v1
2025-12-10 17:32:52 - ai_model - DEBUG -    API Key: sk-gsaohhwdtofontqfo...rolhikfqmy
2025-12-10 17:32:55 - ai_model - DEBUG - ✅ AI模型初始化完成
2025-12-10 17:32:55 - ai_model - DEBUG -    模型: deepseek-ai/DeepSeek-V3
2025-12-10 17:32:55 - ai_model - DEBUG -    Base URL: https://api.siliconflow.cn/v1
2025-12-10 17:32:55 - ai_model - DEBUG -    API Key: sk-gsaohhwdtofontqfo...rolhikfqmy
2025-12-10 17:32:58 - ai_model - DEBUG - ✅ AI模型初始化完成
2025-12-10 17:32:58 - ai_model - DEBUG -    模型: deepseek-ai/DeepSeek-V3
2025-12-10 17:32:58 - ai_model - DEBUG -    Base URL: https://api.siliconflow.cn/v1
2025-12-10 17:32:58 - ai_model - DEBUG -    API Key: sk-gsaohhwdtofontqfo...rolhikfqmy
2025-12-10 17:32:58 - ai_model - DEBUG - ✅ AI模型初始化完成
2025-12-10 17:32:58 - ai_model - DEBUG -    模型: deepseek-ai/DeepSeek-V3
2025-12-10 17:32:58 - ai_model - DEBUG -    Base URL: https://api.siliconflow.cn/v1
2025-12-10 17:32:58 - ai_model - DEBUG -    API Key: sk-gsaohhwdtofontqfo...rolhikfqmy
2025-12-10 17:33:57 - ai_model - DEBUG - ✅ AI模型初始化完成
2025-12-10 17:33:57 - ai_model - DEBUG -    模型: deepseek-ai/DeepSeek-V3
2025-12-10 17:33:57 - ai_model - DEBUG -    Base URL: https://api.siliconflow.cn/v1
2025-12-10 17:33:57 - ai_model - DEBUG -    API Key: sk-gsaohhwdtofontqfo...rolhikfqmy
2025-12-10 17:34:08 - ai_model - DEBUG - ✅ AI模型初始化完成
2025-12-10 17:34:08 - ai_model - DEBUG -    模型: deepseek-ai/DeepSeek-V3
2025-12-10 17:34:08 - ai_model - DEBUG -    Base URL: https://api.siliconflow.cn/v1
2025-12-10 17:34:08 - ai_model - DEBUG -    API Key: sk-gsaohhwdtofontqfo...rolhikfqmy
2025-12-10 17:34:12 - ai_model - DEBUG - ✅ AI模型初始化完成
2025-12-10 17:34:12 - ai_model - DEBUG -    模型: deepseek-ai/DeepSeek-V3
2025-12-10 17:34:12 - ai_model - DEBUG -    Base URL: https://api.siliconflow.cn/v1
2025-12-10 17:34:12 - ai_model - DEBUG -    API Key: sk-gsaohhwdtofontqfo...rolhikfqmy
2025-12-10 17:34:12 - ai_model - DEBUG - ✅ AI模型初始化完成
2025-12-10 17:34:12 - ai_model - DEBUG -    模型: deepseek-ai/DeepSeek-V3
2025-12-10 17:34:12 - ai_model - DEBUG -    Base URL: https://api.siliconflow.cn/v1
2025-12-10 17:34:12 - ai_model - DEBUG -    API Key: sk-gsaohhwdtofontqfo...rolhikfqmy
2025-12-10 17:38:27 - ai_model - DEBUG - ✅ AI模型初始化完成
2025-12-10 17:38:27 - ai_model - DEBUG -    模型: deepseek-ai/DeepSeek-V3
2025-12-10 17:38:27 - ai_model - DEBUG -    Base URL: https://api.siliconflow.cn/v1
2025-12-10 17:38:27 - ai_model - DEBUG -    API Key: sk-gsaohhwdtofontqfo...rolhikfqmy
2025-12-10 17:38:31 - ai_model - DEBUG - ✅ AI模型初始化完成
2025-12-10 17:38:31 - ai_model - DEBUG -    模型: deepseek-ai/DeepSeek-V3
2025-12-10 17:38:31 - ai_model - DEBUG -    Base URL: https://api.siliconflow.cn/v1
2025-12-10 17:38:31 - ai_model - DEBUG -    API Key: sk-gsaohhwdtofontqfo...rolhikfqmy
2025-12-10 17:38:35 - ai_model - DEBUG - ✅ AI模型初始化完成
2025-12-10 17:38:35 - ai_model - DEBUG -    模型: deepseek-ai/DeepSeek-V3
2025-12-10 17:38:35 - ai_model - DEBUG -    Base URL: https://api.siliconflow.cn/v1
2025-12-10 17:38:35 - ai_model - DEBUG -    API Key: sk-gsaohhwdtofontqfo...rolhikfqmy
2025-12-10 17:38:44 - ai_model - DEBUG - ✅ AI模型初始化完成
2025-12-10 17:38:44 - ai_model - DEBUG -    模型: deepseek-ai/DeepSeek-V3
2025-12-10 17:38:44 - ai_model - DEBUG -    Base URL: https://api.siliconflow.cn/v1
2025-12-10 17:38:44 - ai_model - DEBUG -    API Key: sk-gsaohhwdtofontqfo...rolhikfqmy
2025-12-10 17:38:45 - ai_model - DEBUG - ✅ AI模型初始化完成
2025-12-10 17:38:45 - ai_model - DEBUG -    模型: deepseek-ai/DeepSeek-V3
2025-12-10 17:38:45 - ai_model - DEBUG -    Base URL: https://api.siliconflow.cn/v1
2025-12-10 17:38:45 - ai_model - DEBUG -    API Key: sk-gsaohhwdtofontqfo...rolhikfqmy
2025-12-10 17:46:25 - ai_model - DEBUG - ✅ AI模型初始化完成
2025-12-10 17:46:25 - ai_model - DEBUG -    模型: deepseek-ai/DeepSeek-V3
2025-12-10 17:46:25 - ai_model - DEBUG -    Base URL: https://api.siliconflow.cn/v1
2025-12-10 17:46:25 - ai_model - DEBUG -    API Key: sk-gsaohhwdtofontqfo...rolhikfqmy
2025-12-10 17:46:27 - ai_model - DEBUG - ✅ AI模型初始化完成
2025-12-10 17:46:27 - ai_model - DEBUG -    模型: deepseek-ai/DeepSeek-V3
2025-12-10 17:46:27 - ai_model - DEBUG -    Base URL: https://api.siliconflow.cn/v1
2025-12-10 17:46:27 - ai_model - DEBUG -    API Key: sk-gsaohhwdtofontqfo...rolhikfqmy
2025-12-10 17:46:36 - ai_model - DEBUG - ✅ AI模型初始化完成
2025-12-10 17:46:36 - ai_model - DEBUG -    模型: deepseek-ai/DeepSeek-V3
2025-12-10 17:46:36 - ai_model - DEBUG -    Base URL: https://api.siliconflow.cn/v1
2025-12-10 17:46:36 - ai_model - DEBUG -    API Key: sk-gsaohhwdtofontqfo...rolhikfqmy
2025-12-10 17:46:43 - ai_model - DEBUG - ✅ AI模型初始化完成
2025-12-10 17:46:43 - ai_model - DEBUG -    模型: deepseek-ai/DeepSeek-V3
2025-12-10 17:46:43 - ai_model - DEBUG -    Base URL: https://api.siliconflow.cn/v1
2025-12-10 17:46:43 - ai_model - DEBUG -    API Key: sk-gsaohhwdtofontqfo...rolhikfqmy
2025-12-10 17:46:43 - ai_model - DEBUG - ✅ AI模型初始化完成
2025-12-10 17:46:43 - ai_model - DEBUG -    模型: deepseek-ai/DeepSeek-V3
2025-12-10 17:46:43 - ai_model - DEBUG -    Base URL: https://api.siliconflow.cn/v1
2025-12-10 17:46:43 - ai_model - DEBUG -    API Key: sk-gsaohhwdtofontqfo...rolhikfqmy
2025-12-10 17:54:04 - ai_model - DEBUG - ✅ AI模型初始化完成
2025-12-10 17:54:04 - ai_model - DEBUG -    模型: deepseek-ai/DeepSeek-V3
2025-12-10 17:54:04 - ai_model - DEBUG -    Base URL: https://api.siliconflow.cn/v1
2025-12-10 17:54:04 - ai_model - DEBUG -    API Key: sk-gsaohhwdtofontqfo...rolhikfqmy
2025-12-10 17:54:06 - ai_model - DEBUG - ✅ AI模型初始化完成
2025-12-10 17:54:06 - ai_model - DEBUG -    模型: deepseek-ai/DeepSeek-V3
2025-12-10 17:54:06 - ai_model - DEBUG -    Base URL: https://api.siliconflow.cn/v1
2025-12-10 17:54:06 - ai_model - DEBUG -    API Key: sk-gsaohhwdtofontqfo...rolhikfqmy
2025-12-10 17:54:09 - ai_model - DEBUG - ✅ AI模型初始化完成
2025-12-10 17:54:09 - ai_model - DEBUG -    模型: deepseek-ai/DeepSeek-V3
2025-12-10 17:54:09 - ai_model - DEBUG -    Base URL: https://api.siliconflow.cn/v1
2025-12-10 17:54:09 - ai_model - DEBUG -    API Key: sk-gsaohhwdtofontqfo...rolhikfqmy
2025-12-10 17:54:14 - ai_model - DEBUG - ✅ AI模型初始化完成
2025-12-10 17:54:14 - ai_model - DEBUG -    模型: deepseek-ai/DeepSeek-V3
2025-12-10 17:54:14 - ai_model - DEBUG -    Base URL: https://api.siliconflow.cn/v1
2025-12-10 17:54:14 - ai_model - DEBUG -    API Key: sk-gsaohhwdtofontqfo...rolhikfqmy
2025-12-10 17:54:14 - ai_model - DEBUG - ✅ AI模型初始化完成
2025-12-10 17:54:14 - ai_model - DEBUG -    模型: deepseek-ai/DeepSeek-V3
2025-12-10 17:54:14 - ai_model - DEBUG -    Base URL: https://api.siliconflow.cn/v1
2025-12-10 17:54:14 - ai_model - DEBUG -    API Key: sk-gsaohhwdtofontqfo...rolhikfqmy
2025-12-10 18:00:31 - ai_model - DEBUG - ✅ AI模型初始化完成
2025-12-10 18:00:31 - ai_model - DEBUG -    模型: deepseek-ai/DeepSeek-V3
2025-12-10 18:00:31 - ai_model - DEBUG -    Base URL: https://api.siliconflow.cn/v1
2025-12-10 18:00:31 - ai_model - DEBUG -    API Key: sk-gsaohhwdtofontqfo...rolhikfqmy
2025-12-10 18:00:33 - ai_model - DEBUG - ✅ AI模型初始化完成
2025-12-10 18:00:33 - ai_model - DEBUG -    模型: deepseek-ai/DeepSeek-V3
2025-12-10 18:00:33 - ai_model - DEBUG -    Base URL: https://api.siliconflow.cn/v1
2025-12-10 18:00:33 - ai_model - DEBUG -    API Key: sk-gsaohhwdtofontqfo...rolhikfqmy
2025-12-10 18:00:41 - ai_model - DEBUG - ✅ AI模型初始化完成
2025-12-10 18:00:41 - ai_model - DEBUG -    模型: deepseek-ai/DeepSeek-V3
2025-12-10 18:00:41 - ai_model - DEBUG -    Base URL: https://api.siliconflow.cn/v1
2025-12-10 18:00:41 - ai_model - DEBUG -    API Key: sk-gsaohhwdtofontqfo...rolhikfqmy
2025-12-10 18:01:02 - ai_model - DEBUG - ✅ AI模型初始化完成
2025-12-10 18:01:02 - ai_model - DEBUG -    模型: deepseek-ai/DeepSeek-V3
2025-12-10 18:01:02 - ai_model - DEBUG -    Base URL: https://api.siliconflow.cn/v1
2025-12-10 18:01:02 - ai_model - DEBUG -    API Key: sk-gsaohhwdtofontqfo...rolhikfqmy
2025-12-10 18:01:03 - ai_model - DEBUG - ✅ AI模型初始化完成
2025-12-10 18:01:03 - ai_model - DEBUG -    模型: deepseek-ai/DeepSeek-V3
2025-12-10 18:01:03 - ai_model - DEBUG -    Base URL: https://api.siliconflow.cn/v1
2025-12-10 18:01:03 - ai_model - DEBUG -    API Key: sk-gsaohhwdtofontqfo...rolhikfqmy
2025-12-10 18:03:32 - ai_model - DEBUG - ✅ AI模型初始化完成
2025-12-10 18:03:32 - ai_model - DEBUG -    模型: deepseek-ai/DeepSeek-V3
2025-12-10 18:03:32 - ai_model - DEBUG -    Base URL: https://api.siliconflow.cn/v1
2025-12-10 18:03:32 - ai_model - DEBUG -    API Key: sk-gsaohhwdtofontqfo...rolhikfqmy
2025-12-10 18:03:33 - ai_model - DEBUG - ✅ AI模型初始化完成
2025-12-10 18:03:33 - ai_model - DEBUG -    模型: deepseek-ai/DeepSeek-V3
2025-12-10 18:03:33 - ai_model - DEBUG -    Base URL: https://api.siliconflow.cn/v1
2025-12-10 18:03:33 - ai_model - DEBUG -    API Key: sk-gsaohhwdtofontqfo...rolhikfqmy
2025-12-10 18:03:47 - ai_model - DEBUG - ✅ AI模型初始化完成
2025-12-10 18:03:47 - ai_model - DEBUG -    模型: deepseek-ai/DeepSeek-V3
2025-12-10 18:03:47 - ai_model - DEBUG -    Base URL: https://api.siliconflow.cn/v1
2025-12-10 18:03:47 - ai_model - DEBUG -    API Key: sk-gsaohhwdtofontqfo...rolhikfqmy
2025-12-10 18:03:47 - ai_model - DEBUG - ✅ AI模型初始化完成
2025-12-10 18:03:47 - ai_model - DEBUG -    模型: deepseek-ai/DeepSeek-V3
2025-12-10 18:03:47 - ai_model - DEBUG -    Base URL: https://api.siliconflow.cn/v1
2025-12-10 18:03:47 - ai_model - DEBUG -    API Key: sk-gsaohhwdtofontqfo...rolhikfqmy
2025-12-10 18:03:56 - ai_model - DEBUG - ✅ AI模型初始化完成
2025-12-10 18:03:56 - ai_model - DEBUG -    模型: deepseek-ai/DeepSeek-V3
2025-12-10 18:03:56 - ai_model - DEBUG -    Base URL: https://api.siliconflow.cn/v1
2025-12-10 18:03:56 - ai_model - DEBUG -    API Key: sk-gsaohhwdtofontqfo...rolhikfqmy
2025-12-10 18:04:08 - ai_model - DEBUG - ✅ AI模型初始化完成
2025-12-10 18:04:08 - ai_model - DEBUG -    模型: deepseek-ai/DeepSeek-V3
2025-12-10 18:04:08 - ai_model - DEBUG -    Base URL: https://api.siliconflow.cn/v1
2025-12-10 18:04:08 - ai_model - DEBUG -    API Key: sk-gsaohhwdtofontqfo...rolhikfqmy
2025-12-10 18:04:15 - ai_model - DEBUG - ✅ AI模型初始化完成
2025-12-10 18:04:15 - ai_model - DEBUG -    模型: deepseek-ai/DeepSeek-V3
2025-12-10 18:04:15 - ai_model - DEBUG -    Base URL: https://api.siliconflow.cn/v1
2025-12-10 18:04:15 - ai_model - DEBUG -    API Key: sk-gsaohhwdtofontqfo...rolhikfqmy
2025-12-10 18:04:22 - ai_model - DEBUG - ✅ AI模型初始化完成
2025-12-10 18:04:22 - ai_model - DEBUG -    模型: deepseek-ai/DeepSeek-V3
2025-12-10 18:04:22 - ai_model - DEBUG -    Base URL: https://api.siliconflow.cn/v1
2025-12-10 18:04:22 - ai_model - DEBUG -    API Key: sk-gsaohhwdtofontqfo...rolhikfqmy
2025-12-10 18:04:22 - ai_model - DEBUG - ✅ AI模型初始化完成
2025-12-10 18:04:22 - ai_model - DEBUG -    模型: deepseek-ai/DeepSeek-V3
2025-12-10 18:04:22 - ai_model - DEBUG -    Base URL: https://api.siliconflow.cn/v1
2025-12-10 18:04:22 - ai_model - DEBUG -    API Key: sk-gsaohhwdtofontqfo...rolhikfqmy
2025-12-10 18:06:04 - ai_model - DEBUG - ✅ AI模型初始化完成
2025-12-10 18:06:04 - ai_model - DEBUG -    模型: deepseek-ai/DeepSeek-V3
2025-12-10 18:06:04 - ai_model - DEBUG -    Base URL: https://api.siliconflow.cn/v1
2025-12-10 18:06:04 - ai_model - DEBUG -    API Key: sk-gsaohhwdtofontqfo...rolhikfqmy
2025-12-10 18:06:06 - ai_model - DEBUG - ✅ AI模型初始化完成
2025-12-10 18:06:06 - ai_model - DEBUG -    模型: deepseek-ai/DeepSeek-V3
2025-12-10 18:06:06 - ai_model - DEBUG -    Base URL: https://api.siliconflow.cn/v1
2025-12-10 18:06:06 - ai_model - DEBUG -    API Key: sk-gsaohhwdtofontqfo...rolhikfqmy
2025-12-10 18:06:08 - ai_model - DEBUG - ✅ AI模型初始化完成
2025-12-10 18:06:08 - ai_model - DEBUG -    模型: deepseek-ai/DeepSeek-V3
2025-12-10 18:06:08 - ai_model - DEBUG -    Base URL: https://api.siliconflow.cn/v1
2025-12-10 18:06:08 - ai_model - DEBUG -    API Key: sk-gsaohhwdtofontqfo...rolhikfqmy
2025-12-10 18:06:09 - ai_model - DEBUG - ✅ AI模型初始化完成
2025-12-10 18:06:09 - ai_model - DEBUG -    模型: deepseek-ai/DeepSeek-V3
2025-12-10 18:06:09 - ai_model - DEBUG -    Base URL: https://api.siliconflow.cn/v1
2025-12-10 18:06:09 - ai_model - DEBUG -    API Key: sk-gsaohhwdtofontqfo...rolhikfqmy
2025-12-10 18:06:16 - ai_model - DEBUG - ✅ AI模型初始化完成
2025-12-10 18:06:16 - ai_model - DEBUG -    模型: deepseek-ai/DeepSeek-V3
2025-12-10 18:06:16 - ai_model - DEBUG -    Base URL: https://api.siliconflow.cn/v1
2025-12-10 18:06:16 - ai_model - DEBUG -    API Key: sk-gsaohhwdtofontqfo...rolhikfqmy
2025-12-10 18:06:18 - ai_model - DEBUG - ✅ AI模型初始化完成
2025-12-10 18:06:18 - ai_model - DEBUG -    模型: deepseek-ai/DeepSeek-V3
2025-12-10 18:06:18 - ai_model - DEBUG -    Base URL: https://api.siliconflow.cn/v1
2025-12-10 18:06:18 - ai_model - DEBUG -    API Key: sk-gsaohhwdtofontqfo...rolhikfqmy
2025-12-10 18:06:21 - ai_model - DEBUG - ✅ AI模型初始化完成
2025-12-10 18:06:21 - ai_model - DEBUG -    模型: deepseek-ai/DeepSeek-V3
2025-12-10 18:06:21 - ai_model - DEBUG -    Base URL: https://api.siliconflow.cn/v1
2025-12-10 18:06:21 - ai_model - DEBUG -    API Key: sk-gsaohhwdtofontqfo...rolhikfqmy
2025-12-10 18:06:27 - ai_model - DEBUG - ✅ AI模型初始化完成
2025-12-10 18:06:27 - ai_model - DEBUG -    模型: deepseek-ai/DeepSeek-V3
2025-12-10 18:06:27 - ai_model - DEBUG -    Base URL: https://api.siliconflow.cn/v1
2025-12-10 18:06:27 - ai_model - DEBUG -    API Key: sk-gsaohhwdtofontqfo...rolhikfqmy
2025-12-10 18:06:27 - ai_model - DEBUG - ✅ AI模型初始化完成
2025-12-10 18:06:27 - ai_model - DEBUG -    模型: deepseek-ai/DeepSeek-V3
2025-12-10 18:06:27 - ai_model - DEBUG -    Base URL: https://api.siliconflow.cn/v1
2025-12-10 18:06:27 - ai_model - DEBUG -    API Key: sk-gsaohhwdtofontqfo...rolhikfqmy
2025-12-10 18:10:19 - ai_model - DEBUG - ✅ AI模型初始化完成
2025-12-10 18:10:19 - ai_model - DEBUG -    模型: deepseek-ai/DeepSeek-V3
2025-12-10 18:10:19 - ai_model - DEBUG -    Base URL: https://api.siliconflow.cn/v1
2025-12-10 18:10:19 - ai_model - DEBUG -    API Key: sk-gsaohhwdtofontqfo...rolhikfqmy
2025-12-10 18:10:20 - ai_model - DEBUG - ✅ AI模型初始化完成
2025-12-10 18:10:20 - ai_model - DEBUG -    模型: deepseek-ai/DeepSeek-V3
2025-12-10 18:10:20 - ai_model - DEBUG -    Base URL: https://api.siliconflow.cn/v1
2025-12-10 18:10:20 - ai_model - DEBUG -    API Key: sk-gsaohhwdtofontqfo...rolhikfqmy
2025-12-10 18:10:28 - ai_model - DEBUG - ✅ AI模型初始化完成
2025-12-10 18:10:28 - ai_model - DEBUG -    模型: deepseek-ai/DeepSeek-V3
2025-12-10 18:10:28 - ai_model - DEBUG -    Base URL: https://api.siliconflow.cn/v1
2025-12-10 18:10:28 - ai_model - DEBUG -    API Key: sk-gsaohhwdtofontqfo...rolhikfqmy
2025-12-10 18:10:28 - ai_model - DEBUG - ✅ AI模型初始化完成
2025-12-10 18:10:28 - ai_model - DEBUG -    模型: deepseek-ai/DeepSeek-V3
2025-12-10 18:10:28 - ai_model - DEBUG -    Base URL: https://api.siliconflow.cn/v1
2025-12-10 18:10:28 - ai_model - DEBUG -    API Key: sk-gsaohhwdtofontqfo...rolhikfqmy
2025-12-10 18:10:34 - ai_model - DEBUG - ✅ AI模型初始化完成
2025-12-10 18:10:34 - ai_model - DEBUG -    模型: deepseek-ai/DeepSeek-V3
2025-12-10 18:10:34 - ai_model - DEBUG -    Base URL: https://api.siliconflow.cn/v1
2025-12-10 18:10:34 - ai_model - DEBUG -    API Key: sk-gsaohhwdtofontqfo...rolhikfqmy
2025-12-10 18:10:36 - ai_model - DEBUG - ✅ AI模型初始化完成
2025-12-10 18:10:36 - ai_model - DEBUG -    模型: deepseek-ai/DeepSeek-V3
2025-12-10 18:10:36 - ai_model - DEBUG -    Base URL: https://api.siliconflow.cn/v1
2025-12-10 18:10:36 - ai_model - DEBUG -    API Key: sk-gsaohhwdtofontqfo...rolhikfqmy
2025-12-10 18:10:38 - ai_model - DEBUG - ✅ AI模型初始化完成
2025-12-10 18:10:38 - ai_model - DEBUG -    模型: deepseek-ai/DeepSeek-V3
2025-12-10 18:10:38 - ai_model - DEBUG -    Base URL: https://api.siliconflow.cn/v1
2025-12-10 18:10:38 - ai_model - DEBUG -    API Key: sk-gsaohhwdtofontqfo...rolhikfqmy
2025-12-10 18:10:41 - ai_model - DEBUG - ✅ AI模型初始化完成
2025-12-10 18:10:41 - ai_model - DEBUG -    模型: deepseek-ai/DeepSeek-V3
2025-12-10 18:10:41 - ai_model - DEBUG -    Base URL: https://api.siliconflow.cn/v1
2025-12-10 18:10:41 - ai_model - DEBUG -    API Key: sk-gsaohhwdtofontqfo...rolhikfqmy
2025-12-10 18:10:41 - ai_model - DEBUG - ✅ AI模型初始化完成
2025-12-10 18:10:41 - ai_model - DEBUG -    模型: deepseek-ai/DeepSeek-V3
2025-12-10 18:10:41 - ai_model - DEBUG -    Base URL: https://api.siliconflow.cn/v1
2025-12-10 18:10:41 - ai_model - DEBUG -    API Key: sk-gsaohhwdtofontqfo...rolhikfqmy
2025-12-10 18:12:19 - ai_model - DEBUG - ✅ AI模型初始化完成
2025-12-10 18:12:19 - ai_model - DEBUG -    模型: deepseek-ai/DeepSeek-V3
2025-12-10 18:12:19 - ai_model - DEBUG -    Base URL: https://api.siliconflow.cn/v1
2025-12-10 18:12:19 - ai_model - DEBUG -    API Key: sk-gsaohhwdtofontqfo...rolhikfqmy
2025-12-10 18:12:22 - ai_model - DEBUG - ✅ AI模型初始化完成
2025-12-10 18:12:22 - ai_model - DEBUG -    模型: deepseek-ai/DeepSeek-V3
2025-12-10 18:12:22 - ai_model - DEBUG -    Base URL: https://api.siliconflow.cn/v1
2025-12-10 18:12:22 - ai_model - DEBUG -    API Key: sk-gsaohhwdtofontqfo...rolhikfqmy
2025-12-10 18:12:24 - ai_model - DEBUG - ✅ AI模型初始化完成
2025-12-10 18:12:24 - ai_model - DEBUG -    模型: deepseek-ai/DeepSeek-V3
2025-12-10 18:12:24 - ai_model - DEBUG -    Base URL: https://api.siliconflow.cn/v1
2025-12-10 18:12:24 - ai_model - DEBUG -    API Key: sk-gsaohhwdtofontqfo...rolhikfqmy
2025-12-10 18:12:30 - ai_model - DEBUG - ✅ AI模型初始化完成
2025-12-10 18:12:30 - ai_model - DEBUG -    模型: deepseek-ai/DeepSeek-V3
2025-12-10 18:12:30 - ai_model - DEBUG -    Base URL: https://api.siliconflow.cn/v1
2025-12-10 18:12:30 - ai_model - DEBUG -    API Key: sk-gsaohhwdtofontqfo...rolhikfqmy
2025-12-10 18:12:30 - ai_model - DEBUG - ✅ AI模型初始化完成
2025-12-10 18:12:30 - ai_model - DEBUG -    模型: deepseek-ai/DeepSeek-V3
2025-12-10 18:12:30 - ai_model - DEBUG -    Base URL: https://api.siliconflow.cn/v1
2025-12-10 18:12:30 - ai_model - DEBUG -    API Key: sk-gsaohhwdtofontqfo...rolhikfqmy
2025-12-10 18:21:59 - ai_model - DEBUG - ✅ AI模型初始化完成
2025-12-10 18:21:59 - ai_model - DEBUG -    模型: deepseek-ai/DeepSeek-V3
2025-12-10 18:21:59 - ai_model - DEBUG -    Base URL: https://api.siliconflow.cn/v1
2025-12-10 18:21:59 - ai_model - DEBUG -    API Key: sk-gsaohhwdtofontqfo...rolhikfqmy
2025-12-10 18:22:00 - ai_model - DEBUG - ✅ AI模型初始化完成
2025-12-10 18:22:00 - ai_model - DEBUG -    模型: deepseek-ai/DeepSeek-V3
2025-12-10 18:22:00 - ai_model - DEBUG -    Base URL: https://api.siliconflow.cn/v1
2025-12-10 18:22:00 - ai_model - DEBUG -    API Key: sk-gsaohhwdtofontqfo...rolhikfqmy
2025-12-10 18:22:08 - ai_model - DEBUG - ✅ AI模型初始化完成
2025-12-10 18:22:08 - ai_model - DEBUG -    模型: deepseek-ai/DeepSeek-V3
2025-12-10 18:22:08 - ai_model - DEBUG -    Base URL: https://api.siliconflow.cn/v1
2025-12-10 18:22:08 - ai_model - DEBUG -    API Key: sk-gsaohhwdtofontqfo...rolhikfqmy
2025-12-10 18:26:36 - ai_model - DEBUG - ✅ AI模型初始化完成
2025-12-10 18:26:36 - ai_model - DEBUG -    模型: deepseek-ai/DeepSeek-V3
2025-12-10 18:26:36 - ai_model - DEBUG -    Base URL: https://api.siliconflow.cn/v1
2025-12-10 18:26:36 - ai_model - DEBUG -    API Key: sk-gsaohhwdtofontqfo...rolhikfqmy
2025-12-10 18:26:39 - ai_model - DEBUG - ✅ AI模型初始化完成
2025-12-10 18:26:39 - ai_model - DEBUG -    模型: deepseek-ai/DeepSeek-V3
2025-12-10 18:26:39 - ai_model - DEBUG -    Base URL: https://api.siliconflow.cn/v1
2025-12-10 18:26:39 - ai_model - DEBUG -    API Key: sk-gsaohhwdtofontqfo...rolhikfqmy
2025-12-10 18:26:43 - ai_model - DEBUG - ✅ AI模型初始化完成
2025-12-10 18:26:43 - ai_model - DEBUG -    模型: deepseek-ai/DeepSeek-V3
2025-12-10 18:26:43 - ai_model - DEBUG -    Base URL: https://api.siliconflow.cn/v1
2025-12-10 18:26:43 - ai_model - DEBUG -    API Key: sk-gsaohhwdtofontqfo...rolhikfqmy
2025-12-10 18:27:08 - ai_model - DEBUG - ✅ AI模型初始化完成
2025-12-10 18:27:08 - ai_model - DEBUG -    模型: deepseek-ai/DeepSeek-V3
2025-12-10 18:27:08 - ai_model - DEBUG -    Base URL: https://api.siliconflow.cn/v1
2025-12-10 18:27:08 - ai_model - DEBUG -    API Key: sk-gsaohhwdtofontqfo...rolhikfqmy
2025-12-10 18:27:09 - ai_model - DEBUG - ✅ AI模型初始化完成
2025-12-10 18:27:09 - ai_model - DEBUG -    模型: deepseek-ai/DeepSeek-V3
2025-12-10 18:27:09 - ai_model - DEBUG -    Base URL: https://api.siliconflow.cn/v1
2025-12-10 18:27:09 - ai_model - DEBUG -    API Key: sk-gsaohhwdtofontqfo...rolhikfqmy
2025-12-10 18:27:12 - ai_model - DEBUG - ✅ AI模型初始化完成
2025-12-10 18:27:12 - ai_model - DEBUG -    模型: deepseek-ai/DeepSeek-V3
2025-12-10 18:27:12 - ai_model - DEBUG -    Base URL: https://api.siliconflow.cn/v1
2025-12-10 18:27:12 - ai_model - DEBUG -    API Key: sk-gsaohhwdtofontqfo...rolhikfqmy
2025-12-10 18:27:12 - ai_model - DEBUG - ✅ AI模型初始化完成
2025-12-10 18:27:12 - ai_model - DEBUG -    模型: deepseek-ai/DeepSeek-V3
2025-12-10 18:27:12 - ai_model - DEBUG -    Base URL: https://api.siliconflow.cn/v1
2025-12-10 18:27:12 - ai_model - DEBUG -    API Key: sk-gsaohhwdtofontqfo...rolhikfqmy
2025-12-10 18:27:18 - ai_model - DEBUG - ✅ AI模型初始化完成
2025-12-10 18:27:18 - ai_model - DEBUG -    模型: deepseek-ai/DeepSeek-V3
2025-12-10 18:27:18 - ai_model - DEBUG -    Base URL: https://api.siliconflow.cn/v1
2025-12-10 18:27:18 - ai_model - DEBUG -    API Key: sk-gsaohhwdtofontqfo...rolhikfqmy
2025-12-10 18:27:20 - ai_model - DEBUG - ✅ AI模型初始化完成
2025-12-10 18:27:20 - ai_model - DEBUG -    模型: deepseek-ai/DeepSeek-V3
2025-12-10 18:27:20 - ai_model - DEBUG -    Base URL: https://api.siliconflow.cn/v1
2025-12-10 18:27:20 - ai_model - DEBUG -    API Key: sk-gsaohhwdtofontqfo...rolhikfqmy
2025-12-10 18:27:24 - ai_model - DEBUG - ✅ AI模型初始化完成
2025-12-10 18:27:24 - ai_model - DEBUG -    模型: deepseek-ai/DeepSeek-V3
2025-12-10 18:27:24 - ai_model - DEBUG -    Base URL: https://api.siliconflow.cn/v1
2025-12-10 18:27:24 - ai_model - DEBUG -    API Key: sk-gsaohhwdtofontqfo...rolhikfqmy
2025-12-10 18:27:27 - ai_model - DEBUG - ✅ AI模型初始化完成
2025-12-10 18:27:27 - ai_model - DEBUG -    模型: deepseek-ai/DeepSeek-V3
2025-12-10 18:27:27 - ai_model - DEBUG -    Base URL: https://api.siliconflow.cn/v1
2025-12-10 18:27:27 - ai_model - DEBUG -    API Key: sk-gsaohhwdtofontqfo...rolhikfqmy
2025-12-10 18:27:27 - ai_model - DEBUG - ✅ AI模型初始化完成
2025-12-10 18:27:27 - ai_model - DEBUG -    模型: deepseek-ai/DeepSeek-V3
2025-12-10 18:27:27 - ai_model - DEBUG -    Base URL: https://api.siliconflow.cn/v1
2025-12-10 18:27:27 - ai_model - DEBUG -    API Key: sk-gsaohhwdtofontqfo...rolhikfqmy
2025-12-11 09:40:44 - ai_model - DEBUG - ✅ AI模型初始化完成
2025-12-11 09:40:44 - ai_model - DEBUG -    模型: deepseek-ai/DeepSeek-V3
2025-12-11 09:40:44 - ai_model - DEBUG -    Base URL: https://api.siliconflow.cn/v1
2025-12-11 09:40:44 - ai_model - DEBUG -    API Key: sk-gsaohhwdtofontqfo...rolhikfqmy
2025-12-11 09:40:46 - ai_model - DEBUG - ✅ AI模型初始化完成
2025-12-11 09:40:46 - ai_model - DEBUG -    模型: deepseek-ai/DeepSeek-V3
2025-12-11 09:40:46 - ai_model - DEBUG -    Base URL: https://api.siliconflow.cn/v1
2025-12-11 09:40:46 - ai_model - DEBUG -    API Key: sk-gsaohhwdtofontqfo...rolhikfqmy
2025-12-11 09:40:53 - ai_model - DEBUG - ✅ AI模型初始化完成
2025-12-11 09:40:53 - ai_model - DEBUG -    模型: deepseek-ai/DeepSeek-V3
2025-12-11 09:40:53 - ai_model - DEBUG -    Base URL: https://api.siliconflow.cn/v1
2025-12-11 09:40:53 - ai_model - DEBUG -    API Key: sk-gsaohhwdtofontqfo...rolhikfqmy
2025-12-11 09:40:53 - ai_model - DEBUG - ✅ AI模型初始化完成
2025-12-11 09:40:53 - ai_model - DEBUG -    模型: deepseek-ai/DeepSeek-V3
2025-12-11 09:40:53 - ai_model - DEBUG -    Base URL: https://api.siliconflow.cn/v1
2025-12-11 09:40:53 - ai_model - DEBUG -    API Key: sk-gsaohhwdtofontqfo...rolhikfqmy
2025-12-11 09:41:03 - ai_model - DEBUG - ✅ AI模型初始化完成
2025-12-11 09:41:03 - ai_model - DEBUG -    模型: deepseek-ai/DeepSeek-V3
2025-12-11 09:41:03 - ai_model - DEBUG -    Base URL: https://api.siliconflow.cn/v1
2025-12-11 09:41:03 - ai_model - DEBUG -    API Key: sk-gsaohhwdtofontqfo...rolhikfqmy
2025-12-11 09:41:04 - ai_model - DEBUG - ✅ AI模型初始化完成
2025-12-11 09:41:04 - ai_model - DEBUG -    模型: deepseek-ai/DeepSeek-V3
2025-12-11 09:41:04 - ai_model - DEBUG -    Base URL: https://api.siliconflow.cn/v1
2025-12-11 09:41:04 - ai_model - DEBUG -    API Key: sk-gsaohhwdtofontqfo...rolhikfqmy
2025-12-11 09:41:07 - ai_model - DEBUG - ✅ AI模型初始化完成
2025-12-11 09:41:07 - ai_model - DEBUG -    模型: deepseek-ai/DeepSeek-V3
2025-12-11 09:41:07 - ai_model - DEBUG -    Base URL: https://api.siliconflow.cn/v1
2025-12-11 09:41:07 - ai_model - DEBUG -    API Key: sk-gsaohhwdtofontqfo...rolhikfqmy
2025-12-11 09:41:14 - ai_model - DEBUG - ✅ AI模型初始化完成
2025-12-11 09:41:14 - ai_model - DEBUG -    模型: deepseek-ai/DeepSeek-V3
2025-12-11 09:41:14 - ai_model - DEBUG -    Base URL: https://api.siliconflow.cn/v1
2025-12-11 09:41:14 - ai_model - DEBUG -    API Key: sk-gsaohhwdtofontqfo...rolhikfqmy
2025-12-11 09:41:14 - ai_model - DEBUG - ✅ AI模型初始化完成
2025-12-11 09:41:14 - ai_model - DEBUG -    模型: deepseek-ai/DeepSeek-V3
2025-12-11 09:41:14 - ai_model - DEBUG -    Base URL: https://api.siliconflow.cn/v1
2025-12-11 09:41:14 - ai_model - DEBUG -    API Key: sk-gsaohhwdtofontqfo...rolhikfqmy
2025-12-11 09:42:34 - ai_model - DEBUG - ✅ AI模型初始化完成
2025-12-11 09:42:34 - ai_model - DEBUG -    模型: deepseek-ai/DeepSeek-V3
2025-12-11 09:42:34 - ai_model - DEBUG -    Base URL: https://api.siliconflow.cn/v1
2025-12-11 09:42:34 - ai_model - DEBUG -    API Key: sk-gsaohhwdtofontqfo...rolhikfqmy
2025-12-11 09:42:36 - ai_model - DEBUG - ✅ AI模型初始化完成
2025-12-11 09:42:36 - ai_model - DEBUG -    模型: deepseek-ai/DeepSeek-V3
2025-12-11 09:42:36 - ai_model - DEBUG -    Base URL: https://api.siliconflow.cn/v1
2025-12-11 09:42:36 - ai_model - DEBUG -    API Key: sk-gsaohhwdtofontqfo...rolhikfqmy
2025-12-11 09:42:39 - ai_model - DEBUG - ✅ AI模型初始化完成
2025-12-11 09:42:39 - ai_model - DEBUG -    模型: deepseek-ai/DeepSeek-V3
2025-12-11 09:42:39 - ai_model - DEBUG -    Base URL: https://api.siliconflow.cn/v1
2025-12-11 09:42:39 - ai_model - DEBUG -    API Key: sk-gsaohhwdtofontqfo...rolhikfqmy
2025-12-11 09:42:44 - ai_model - DEBUG - ✅ AI模型初始化完成
2025-12-11 09:42:44 - ai_model - DEBUG -    模型: deepseek-ai/DeepSeek-V3
2025-12-11 09:42:44 - ai_model - DEBUG -    Base URL: https://api.siliconflow.cn/v1
2025-12-11 09:42:44 - ai_model - DEBUG -    API Key: sk-gsaohhwdtofontqfo...rolhikfqmy
2025-12-11 09:42:45 - ai_model - DEBUG - ✅ AI模型初始化完成
2025-12-11 09:42:45 - ai_model - DEBUG -    模型: deepseek-ai/DeepSeek-V3
2025-12-11 09:42:45 - ai_model - DEBUG -    Base URL: https://api.siliconflow.cn/v1
2025-12-11 09:42:45 - ai_model - DEBUG -    API Key: sk-gsaohhwdtofontqfo...rolhikfqmy
2025-12-11 09:44:19 - ai_model - DEBUG - ✅ AI模型初始化完成
2025-12-11 09:44:19 - ai_model - DEBUG -    模型: deepseek-ai/DeepSeek-V3
2025-12-11 09:44:19 - ai_model - DEBUG -    Base URL: https://api.siliconflow.cn/v1
2025-12-11 09:44:19 - ai_model - DEBUG -    API Key: sk-gsaohhwdtofontqfo...rolhikfqmy
2025-12-11 09:44:23 - ai_model - DEBUG - ✅ AI模型初始化完成
2025-12-11 09:44:23 - ai_model - DEBUG -    模型: deepseek-ai/DeepSeek-V3
2025-12-11 09:44:23 - ai_model - DEBUG -    Base URL: https://api.siliconflow.cn/v1
2025-12-11 09:44:23 - ai_model - DEBUG -    API Key: sk-gsaohhwdtofontqfo...rolhikfqmy
2025-12-11 09:44:30 - ai_model - DEBUG - ✅ AI模型初始化完成
2025-12-11 09:44:30 - ai_model - DEBUG -    模型: deepseek-ai/DeepSeek-V3
2025-12-11 09:44:30 - ai_model - DEBUG -    Base URL: https://api.siliconflow.cn/v1
2025-12-11 09:44:30 - ai_model - DEBUG -    API Key: sk-gsaohhwdtofontqfo...rolhikfqmy
2025-12-11 09:44:36 - ai_model - DEBUG - ✅ AI模型初始化完成
2025-12-11 09:44:36 - ai_model - DEBUG -    模型: deepseek-ai/DeepSeek-V3
2025-12-11 09:44:36 - ai_model - DEBUG -    Base URL: https://api.siliconflow.cn/v1
2025-12-11 09:44:36 - ai_model - DEBUG -    API Key: sk-gsaohhwdtofontqfo...rolhikfqmy
2025-12-11 09:44:36 - ai_model - DEBUG - ✅ AI模型初始化完成
2025-12-11 09:44:36 - ai_model - DEBUG -    模型: deepseek-ai/DeepSeek-V3
2025-12-11 09:44:36 - ai_model - DEBUG -    Base URL: https://api.siliconflow.cn/v1
2025-12-11 09:44:36 - ai_model - DEBUG -    API Key: sk-gsaohhwdtofontqfo...rolhikfqmy
2025-12-11 09:58:44 - ai_model - DEBUG - ✅ AI模型初始化完成
2025-12-11 09:58:44 - ai_model - DEBUG -    模型: deepseek-ai/DeepSeek-V3
2025-12-11 09:58:44 - ai_model - DEBUG -    Base URL: https://api.siliconflow.cn/v1
2025-12-11 09:58:44 - ai_model - DEBUG -    API Key: sk-gsaohhwdtofontqfo...rolhikfqmy
2025-12-11 09:58:46 - ai_model - DEBUG - ✅ AI模型初始化完成
2025-12-11 09:58:46 - ai_model - DEBUG -    模型: deepseek-ai/DeepSeek-V3
2025-12-11 09:58:46 - ai_model - DEBUG -    Base URL: https://api.siliconflow.cn/v1
2025-12-11 09:58:46 - ai_model - DEBUG -    API Key: sk-gsaohhwdtofontqfo...rolhikfqmy
2025-12-11 09:58:53 - ai_model - DEBUG - ✅ AI模型初始化完成
2025-12-11 09:58:53 - ai_model - DEBUG -    模型: deepseek-ai/DeepSeek-V3
2025-12-11 09:58:53 - ai_model - DEBUG -    Base URL: https://api.siliconflow.cn/v1
2025-12-11 09:58:53 - ai_model - DEBUG -    API Key: sk-gsaohhwdtofontqfo...rolhikfqmy
2025-12-11 09:58:53 - ai_model - DEBUG - ✅ AI模型初始化完成
2025-12-11 09:58:53 - ai_model - DEBUG -    模型: deepseek-ai/DeepSeek-V3
2025-12-11 09:58:53 - ai_model - DEBUG -    Base URL: https://api.siliconflow.cn/v1
2025-12-11 09:58:53 - ai_model - DEBUG -    API Key: sk-gsaohhwdtofontqfo...rolhikfqmy
2025-12-11 09:59:00 - ai_model - DEBUG - ✅ AI模型初始化完成
2025-12-11 09:59:00 - ai_model - DEBUG -    模型: deepseek-ai/DeepSeek-V3
2025-12-11 09:59:00 - ai_model - DEBUG -    Base URL: https://api.siliconflow.cn/v1
2025-12-11 09:59:00 - ai_model - DEBUG -    API Key: sk-gsaohhwdtofontqfo...rolhikfqmy
2025-12-11 09:59:02 - ai_model - DEBUG - ✅ AI模型初始化完成
2025-12-11 09:59:02 - ai_model - DEBUG -    模型: deepseek-ai/DeepSeek-V3
2025-12-11 09:59:02 - ai_model - DEBUG -    Base URL: https://api.siliconflow.cn/v1
2025-12-11 09:59:02 - ai_model - DEBUG -    API Key: sk-gsaohhwdtofontqfo...rolhikfqmy
2025-12-11 09:59:10 - ai_model - DEBUG - ✅ AI模型初始化完成
2025-12-11 09:59:10 - ai_model - DEBUG -    模型: deepseek-ai/DeepSeek-V3
2025-12-11 09:59:10 - ai_model - DEBUG -    Base URL: https://api.siliconflow.cn/v1
2025-12-11 09:59:10 - ai_model - DEBUG -    API Key: sk-gsaohhwdtofontqfo...rolhikfqmy
2025-12-11 09:59:16 - ai_model - DEBUG - ✅ AI模型初始化完成
2025-12-11 09:59:16 - ai_model - DEBUG -    模型: deepseek-ai/DeepSeek-V3
2025-12-11 09:59:16 - ai_model - DEBUG -    Base URL: https://api.siliconflow.cn/v1
2025-12-11 09:59:16 - ai_model - DEBUG -    API Key: sk-gsaohhwdtofontqfo...rolhikfqmy
2025-12-11 09:59:16 - ai_model - DEBUG - ✅ AI模型初始化完成
2025-12-11 09:59:16 - ai_model - DEBUG -    模型: deepseek-ai/DeepSeek-V3
2025-12-11 09:59:16 - ai_model - DEBUG -    Base URL: https://api.siliconflow.cn/v1
2025-12-11 09:59:16 - ai_model - DEBUG -    API Key: sk-gsaohhwdtofontqfo...rolhikfqmy
2025-12-11 10:16:16 - ai_model - DEBUG - ✅ AI模型初始化完成
2025-12-11 10:16:16 - ai_model - DEBUG -    模型: deepseek-ai/DeepSeek-V3
2025-12-11 10:16:16 - ai_model - DEBUG -    Base URL: https://api.siliconflow.cn/v1
2025-12-11 10:16:16 - ai_model - DEBUG -    API Key: sk-gsaohhwdtofontqfo...rolhikfqmy
2025-12-11 10:16:18 - ai_model - DEBUG - ✅ AI模型初始化完成
2025-12-11 10:16:18 - ai_model - DEBUG -    模型: deepseek-ai/DeepSeek-V3
2025-12-11 10:16:18 - ai_model - DEBUG -    Base URL: https://api.siliconflow.cn/v1
2025-12-11 10:16:18 - ai_model - DEBUG -    API Key: sk-gsaohhwdtofontqfo...rolhikfqmy
2025-12-11 10:16:21 - ai_model - DEBUG - ✅ AI模型初始化完成
2025-12-11 10:16:21 - ai_model - DEBUG -    模型: deepseek-ai/DeepSeek-V3
2025-12-11 10:16:21 - ai_model - DEBUG -    Base URL: https://api.siliconflow.cn/v1
2025-12-11 10:16:21 - ai_model - DEBUG -    API Key: sk-gsaohhwdtofontqfo...rolhikfqmy
2025-12-11 10:16:21 - ai_model - DEBUG - ✅ AI模型初始化完成
2025-12-11 10:16:21 - ai_model - DEBUG -    模型: deepseek-ai/DeepSeek-V3
2025-12-11 10:16:21 - ai_model - DEBUG -    Base URL: https://api.siliconflow.cn/v1
2025-12-11 10:16:21 - ai_model - DEBUG -    API Key: sk-gsaohhwdtofontqfo...rolhikfqmy
2025-12-11 10:16:31 - ai_model - DEBUG - ✅ AI模型初始化完成
2025-12-11 10:16:31 - ai_model - DEBUG -    模型: deepseek-ai/DeepSeek-V3
2025-12-11 10:16:31 - ai_model - DEBUG -    Base URL: https://api.siliconflow.cn/v1
2025-12-11 10:16:31 - ai_model - DEBUG -    API Key: sk-gsaohhwdtofontqfo...rolhikfqmy
2025-12-11 10:16:33 - ai_model - DEBUG - ✅ AI模型初始化完成
2025-12-11 10:16:33 - ai_model - DEBUG -    模型: deepseek-ai/DeepSeek-V3
2025-12-11 10:16:33 - ai_model - DEBUG -    Base URL: https://api.siliconflow.cn/v1
2025-12-11 10:16:33 - ai_model - DEBUG -    API Key: sk-gsaohhwdtofontqfo...rolhikfqmy
2025-12-11 10:16:35 - ai_model - DEBUG - ✅ AI模型初始化完成
2025-12-11 10:16:35 - ai_model - DEBUG -    模型: deepseek-ai/DeepSeek-V3
2025-12-11 10:16:35 - ai_model - DEBUG -    Base URL: https://api.siliconflow.cn/v1
2025-12-11 10:16:35 - ai_model - DEBUG -    API Key: sk-gsaohhwdtofontqfo...rolhikfqmy
2025-12-11 10:16:42 - ai_model - DEBUG - ✅ AI模型初始化完成
2025-12-11 10:16:42 - ai_model - DEBUG -    模型: deepseek-ai/DeepSeek-V3
2025-12-11 10:16:42 - ai_model - DEBUG -    Base URL: https://api.siliconflow.cn/v1
2025-12-11 10:16:42 - ai_model - DEBUG -    API Key: sk-gsaohhwdtofontqfo...rolhikfqmy
2025-12-11 10:16:43 - ai_model - DEBUG - ✅ AI模型初始化完成
2025-12-11 10:16:43 - ai_model - DEBUG -    模型: deepseek-ai/DeepSeek-V3
2025-12-11 10:16:43 - ai_model - DEBUG -    Base URL: https://api.siliconflow.cn/v1
2025-12-11 10:16:43 - ai_model - DEBUG -    API Key: sk-gsaohhwdtofontqfo...rolhikfqmy
2025-12-11 10:45:40 - ai_model - DEBUG - ✅ AI模型初始化完成
2025-12-11 10:45:40 - ai_model - DEBUG -    模型: deepseek-ai/DeepSeek-V3
2025-12-11 10:45:40 - ai_model - DEBUG -    Base URL: https://api.siliconflow.cn/v1
2025-12-11 10:45:40 - ai_model - DEBUG -    API Key: sk-gsaohhwdtofontqfo...rolhikfqmy
2025-12-11 10:45:43 - ai_model - DEBUG - ✅ AI模型初始化完成
2025-12-11 10:45:43 - ai_model - DEBUG -    模型: deepseek-ai/DeepSeek-V3
2025-12-11 10:45:43 - ai_model - DEBUG -    Base URL: https://api.siliconflow.cn/v1
2025-12-11 10:45:43 - ai_model - DEBUG -    API Key: sk-gsaohhwdtofontqfo...rolhikfqmy
2025-12-11 10:45:51 - ai_model - DEBUG - ✅ AI模型初始化完成
2025-12-11 10:45:51 - ai_model - DEBUG -    模型: deepseek-ai/DeepSeek-V3
2025-12-11 10:45:51 - ai_model - DEBUG -    Base URL: https://api.siliconflow.cn/v1
2025-12-11 10:45:51 - ai_model - DEBUG -    API Key: sk-gsaohhwdtofontqfo...rolhikfqmy
2025-12-11 10:45:51 - ai_model - DEBUG - ✅ AI模型初始化完成
2025-12-11 10:45:51 - ai_model - DEBUG -    模型: deepseek-ai/DeepSeek-V3
2025-12-11 10:45:51 - ai_model - DEBUG -    Base URL: https://api.siliconflow.cn/v1
2025-12-11 10:45:51 - ai_model - DEBUG -    API Key: sk-gsaohhwdtofontqfo...rolhikfqmy
2025-12-11 10:46:12 - ai_model - DEBUG - ✅ AI模型初始化完成
2025-12-11 10:46:12 - ai_model - DEBUG -    模型: deepseek-ai/DeepSeek-V3
2025-12-11 10:46:12 - ai_model - DEBUG -    Base URL: https://api.siliconflow.cn/v1
2025-12-11 10:46:12 - ai_model - DEBUG -    API Key: sk-gsaohhwdtofontqfo...rolhikfqmy
2025-12-11 10:46:14 - ai_model - DEBUG - ✅ AI模型初始化完成
2025-12-11 10:46:14 - ai_model - DEBUG -    模型: deepseek-ai/DeepSeek-V3
2025-12-11 10:46:14 - ai_model - DEBUG -    Base URL: https://api.siliconflow.cn/v1
2025-12-11 10:46:14 - ai_model - DEBUG -    API Key: sk-gsaohhwdtofontqfo...rolhikfqmy
2025-12-11 10:46:17 - ai_model - DEBUG - ✅ AI模型初始化完成
2025-12-11 10:46:17 - ai_model - DEBUG -    模型: deepseek-ai/DeepSeek-V3
2025-12-11 10:46:17 - ai_model - DEBUG -    Base URL: https://api.siliconflow.cn/v1
2025-12-11 10:46:17 - ai_model - DEBUG -    API Key: sk-gsaohhwdtofontqfo...rolhikfqmy
2025-12-11 10:46:20 - ai_model - DEBUG - ✅ AI模型初始化完成
2025-12-11 10:46:20 - ai_model - DEBUG -    模型: deepseek-ai/DeepSeek-V3
2025-12-11 10:46:20 - ai_model - DEBUG -    Base URL: https://api.siliconflow.cn/v1
2025-12-11 10:46:20 - ai_model - DEBUG -    API Key: sk-gsaohhwdtofontqfo...rolhikfqmy
2025-12-11 10:46:20 - ai_model - DEBUG - ✅ AI模型初始化完成
2025-12-11 10:46:20 - ai_model - DEBUG -    模型: deepseek-ai/DeepSeek-V3
2025-12-11 10:46:20 - ai_model - DEBUG -    Base URL: https://api.siliconflow.cn/v1
2025-12-11 10:46:20 - ai_model - DEBUG -    API Key: sk-gsaohhwdtofontqfo...rolhikfqmy
2025-12-11 10:48:19 - ai_model - DEBUG - ✅ AI模型初始化完成
2025-12-11 10:48:19 - ai_model - DEBUG -    模型: deepseek-ai/DeepSeek-V3
2025-12-11 10:48:19 - ai_model - DEBUG -    Base URL: https://api.siliconflow.cn/v1
2025-12-11 10:48:19 - ai_model - DEBUG -    API Key: sk-gsaohhwdtofontqfo...rolhikfqmy
2025-12-11 10:48:22 - ai_model - DEBUG - ✅ AI模型初始化完成
2025-12-11 10:48:22 - ai_model - DEBUG -    模型: deepseek-ai/DeepSeek-V3
2025-12-11 10:48:22 - ai_model - DEBUG -    Base URL: https://api.siliconflow.cn/v1
2025-12-11 10:48:22 - ai_model - DEBUG -    API Key: sk-gsaohhwdtofontqfo...rolhikfqmy
2025-12-11 10:48:24 - ai_model - DEBUG - ✅ AI模型初始化完成
2025-12-11 10:48:24 - ai_model - DEBUG -    模型: deepseek-ai/DeepSeek-V3
2025-12-11 10:48:24 - ai_model - DEBUG -    Base URL: https://api.siliconflow.cn/v1
2025-12-11 10:48:24 - ai_model - DEBUG -    API Key: sk-gsaohhwdtofontqfo...rolhikfqmy
2025-12-11 10:48:24 - ai_model - DEBUG - ✅ AI模型初始化完成
2025-12-11 10:48:24 - ai_model - DEBUG -    模型: deepseek-ai/DeepSeek-V3
2025-12-11 10:48:24 - ai_model - DEBUG -    Base URL: https://api.siliconflow.cn/v1
2025-12-11 10:48:24 - ai_model - DEBUG -    API Key: sk-gsaohhwdtofontqfo...rolhikfqmy
2025-12-11 10:48:47 - ai_model - DEBUG - ✅ AI模型初始化完成
2025-12-11 10:48:47 - ai_model - DEBUG -    模型: deepseek-ai/DeepSeek-V3
2025-12-11 10:48:47 - ai_model - DEBUG -    Base URL: https://api.siliconflow.cn/v1
2025-12-11 10:48:47 - ai_model - DEBUG -    API Key: sk-gsaohhwdtofontqfo...rolhikfqmy
2025-12-11 10:48:48 - ai_model - DEBUG - ✅ AI模型初始化完成
2025-12-11 10:48:48 - ai_model - DEBUG -    模型: deepseek-ai/DeepSeek-V3
2025-12-11 10:48:48 - ai_model - DEBUG -    Base URL: https://api.siliconflow.cn/v1
2025-12-11 10:48:48 - ai_model - DEBUG -    API Key: sk-gsaohhwdtofontqfo...rolhikfqmy
2025-12-11 10:48:58 - ai_model - DEBUG - ✅ AI模型初始化完成
2025-12-11 10:48:58 - ai_model - DEBUG -    模型: deepseek-ai/DeepSeek-V3
2025-12-11 10:48:58 - ai_model - DEBUG -    Base URL: https://api.siliconflow.cn/v1
2025-12-11 10:48:58 - ai_model - DEBUG -    API Key: sk-gsaohhwdtofontqfo...rolhikfqmy
2025-12-11 10:49:01 - ai_model - DEBUG - ✅ AI模型初始化完成
2025-12-11 10:49:01 - ai_model - DEBUG -    模型: deepseek-ai/DeepSeek-V3
2025-12-11 10:49:01 - ai_model - DEBUG -    Base URL: https://api.siliconflow.cn/v1
2025-12-11 10:49:01 - ai_model - DEBUG -    API Key: sk-gsaohhwdtofontqfo...rolhikfqmy
2025-12-11 10:49:01 - ai_model - DEBUG - ✅ AI模型初始化完成
2025-12-11 10:49:01 - ai_model - DEBUG -    模型: deepseek-ai/DeepSeek-V3
2025-12-11 10:49:01 - ai_model - DEBUG -    Base URL: https://api.siliconflow.cn/v1
2025-12-11 10:49:01 - ai_model - DEBUG -    API Key: sk-gsaohhwdtofontqfo...rolhikfqmy
2025-12-11 10:53:43 - ai_model - DEBUG - ✅ AI模型初始化完成
2025-12-11 10:53:43 - ai_model - DEBUG -    模型: deepseek-ai/DeepSeek-V3
2025-12-11 10:53:43 - ai_model - DEBUG -    Base URL: https://api.siliconflow.cn/v1
2025-12-11 10:53:43 - ai_model - DEBUG -    API Key: sk-gsaohhwdtofontqfo...rolhikfqmy
2025-12-11 10:53:45 - ai_model - DEBUG - ✅ AI模型初始化完成
2025-12-11 10:53:45 - ai_model - DEBUG -    模型: deepseek-ai/DeepSeek-V3
2025-12-11 10:53:45 - ai_model - DEBUG -    Base URL: https://api.siliconflow.cn/v1
2025-12-11 10:53:45 - ai_model - DEBUG -    API Key: sk-gsaohhwdtofontqfo...rolhikfqmy
2025-12-11 10:53:48 - ai_model - DEBUG - ✅ AI模型初始化完成
2025-12-11 10:53:48 - ai_model - DEBUG -    模型: deepseek-ai/DeepSeek-V3
2025-12-11 10:53:48 - ai_model - DEBUG -    Base URL: https://api.siliconflow.cn/v1
2025-12-11 10:53:48 - ai_model - DEBUG -    API Key: sk-gsaohhwdtofontqfo...rolhikfqmy
2025-12-11 10:53:48 - ai_model - DEBUG - ✅ AI模型初始化完成
2025-12-11 10:53:48 - ai_model - DEBUG -    模型: deepseek-ai/DeepSeek-V3
2025-12-11 10:53:48 - ai_model - DEBUG -    Base URL: https://api.siliconflow.cn/v1
2025-12-11 10:53:48 - ai_model - DEBUG -    API Key: sk-gsaohhwdtofontqfo...rolhikfqmy
2025-12-11 10:53:53 - ai_model - DEBUG - ✅ AI模型初始化完成
2025-12-11 10:53:53 - ai_model - DEBUG -    模型: deepseek-ai/DeepSeek-V3
2025-12-11 10:53:53 - ai_model - DEBUG -    Base URL: https://api.siliconflow.cn/v1
2025-12-11 10:53:53 - ai_model - DEBUG -    API Key: sk-gsaohhwdtofontqfo...rolhikfqmy
2025-12-11 10:53:56 - ai_model - DEBUG - ✅ AI模型初始化完成
2025-12-11 10:53:56 - ai_model - DEBUG -    模型: deepseek-ai/DeepSeek-V3
2025-12-11 10:53:56 - ai_model - DEBUG -    Base URL: https://api.siliconflow.cn/v1
2025-12-11 10:53:56 - ai_model - DEBUG -    API Key: sk-gsaohhwdtofontqfo...rolhikfqmy
2025-12-11 10:53:59 - ai_model - DEBUG - ✅ AI模型初始化完成
2025-12-11 10:53:59 - ai_model - DEBUG -    模型: deepseek-ai/DeepSeek-V3
2025-12-11 10:53:59 - ai_model - DEBUG -    Base URL: https://api.siliconflow.cn/v1
2025-12-11 10:53:59 - ai_model - DEBUG -    API Key: sk-gsaohhwdtofontqfo...rolhikfqmy
2025-12-11 10:54:04 - ai_model - DEBUG - ✅ AI模型初始化完成
2025-12-11 10:54:04 - ai_model - DEBUG -    模型: deepseek-ai/DeepSeek-V3
2025-12-11 10:54:04 - ai_model - DEBUG -    Base URL: https://api.siliconflow.cn/v1
2025-12-11 10:54:04 - ai_model - DEBUG -    API Key: sk-gsaohhwdtofontqfo...rolhikfqmy
2025-12-11 10:54:04 - ai_model - DEBUG - ✅ AI模型初始化完成
2025-12-11 10:54:04 - ai_model - DEBUG -    模型: deepseek-ai/DeepSeek-V3
2025-12-11 10:54:04 - ai_model - DEBUG -    Base URL: https://api.siliconflow.cn/v1
2025-12-11 10:54:04 - ai_model - DEBUG -    API Key: sk-gsaohhwdtofontqfo...rolhikfqmy
2025-12-11 11:02:05 - ai_model - DEBUG - ✅ AI模型初始化完成
2025-12-11 11:02:05 - ai_model - DEBUG -    模型: deepseek-ai/DeepSeek-V3
2025-12-11 11:02:05 - ai_model - DEBUG -    Base URL: https://api.siliconflow.cn/v1
2025-12-11 11:02:05 - ai_model - DEBUG -    API Key: sk-gsaohhwdtofontqfo...rolhikfqmy
2025-12-11 11:02:07 - ai_model - DEBUG - ✅ AI模型初始化完成
2025-12-11 11:02:07 - ai_model - DEBUG -    模型: deepseek-ai/DeepSeek-V3
2025-12-11 11:02:07 - ai_model - DEBUG -    Base URL: https://api.siliconflow.cn/v1
2025-12-11 11:02:07 - ai_model - DEBUG -    API Key: sk-gsaohhwdtofontqfo...rolhikfqmy
2025-12-11 11:02:10 - ai_model - DEBUG - ✅ AI模型初始化完成
2025-12-11 11:02:10 - ai_model - DEBUG -    模型: deepseek-ai/DeepSeek-V3
2025-12-11 11:02:10 - ai_model - DEBUG -    Base URL: https://api.siliconflow.cn/v1
2025-12-11 11:02:10 - ai_model - DEBUG -    API Key: sk-gsaohhwdtofontqfo...rolhikfqmy
2025-12-11 11:02:18 - ai_model - DEBUG - ✅ AI模型初始化完成
2025-12-11 11:02:18 - ai_model - DEBUG -    模型: deepseek-ai/DeepSeek-V3
2025-12-11 11:02:18 - ai_model - DEBUG -    Base URL: https://api.siliconflow.cn/v1
2025-12-11 11:02:18 - ai_model - DEBUG -    API Key: sk-gsaohhwdtofontqfo...rolhikfqmy
2025-12-11 11:02:18 - ai_model - DEBUG - ✅ AI模型初始化完成
2025-12-11 11:02:18 - ai_model - DEBUG -    模型: deepseek-ai/DeepSeek-V3
2025-12-11 11:02:18 - ai_model - DEBUG -    Base URL: https://api.siliconflow.cn/v1
2025-12-11 11:02:18 - ai_model - DEBUG -    API Key: sk-gsaohhwdtofontqfo...rolhikfqmy
2025-12-11 11:04:31 - ai_model - DEBUG - ✅ AI模型初始化完成
2025-12-11 11:04:31 - ai_model - DEBUG -    模型: deepseek-ai/DeepSeek-V3
2025-12-11 11:04:31 - ai_model - DEBUG -    Base URL: https://api.siliconflow.cn/v1
2025-12-11 11:04:31 - ai_model - DEBUG -    API Key: sk-gsaohhwdtofontqfo...rolhikfqmy
2025-12-11 11:04:33 - ai_model - DEBUG - ✅ AI模型初始化完成
2025-12-11 11:04:33 - ai_model - DEBUG -    模型: deepseek-ai/DeepSeek-V3
2025-12-11 11:04:33 - ai_model - DEBUG -    Base URL: https://api.siliconflow.cn/v1
2025-12-11 11:04:33 - ai_model - DEBUG -    API Key: sk-gsaohhwdtofontqfo...rolhikfqmy
2025-12-11 11:04:39 - ai_model - DEBUG - ✅ AI模型初始化完成
2025-12-11 11:04:39 - ai_model - DEBUG -    模型: deepseek-ai/DeepSeek-V3
2025-12-11 11:04:39 - ai_model - DEBUG -    Base URL: https://api.siliconflow.cn/v1
2025-12-11 11:04:39 - ai_model - DEBUG -    API Key: sk-gsaohhwdtofontqfo...rolhikfqmy
2025-12-11 11:04:47 - ai_model - DEBUG - ✅ AI模型初始化完成
2025-12-11 11:04:47 - ai_model - DEBUG -    模型: deepseek-ai/DeepSeek-V3
2025-12-11 11:04:47 - ai_model - DEBUG -    Base URL: https://api.siliconflow.cn/v1
2025-12-11 11:04:47 - ai_model - DEBUG -    API Key: sk-gsaohhwdtofontqfo...rolhikfqmy
2025-12-11 11:04:47 - ai_model - DEBUG - ✅ AI模型初始化完成
2025-12-11 11:04:47 - ai_model - DEBUG -    模型: deepseek-ai/DeepSeek-V3
2025-12-11 11:04:47 - ai_model - DEBUG -    Base URL: https://api.siliconflow.cn/v1
2025-12-11 11:04:47 - ai_model - DEBUG -    API Key: sk-gsaohhwdtofontqfo...rolhikfqmy
2025-12-11 11:06:06 - ai_model - DEBUG - ✅ AI模型初始化完成
2025-12-11 11:06:06 - ai_model - DEBUG -    模型: deepseek-ai/DeepSeek-V3
2025-12-11 11:06:06 - ai_model - DEBUG -    Base URL: https://api.siliconflow.cn/v1
2025-12-11 11:06:06 - ai_model - DEBUG -    API Key: sk-gsaohhwdtofontqfo...rolhikfqmy
2025-12-11 11:06:08 - ai_model - DEBUG - ✅ AI模型初始化完成
2025-12-11 11:06:08 - ai_model - DEBUG -    模型: deepseek-ai/DeepSeek-V3
2025-12-11 11:06:08 - ai_model - DEBUG -    Base URL: https://api.siliconflow.cn/v1
2025-12-11 11:06:08 - ai_model - DEBUG -    API Key: sk-gsaohhwdtofontqfo...rolhikfqmy
2025-12-11 11:06:11 - ai_model - DEBUG - ✅ AI模型初始化完成
2025-12-11 11:06:11 - ai_model - DEBUG -    模型: deepseek-ai/DeepSeek-V3
2025-12-11 11:06:11 - ai_model - DEBUG -    Base URL: https://api.siliconflow.cn/v1
2025-12-11 11:06:11 - ai_model - DEBUG -    API Key: sk-gsaohhwdtofontqfo...rolhikfqmy
2025-12-11 11:06:11 - ai_model - DEBUG - ✅ AI模型初始化完成
2025-12-11 11:06:11 - ai_model - DEBUG -    模型: deepseek-ai/DeepSeek-V3
2025-12-11 11:06:11 - ai_model - DEBUG -    Base URL: https://api.siliconflow.cn/v1
2025-12-11 11:06:11 - ai_model - DEBUG -    API Key: sk-gsaohhwdtofontqfo...rolhikfqmy
2025-12-11 11:06:16 - ai_model - DEBUG - ✅ AI模型初始化完成
2025-12-11 11:06:16 - ai_model - DEBUG -    模型: deepseek-ai/DeepSeek-V3
2025-12-11 11:06:16 - ai_model - DEBUG -    Base URL: https://api.siliconflow.cn/v1
2025-12-11 11:06:16 - ai_model - DEBUG -    API Key: sk-gsaohhwdtofontqfo...rolhikfqmy
2025-12-11 11:06:21 - ai_model - DEBUG - ✅ AI模型初始化完成
2025-12-11 11:06:21 - ai_model - DEBUG -    模型: deepseek-ai/DeepSeek-V3
2025-12-11 11:06:21 - ai_model - DEBUG -    Base URL: https://api.siliconflow.cn/v1
2025-12-11 11:06:21 - ai_model - DEBUG -    API Key: sk-gsaohhwdtofontqfo...rolhikfqmy
2025-12-11 11:06:24 - ai_model - DEBUG - ✅ AI模型初始化完成
2025-12-11 11:06:24 - ai_model - DEBUG -    模型: deepseek-ai/DeepSeek-V3
2025-12-11 11:06:24 - ai_model - DEBUG -    Base URL: https://api.siliconflow.cn/v1
2025-12-11 11:06:24 - ai_model - DEBUG -    API Key: sk-gsaohhwdtofontqfo...rolhikfqmy
2025-12-11 11:06:26 - ai_model - DEBUG - ✅ AI模型初始化完成
2025-12-11 11:06:26 - ai_model - DEBUG -    模型: deepseek-ai/DeepSeek-V3
2025-12-11 11:06:26 - ai_model - DEBUG -    Base URL: https://api.siliconflow.cn/v1
2025-12-11 11:06:26 - ai_model - DEBUG -    API Key: sk-gsaohhwdtofontqfo...rolhikfqmy
2025-12-11 11:06:27 - ai_model - DEBUG - ✅ AI模型初始化完成
2025-12-11 11:06:27 - ai_model - DEBUG -    模型: deepseek-ai/DeepSeek-V3
2025-12-11 11:06:27 - ai_model - DEBUG -    Base URL: https://api.siliconflow.cn/v1
2025-12-11 11:06:27 - ai_model - DEBUG -    API Key: sk-gsaohhwdtofontqfo...rolhikfqmy
2025-12-11 11:10:51 - ai_model - DEBUG - ✅ AI模型初始化完成
2025-12-11 11:10:51 - ai_model - DEBUG -    模型: deepseek-ai/DeepSeek-V3
2025-12-11 11:10:51 - ai_model - DEBUG -    Base URL: https://api.siliconflow.cn/v1
2025-12-11 11:10:51 - ai_model - DEBUG -    API Key: sk-gsaohhwdtofontqfo...rolhikfqmy
2025-12-11 11:10:53 - ai_model - DEBUG - ✅ AI模型初始化完成
2025-12-11 11:10:53 - ai_model - DEBUG -    模型: deepseek-ai/DeepSeek-V3
2025-12-11 11:10:53 - ai_model - DEBUG -    Base URL: https://api.siliconflow.cn/v1
2025-12-11 11:10:53 - ai_model - DEBUG -    API Key: sk-gsaohhwdtofontqfo...rolhikfqmy
2025-12-11 11:10:56 - ai_model - DEBUG - ✅ AI模型初始化完成
2025-12-11 11:10:56 - ai_model - DEBUG -    模型: deepseek-ai/DeepSeek-V3
2025-12-11 11:10:56 - ai_model - DEBUG -    Base URL: https://api.siliconflow.cn/v1
2025-12-11 11:10:56 - ai_model - DEBUG -    API Key: sk-gsaohhwdtofontqfo...rolhikfqmy
2025-12-11 11:11:00 - ai_model - DEBUG - ✅ AI模型初始化完成
2025-12-11 11:11:00 - ai_model - DEBUG -    模型: deepseek-ai/DeepSeek-V3
2025-12-11 11:11:00 - ai_model - DEBUG -    Base URL: https://api.siliconflow.cn/v1
2025-12-11 11:11:00 - ai_model - DEBUG -    API Key: sk-gsaohhwdtofontqfo...rolhikfqmy
2025-12-11 11:11:00 - ai_model - DEBUG - ✅ AI模型初始化完成
2025-12-11 11:11:00 - ai_model - DEBUG -    模型: deepseek-ai/DeepSeek-V3
2025-12-11 11:11:00 - ai_model - DEBUG -    Base URL: https://api.siliconflow.cn/v1
2025-12-11 11:11:00 - ai_model - DEBUG -    API Key: sk-gsaohhwdtofontqfo...rolhikfqmy
2025-12-11 11:22:02 - ai_model - DEBUG - ✅ AI模型初始化完成
2025-12-11 11:22:02 - ai_model - DEBUG -    模型: deepseek-ai/DeepSeek-V3
2025-12-11 11:22:02 - ai_model - DEBUG -    Base URL: https://api.siliconflow.cn/v1
2025-12-11 11:22:02 - ai_model - DEBUG -    API Key: sk-gsaohhwdtofontqfo...rolhikfqmy
2025-12-11 11:22:04 - ai_model - DEBUG - ✅ AI模型初始化完成
2025-12-11 11:22:04 - ai_model - DEBUG -    模型: deepseek-ai/DeepSeek-V3
2025-12-11 11:22:04 - ai_model - DEBUG -    Base URL: https://api.siliconflow.cn/v1
2025-12-11 11:22:04 - ai_model - DEBUG -    API Key: sk-gsaohhwdtofontqfo...rolhikfqmy
2025-12-11 11:22:07 - ai_model - DEBUG - ✅ AI模型初始化完成
2025-12-11 11:22:07 - ai_model - DEBUG -    模型: deepseek-ai/DeepSeek-V3
2025-12-11 11:22:07 - ai_model - DEBUG -    Base URL: https://api.siliconflow.cn/v1
2025-12-11 11:22:07 - ai_model - DEBUG -    API Key: sk-gsaohhwdtofontqfo...rolhikfqmy
2025-12-11 11:22:11 - ai_model - DEBUG - ✅ AI模型初始化完成
2025-12-11 11:22:11 - ai_model - DEBUG -    模型: deepseek-ai/DeepSeek-V3
2025-12-11 11:22:11 - ai_model - DEBUG -    Base URL: https://api.siliconflow.cn/v1
2025-12-11 11:22:11 - ai_model - DEBUG -    API Key: sk-gsaohhwdtofontqfo...rolhikfqmy
2025-12-11 11:22:11 - ai_model - DEBUG - ✅ AI模型初始化完成
2025-12-11 11:22:11 - ai_model - DEBUG -    模型: deepseek-ai/DeepSeek-V3
2025-12-11 11:22:11 - ai_model - DEBUG -    Base URL: https://api.siliconflow.cn/v1
2025-12-11 11:22:11 - ai_model - DEBUG -    API Key: sk-gsaohhwdtofontqfo...rolhikfqmy
2025-12-11 11:27:31 - ai_model - DEBUG - ✅ AI模型初始化完成
2025-12-11 11:27:31 - ai_model - DEBUG -    模型: deepseek-ai/DeepSeek-V3
2025-12-11 11:27:31 - ai_model - DEBUG -    Base URL: https://api.siliconflow.cn/v1
2025-12-11 11:27:31 - ai_model - DEBUG -    API Key: sk-gsaohhwdtofontqfo...rolhikfqmy
2025-12-11 11:27:33 - ai_model - DEBUG - ✅ AI模型初始化完成
2025-12-11 11:27:33 - ai_model - DEBUG -    模型: deepseek-ai/DeepSeek-V3
2025-12-11 11:27:33 - ai_model - DEBUG -    Base URL: https://api.siliconflow.cn/v1
2025-12-11 11:27:33 - ai_model - DEBUG -    API Key: sk-gsaohhwdtofontqfo...rolhikfqmy
2025-12-11 11:27:36 - ai_model - DEBUG - ✅ AI模型初始化完成
2025-12-11 11:27:36 - ai_model - DEBUG -    模型: deepseek-ai/DeepSeek-V3
2025-12-11 11:27:36 - ai_model - DEBUG -    Base URL: https://api.siliconflow.cn/v1
2025-12-11 11:27:36 - ai_model - DEBUG -    API Key: sk-gsaohhwdtofontqfo...rolhikfqmy
2025-12-11 11:27:36 - ai_model - DEBUG - ✅ AI模型初始化完成
2025-12-11 11:27:36 - ai_model - DEBUG -    模型: deepseek-ai/DeepSeek-V3
2025-12-11 11:27:36 - ai_model - DEBUG -    Base URL: https://api.siliconflow.cn/v1
2025-12-11 11:27:36 - ai_model - DEBUG -    API Key: sk-gsaohhwdtofontqfo...rolhikfqmy
2025-12-11 11:27:50 - ai_model - DEBUG - ✅ AI模型初始化完成
2025-12-11 11:27:50 - ai_model - DEBUG -    模型: deepseek-ai/DeepSeek-V3
2025-12-11 11:27:50 - ai_model - DEBUG -    Base URL: https://api.siliconflow.cn/v1
2025-12-11 11:27:50 - ai_model - DEBUG -    API Key: sk-gsaohhwdtofontqfo...rolhikfqmy
2025-12-11 11:27:51 - ai_model - DEBUG - ✅ AI模型初始化完成
2025-12-11 11:27:51 - ai_model - DEBUG -    模型: deepseek-ai/DeepSeek-V3
2025-12-11 11:27:51 - ai_model - DEBUG -    Base URL: https://api.siliconflow.cn/v1
2025-12-11 11:27:51 - ai_model - DEBUG -    API Key: sk-gsaohhwdtofontqfo...rolhikfqmy
2025-12-11 11:28:13 - ai_model - DEBUG - ✅ AI模型初始化完成
2025-12-11 11:28:13 - ai_model - DEBUG -    模型: deepseek-ai/DeepSeek-V3
2025-12-11 11:28:13 - ai_model - DEBUG -    Base URL: https://api.siliconflow.cn/v1
2025-12-11 11:28:13 - ai_model - DEBUG -    API Key: sk-gsaohhwdtofontqfo...rolhikfqmy
2025-12-11 11:28:30 - ai_model - DEBUG - ✅ AI模型初始化完成
2025-12-11 11:28:30 - ai_model - DEBUG -    模型: deepseek-ai/DeepSeek-V3
2025-12-11 11:28:30 - ai_model - DEBUG -    Base URL: https://api.siliconflow.cn/v1
2025-12-11 11:28:30 - ai_model - DEBUG -    API Key: sk-gsaohhwdtofontqfo...rolhikfqmy
2025-12-11 11:28:31 - ai_model - DEBUG - ✅ AI模型初始化完成
2025-12-11 11:28:31 - ai_model - DEBUG -    模型: deepseek-ai/DeepSeek-V3
2025-12-11 11:28:31 - ai_model - DEBUG -    Base URL: https://api.siliconflow.cn/v1
2025-12-11 11:28:31 - ai_model - DEBUG -    API Key: sk-gsaohhwdtofontqfo...rolhikfqmy
2025-12-11 11:33:30 - ai_model - DEBUG - ✅ AI模型初始化完成
2025-12-11 11:33:30 - ai_model - DEBUG -    模型: deepseek-ai/DeepSeek-V3
2025-12-11 11:33:30 - ai_model - DEBUG -    Base URL: https://api.siliconflow.cn/v1
2025-12-11 11:33:30 - ai_model - DEBUG -    API Key: sk-gsaohhwdtofontqfo...rolhikfqmy
2025-12-11 11:33:31 - ai_model - DEBUG - ✅ AI模型初始化完成
2025-12-11 11:33:31 - ai_model - DEBUG -    模型: deepseek-ai/DeepSeek-V3
2025-12-11 11:33:31 - ai_model - DEBUG -    Base URL: https://api.siliconflow.cn/v1
2025-12-11 11:33:31 - ai_model - DEBUG -    API Key: sk-gsaohhwdtofontqfo...rolhikfqmy
2025-12-11 11:33:39 - ai_model - DEBUG - ✅ AI模型初始化完成
2025-12-11 11:33:39 - ai_model - DEBUG -    模型: deepseek-ai/DeepSeek-V3
2025-12-11 11:33:39 - ai_model - DEBUG -    Base URL: https://api.siliconflow.cn/v1
2025-12-11 11:33:39 - ai_model - DEBUG -    API Key: sk-gsaohhwdtofontqfo...rolhikfqmy
2025-12-11 11:33:39 - ai_model - DEBUG - ✅ AI模型初始化完成
2025-12-11 11:33:39 - ai_model - DEBUG -    模型: deepseek-ai/DeepSeek-V3
2025-12-11 11:33:39 - ai_model - DEBUG -    Base URL: https://api.siliconflow.cn/v1
2025-12-11 11:33:39 - ai_model - DEBUG -    API Key: sk-gsaohhwdtofontqfo...rolhikfqmy
2025-12-11 11:33:45 - ai_model - DEBUG - ✅ AI模型初始化完成
2025-12-11 11:33:45 - ai_model - DEBUG -    模型: deepseek-ai/DeepSeek-V3
2025-12-11 11:33:45 - ai_model - DEBUG -    Base URL: https://api.siliconflow.cn/v1
2025-12-11 11:33:45 - ai_model - DEBUG -    API Key: sk-gsaohhwdtofontqfo...rolhikfqmy
2025-12-11 11:33:47 - ai_model - DEBUG - ✅ AI模型初始化完成
2025-12-11 11:33:47 - ai_model - DEBUG -    模型: deepseek-ai/DeepSeek-V3
2025-12-11 11:33:47 - ai_model - DEBUG -    Base URL: https://api.siliconflow.cn/v1
2025-12-11 11:33:47 - ai_model - DEBUG -    API Key: sk-gsaohhwdtofontqfo...rolhikfqmy
2025-12-11 11:33:50 - ai_model - DEBUG - ✅ AI模型初始化完成
2025-12-11 11:33:50 - ai_model - DEBUG -    模型: deepseek-ai/DeepSeek-V3
2025-12-11 11:33:50 - ai_model - DEBUG -    Base URL: https://api.siliconflow.cn/v1
2025-12-11 11:33:50 - ai_model - DEBUG -    API Key: sk-gsaohhwdtofontqfo...rolhikfqmy
2025-12-11 11:33:53 - ai_model - DEBUG - ✅ AI模型初始化完成
2025-12-11 11:33:53 - ai_model - DEBUG -    模型: deepseek-ai/DeepSeek-V3
2025-12-11 11:33:53 - ai_model - DEBUG -    Base URL: https://api.siliconflow.cn/v1
2025-12-11 11:33:53 - ai_model - DEBUG -    API Key: sk-gsaohhwdtofontqfo...rolhikfqmy
2025-12-11 11:33:53 - ai_model - DEBUG - ✅ AI模型初始化完成
2025-12-11 11:33:53 - ai_model - DEBUG -    模型: deepseek-ai/DeepSeek-V3
2025-12-11 11:33:53 - ai_model - DEBUG -    Base URL: https://api.siliconflow.cn/v1
2025-12-11 11:33:53 - ai_model - DEBUG -    API Key: sk-gsaohhwdtofontqfo...rolhikfqmy
2025-12-11 11:34:21 - ai_model - DEBUG - ✅ AI模型初始化完成
2025-12-11 11:34:21 - ai_model - DEBUG -    模型: deepseek-ai/DeepSeek-V3
2025-12-11 11:34:21 - ai_model - DEBUG -    Base URL: https://api.siliconflow.cn/v1
2025-12-11 11:34:21 - ai_model - DEBUG -    API Key: sk-gsaohhwdtofontqfo...rolhikfqmy
2025-12-11 11:34:24 - ai_model - DEBUG - ✅ AI模型初始化完成
2025-12-11 11:34:24 - ai_model - DEBUG -    模型: deepseek-ai/DeepSeek-V3
2025-12-11 11:34:24 - ai_model - DEBUG -    Base URL: https://api.siliconflow.cn/v1
2025-12-11 11:34:24 - ai_model - DEBUG -    API Key: sk-gsaohhwdtofontqfo...rolhikfqmy
2025-12-11 11:34:40 - ai_model - DEBUG - ✅ AI模型初始化完成
2025-12-11 11:34:40 - ai_model - DEBUG -    模型: deepseek-ai/DeepSeek-V3
2025-12-11 11:34:40 - ai_model - DEBUG -    Base URL: https://api.siliconflow.cn/v1
2025-12-11 11:34:40 - ai_model - DEBUG -    API Key: sk-gsaohhwdtofontqfo...rolhikfqmy
2025-12-11 11:34:58 - ai_model - DEBUG - ✅ AI模型初始化完成
2025-12-11 11:34:58 - ai_model - DEBUG -    模型: deepseek-ai/DeepSeek-V3
2025-12-11 11:34:58 - ai_model - DEBUG -    Base URL: https://api.siliconflow.cn/v1
2025-12-11 11:34:58 - ai_model - DEBUG -    API Key: sk-gsaohhwdtofontqfo...rolhikfqmy
2025-12-11 11:34:58 - ai_model - DEBUG - ✅ AI模型初始化完成
2025-12-11 11:34:58 - ai_model - DEBUG -    模型: deepseek-ai/DeepSeek-V3
2025-12-11 11:34:58 - ai_model - DEBUG -    Base URL: https://api.siliconflow.cn/v1
2025-12-11 11:34:58 - ai_model - DEBUG -    API Key: sk-gsaohhwdtofontqfo...rolhikfqmy
2025-12-11 11:35:39 - ai_model - DEBUG - ✅ AI模型初始化完成
2025-12-11 11:35:39 - ai_model - DEBUG -    模型: deepseek-ai/DeepSeek-V3
2025-12-11 11:35:39 - ai_model - DEBUG -    Base URL: https://api.siliconflow.cn/v1
2025-12-11 11:35:39 - ai_model - DEBUG -    API Key: sk-gsaohhwdtofontqfo...rolhikfqmy
2025-12-11 11:35:41 - ai_model - DEBUG - ✅ AI模型初始化完成
2025-12-11 11:35:41 - ai_model - DEBUG -    模型: deepseek-ai/DeepSeek-V3
2025-12-11 11:35:41 - ai_model - DEBUG -    Base URL: https://api.siliconflow.cn/v1
2025-12-11 11:35:41 - ai_model - DEBUG -    API Key: sk-gsaohhwdtofontqfo...rolhikfqmy
2025-12-11 11:35:44 - ai_model - DEBUG - ✅ AI模型初始化完成
2025-12-11 11:35:44 - ai_model - DEBUG -    模型: deepseek-ai/DeepSeek-V3
2025-12-11 11:35:44 - ai_model - DEBUG -    Base URL: https://api.siliconflow.cn/v1
2025-12-11 11:35:44 - ai_model - DEBUG -    API Key: sk-gsaohhwdtofontqfo...rolhikfqmy
2025-12-11 11:35:44 - ai_model - DEBUG - ✅ AI模型初始化完成
2025-12-11 11:35:44 - ai_model - DEBUG -    模型: deepseek-ai/DeepSeek-V3
2025-12-11 11:35:44 - ai_model - DEBUG -    Base URL: https://api.siliconflow.cn/v1
2025-12-11 11:35:44 - ai_model - DEBUG -    API Key: sk-gsaohhwdtofontqfo...rolhikfqmy
2025-12-11 11:35:52 - ai_model - DEBUG - ✅ AI模型初始化完成
2025-12-11 11:35:52 - ai_model - DEBUG -    模型: deepseek-ai/DeepSeek-V3
2025-12-11 11:35:52 - ai_model - DEBUG -    Base URL: https://api.siliconflow.cn/v1
2025-12-11 11:35:52 - ai_model - DEBUG -    API Key: sk-gsaohhwdtofontqfo...rolhikfqmy
2025-12-11 11:35:54 - ai_model - DEBUG - ✅ AI模型初始化完成
2025-12-11 11:35:54 - ai_model - DEBUG -    模型: deepseek-ai/DeepSeek-V3
2025-12-11 11:35:54 - ai_model - DEBUG -    Base URL: https://api.siliconflow.cn/v1
2025-12-11 11:35:54 - ai_model - DEBUG -    API Key: sk-gsaohhwdtofontqfo...rolhikfqmy
2025-12-11 11:35:58 - ai_model - DEBUG - ✅ AI模型初始化完成
2025-12-11 11:35:58 - ai_model - DEBUG -    模型: deepseek-ai/DeepSeek-V3
2025-12-11 11:35:58 - ai_model - DEBUG -    Base URL: https://api.siliconflow.cn/v1
2025-12-11 11:35:58 - ai_model - DEBUG -    API Key: sk-gsaohhwdtofontqfo...rolhikfqmy
2025-12-11 11:36:01 - ai_model - DEBUG - ✅ AI模型初始化完成
2025-12-11 11:36:01 - ai_model - DEBUG -    模型: deepseek-ai/DeepSeek-V3
2025-12-11 11:36:01 - ai_model - DEBUG -    Base URL: https://api.siliconflow.cn/v1
2025-12-11 11:36:01 - ai_model - DEBUG -    API Key: sk-gsaohhwdtofontqfo...rolhikfqmy
2025-12-11 11:36:01 - ai_model - DEBUG - ✅ AI模型初始化完成
2025-12-11 11:36:01 - ai_model - DEBUG -    模型: deepseek-ai/DeepSeek-V3
2025-12-11 11:36:01 - ai_model - DEBUG -    Base URL: https://api.siliconflow.cn/v1
2025-12-11 11:36:01 - ai_model - DEBUG -    API Key: sk-gsaohhwdtofontqfo...rolhikfqmy
2025-12-11 13:52:51 - ai_model - DEBUG - ✅ AI模型初始化完成
2025-12-11 13:52:51 - ai_model - DEBUG -    模型: deepseek-ai/DeepSeek-V3
2025-12-11 13:52:51 - ai_model - DEBUG -    Base URL: https://api.siliconflow.cn/v1
2025-12-11 13:52:51 - ai_model - DEBUG -    API Key: sk-gsaohhwdtofontqfo...rolhikfqmy
2025-12-11 13:52:52 - ai_model - DEBUG - ✅ AI模型初始化完成
2025-12-11 13:52:52 - ai_model - DEBUG -    模型: deepseek-ai/DeepSeek-V3
2025-12-11 13:52:52 - ai_model - DEBUG -    Base URL: https://api.siliconflow.cn/v1
2025-12-11 13:52:52 - ai_model - DEBUG -    API Key: sk-gsaohhwdtofontqfo...rolhikfqmy
2025-12-11 13:53:03 - ai_model - DEBUG - ✅ AI模型初始化完成
2025-12-11 13:53:03 - ai_model - DEBUG -    模型: deepseek-ai/DeepSeek-V3
2025-12-11 13:53:03 - ai_model - DEBUG -    Base URL: https://api.siliconflow.cn/v1
2025-12-11 13:53:03 - ai_model - DEBUG -    API Key: sk-gsaohhwdtofontqfo...rolhikfqmy
2025-12-11 13:53:03 - ai_model - DEBUG - ✅ AI模型初始化完成
2025-12-11 13:53:03 - ai_model - DEBUG -    模型: deepseek-ai/DeepSeek-V3
2025-12-11 13:53:03 - ai_model - DEBUG -    Base URL: https://api.siliconflow.cn/v1
2025-12-11 13:53:03 - ai_model - DEBUG -    API Key: sk-gsaohhwdtofontqfo...rolhikfqmy
2025-12-11 13:53:09 - ai_model - DEBUG - ✅ AI模型初始化完成
2025-12-11 13:53:09 - ai_model - DEBUG -    模型: deepseek-ai/DeepSeek-V3
2025-12-11 13:53:09 - ai_model - DEBUG -    Base URL: https://api.siliconflow.cn/v1
2025-12-11 13:53:09 - ai_model - DEBUG -    API Key: sk-gsaohhwdtofontqfo...rolhikfqmy
2025-12-11 13:53:11 - ai_model - DEBUG - ✅ AI模型初始化完成
2025-12-11 13:53:11 - ai_model - DEBUG -    模型: deepseek-ai/DeepSeek-V3
2025-12-11 13:53:11 - ai_model - DEBUG -    Base URL: https://api.siliconflow.cn/v1
2025-12-11 13:53:11 - ai_model - DEBUG -    API Key: sk-gsaohhwdtofontqfo...rolhikfqmy
2025-12-11 13:53:14 - ai_model - DEBUG - ✅ AI模型初始化完成
2025-12-11 13:53:14 - ai_model - DEBUG -    模型: deepseek-ai/DeepSeek-V3
2025-12-11 13:53:14 - ai_model - DEBUG -    Base URL: https://api.siliconflow.cn/v1
2025-12-11 13:53:14 - ai_model - DEBUG -    API Key: sk-gsaohhwdtofontqfo...rolhikfqmy
2025-12-11 13:56:13 - ai_model - DEBUG - ✅ AI模型初始化完成
2025-12-11 13:56:13 - ai_model - DEBUG -    模型: deepseek-ai/DeepSeek-V3
2025-12-11 13:56:13 - ai_model - DEBUG -    Base URL: https://api.siliconflow.cn/v1
2025-12-11 13:56:13 - ai_model - DEBUG -    API Key: sk-gsaohhwdtofontqfo...rolhikfqmy
2025-12-11 13:56:15 - ai_model - DEBUG - ✅ AI模型初始化完成
2025-12-11 13:56:15 - ai_model - DEBUG -    模型: deepseek-ai/DeepSeek-V3
2025-12-11 13:56:15 - ai_model - DEBUG -    Base URL: https://api.siliconflow.cn/v1
2025-12-11 13:56:15 - ai_model - DEBUG -    API Key: sk-gsaohhwdtofontqfo...rolhikfqmy
2025-12-11 13:56:18 - ai_model - DEBUG - ✅ AI模型初始化完成
2025-12-11 13:56:18 - ai_model - DEBUG -    模型: deepseek-ai/DeepSeek-V3
2025-12-11 13:56:18 - ai_model - DEBUG -    Base URL: https://api.siliconflow.cn/v1
2025-12-11 13:56:18 - ai_model - DEBUG -    API Key: sk-gsaohhwdtofontqfo...rolhikfqmy
2025-12-11 13:56:18 - ai_model - DEBUG - ✅ AI模型初始化完成
2025-12-11 13:56:18 - ai_model - DEBUG -    模型: deepseek-ai/DeepSeek-V3
2025-12-11 13:56:18 - ai_model - DEBUG -    Base URL: https://api.siliconflow.cn/v1
2025-12-11 13:56:18 - ai_model - DEBUG -    API Key: sk-gsaohhwdtofontqfo...rolhikfqmy
2025-12-11 13:56:27 - ai_model - DEBUG - ✅ AI模型初始化完成
2025-12-11 13:56:27 - ai_model - DEBUG -    模型: deepseek-ai/DeepSeek-V3
2025-12-11 13:56:27 - ai_model - DEBUG -    Base URL: https://api.siliconflow.cn/v1
2025-12-11 13:56:27 - ai_model - DEBUG -    API Key: sk-gsaohhwdtofontqfo...rolhikfqmy
2025-12-11 13:56:28 - ai_model - DEBUG - ✅ AI模型初始化完成
2025-12-11 13:56:28 - ai_model - DEBUG -    模型: deepseek-ai/DeepSeek-V3
2025-12-11 13:56:28 - ai_model - DEBUG -    Base URL: https://api.siliconflow.cn/v1
2025-12-11 13:56:28 - ai_model - DEBUG -    API Key: sk-gsaohhwdtofontqfo...rolhikfqmy
2025-12-11 13:56:34 - ai_model - DEBUG - ✅ AI模型初始化完成
2025-12-11 13:56:34 - ai_model - DEBUG -    模型: deepseek-ai/DeepSeek-V3
2025-12-11 13:56:34 - ai_model - DEBUG -    Base URL: https://api.siliconflow.cn/v1
2025-12-11 13:56:34 - ai_model - DEBUG -    API Key: sk-gsaohhwdtofontqfo...rolhikfqmy
2025-12-11 14:00:41 - ai_model - DEBUG - ✅ AI模型初始化完成
2025-12-11 14:00:41 - ai_model - DEBUG -    模型: deepseek-ai/DeepSeek-V3
2025-12-11 14:00:41 - ai_model - DEBUG -    Base URL: https://api.siliconflow.cn/v1
2025-12-11 14:00:41 - ai_model - DEBUG -    API Key: sk-gsaohhwdtofontqfo...rolhikfqmy
2025-12-11 14:00:43 - ai_model - DEBUG - ✅ AI模型初始化完成
2025-12-11 14:00:43 - ai_model - DEBUG -    模型: deepseek-ai/DeepSeek-V3
2025-12-11 14:00:43 - ai_model - DEBUG -    Base URL: https://api.siliconflow.cn/v1
2025-12-11 14:00:43 - ai_model - DEBUG -    API Key: sk-gsaohhwdtofontqfo...rolhikfqmy
2025-12-11 14:00:51 - ai_model - DEBUG - ✅ AI模型初始化完成
2025-12-11 14:00:51 - ai_model - DEBUG -    模型: deepseek-ai/DeepSeek-V3
2025-12-11 14:00:51 - ai_model - DEBUG -    Base URL: https://api.siliconflow.cn/v1
2025-12-11 14:00:51 - ai_model - DEBUG -    API Key: sk-gsaohhwdtofontqfo...rolhikfqmy
2025-12-11 14:04:40 - ai_model - DEBUG - ✅ AI模型初始化完成
2025-12-11 14:04:40 - ai_model - DEBUG -    模型: deepseek-ai/DeepSeek-V3
2025-12-11 14:04:40 - ai_model - DEBUG -    Base URL: https://api.siliconflow.cn/v1
2025-12-11 14:04:40 - ai_model - DEBUG -    API Key: sk-gsaohhwdtofontqfo...rolhikfqmy
2025-12-11 14:04:42 - ai_model - DEBUG - ✅ AI模型初始化完成
2025-12-11 14:04:42 - ai_model - DEBUG -    模型: deepseek-ai/DeepSeek-V3
2025-12-11 14:04:42 - ai_model - DEBUG -    Base URL: https://api.siliconflow.cn/v1
2025-12-11 14:04:42 - ai_model - DEBUG -    API Key: sk-gsaohhwdtofontqfo...rolhikfqmy
2025-12-11 14:04:45 - ai_model - DEBUG - ✅ AI模型初始化完成
2025-12-11 14:04:45 - ai_model - DEBUG -    模型: deepseek-ai/DeepSeek-V3
2025-12-11 14:04:45 - ai_model - DEBUG -    Base URL: https://api.siliconflow.cn/v1
2025-12-11 14:04:45 - ai_model - DEBUG -    API Key: sk-gsaohhwdtofontqfo...rolhikfqmy
2025-12-11 14:06:56 - ai_model - DEBUG - ✅ AI模型初始化完成
2025-12-11 14:06:56 - ai_model - DEBUG -    模型: deepseek-ai/DeepSeek-V3
2025-12-11 14:06:56 - ai_model - DEBUG -    Base URL: https://api.siliconflow.cn/v1
2025-12-11 14:06:56 - ai_model - DEBUG -    API Key: sk-gsaohhwdtofontqfo...rolhikfqmy
2025-12-11 14:06:59 - ai_model - DEBUG - ✅ AI模型初始化完成
2025-12-11 14:06:59 - ai_model - DEBUG -    模型: deepseek-ai/DeepSeek-V3
2025-12-11 14:06:59 - ai_model - DEBUG -    Base URL: https://api.siliconflow.cn/v1
2025-12-11 14:06:59 - ai_model - DEBUG -    API Key: sk-gsaohhwdtofontqfo...rolhikfqmy
2025-12-11 14:07:01 - ai_model - DEBUG - ✅ AI模型初始化完成
2025-12-11 14:07:01 - ai_model - DEBUG -    模型: deepseek-ai/DeepSeek-V3
2025-12-11 14:07:01 - ai_model - DEBUG -    Base URL: https://api.siliconflow.cn/v1
2025-12-11 14:07:01 - ai_model - DEBUG -    API Key: sk-gsaohhwdtofontqfo...rolhikfqmy
2025-12-11 14:08:53 - ai_model - DEBUG - ✅ AI模型初始化完成
2025-12-11 14:08:53 - ai_model - DEBUG -    模型: deepseek-ai/DeepSeek-V3
2025-12-11 14:08:53 - ai_model - DEBUG -    Base URL: https://api.siliconflow.cn/v1
2025-12-11 14:08:53 - ai_model - DEBUG -    API Key: sk-gsaohhwdtofontqfo...rolhikfqmy
2025-12-11 14:08:54 - ai_model - DEBUG - ✅ AI模型初始化完成
2025-12-11 14:08:54 - ai_model - DEBUG -    模型: deepseek-ai/DeepSeek-V3
2025-12-11 14:08:54 - ai_model - DEBUG -    Base URL: https://api.siliconflow.cn/v1
2025-12-11 14:08:54 - ai_model - DEBUG -    API Key: sk-gsaohhwdtofontqfo...rolhikfqmy
2025-12-11 14:09:01 - ai_model - DEBUG - ✅ AI模型初始化完成
2025-12-11 14:09:01 - ai_model - DEBUG -    模型: deepseek-ai/DeepSeek-V3
2025-12-11 14:09:01 - ai_model - DEBUG -    Base URL: https://api.siliconflow.cn/v1
2025-12-11 14:09:01 - ai_model - DEBUG -    API Key: sk-gsaohhwdtofontqfo...rolhikfqmy
2025-12-11 14:10:49 - ai_model - DEBUG - ✅ AI模型初始化完成
2025-12-11 14:10:49 - ai_model - DEBUG -    模型: deepseek-ai/DeepSeek-V3
2025-12-11 14:10:49 - ai_model - DEBUG -    Base URL: https://api.siliconflow.cn/v1
2025-12-11 14:10:49 - ai_model - DEBUG -    API Key: sk-gsaohhwdtofontqfo...rolhikfqmy
2025-12-11 14:10:51 - ai_model - DEBUG - ✅ AI模型初始化完成
2025-12-11 14:10:51 - ai_model - DEBUG -    模型: deepseek-ai/DeepSeek-V3
2025-12-11 14:10:51 - ai_model - DEBUG -    Base URL: https://api.siliconflow.cn/v1
2025-12-11 14:10:51 - ai_model - DEBUG -    API Key: sk-gsaohhwdtofontqfo...rolhikfqmy
2025-12-11 14:10:54 - ai_model - DEBUG - ✅ AI模型初始化完成
2025-12-11 14:10:54 - ai_model - DEBUG -    模型: deepseek-ai/DeepSeek-V3
2025-12-11 14:10:54 - ai_model - DEBUG -    Base URL: https://api.siliconflow.cn/v1
2025-12-11 14:10:54 - ai_model - DEBUG -    API Key: sk-gsaohhwdtofontqfo...rolhikfqmy
2025-12-11 14:10:58 - ai_model - DEBUG - ✅ AI模型初始化完成
2025-12-11 14:10:58 - ai_model - DEBUG -    模型: deepseek-ai/DeepSeek-V3
2025-12-11 14:10:58 - ai_model - DEBUG -    Base URL: https://api.siliconflow.cn/v1
2025-12-11 14:10:58 - ai_model - DEBUG -    API Key: sk-gsaohhwdtofontqfo...rolhikfqmy
2025-12-11 14:10:58 - ai_model - DEBUG - ✅ AI模型初始化完成
2025-12-11 14:10:58 - ai_model - DEBUG -    模型: deepseek-ai/DeepSeek-V3
2025-12-11 14:10:58 - ai_model - DEBUG -    Base URL: https://api.siliconflow.cn/v1
2025-12-11 14:10:58 - ai_model - DEBUG -    API Key: sk-gsaohhwdtofontqfo...rolhikfqmy
2025-12-11 14:32:48 - ai_model - DEBUG - ✅ AI模型初始化完成
2025-12-11 14:32:48 - ai_model - DEBUG -    模型: deepseek-ai/DeepSeek-V3
2025-12-11 14:32:48 - ai_model - DEBUG -    Base URL: https://api.siliconflow.cn/v1
2025-12-11 14:32:48 - ai_model - DEBUG -    API Key: sk-gsaohhwdtofontqfo...rolhikfqmy
2025-12-11 14:32:50 - ai_model - DEBUG - ✅ AI模型初始化完成
2025-12-11 14:32:50 - ai_model - DEBUG -    模型: deepseek-ai/DeepSeek-V3
2025-12-11 14:32:50 - ai_model - DEBUG -    Base URL: https://api.siliconflow.cn/v1
2025-12-11 14:32:50 - ai_model - DEBUG -    API Key: sk-gsaohhwdtofontqfo...rolhikfqmy
2025-12-11 14:32:57 - ai_model - DEBUG - ✅ AI模型初始化完成
2025-12-11 14:32:57 - ai_model - DEBUG -    模型: deepseek-ai/DeepSeek-V3
2025-12-11 14:32:57 - ai_model - DEBUG -    Base URL: https://api.siliconflow.cn/v1
2025-12-11 14:32:57 - ai_model - DEBUG -    API Key: sk-gsaohhwdtofontqfo...rolhikfqmy
2025-12-11 14:33:00 - ai_model - DEBUG - ✅ AI模型初始化完成
2025-12-11 14:33:00 - ai_model - DEBUG -    模型: deepseek-ai/DeepSeek-V3
2025-12-11 14:33:00 - ai_model - DEBUG -    Base URL: https://api.siliconflow.cn/v1
2025-12-11 14:33:00 - ai_model - DEBUG -    API Key: sk-gsaohhwdtofontqfo...rolhikfqmy
2025-12-11 14:33:00 - ai_model - DEBUG - ✅ AI模型初始化完成
2025-12-11 14:33:00 - ai_model - DEBUG -    模型: deepseek-ai/DeepSeek-V3
2025-12-11 14:33:00 - ai_model - DEBUG -    Base URL: https://api.siliconflow.cn/v1
2025-12-11 14:33:00 - ai_model - DEBUG -    API Key: sk-gsaohhwdtofontqfo...rolhikfqmy
2025-12-11 14:47:25 - ai_model - DEBUG - ✅ AI模型初始化完成
2025-12-11 14:47:25 - ai_model - DEBUG -    模型: deepseek-ai/DeepSeek-V3
2025-12-11 14:47:25 - ai_model - DEBUG -    Base URL: https://api.siliconflow.cn/v1
2025-12-11 14:47:25 - ai_model - DEBUG -    API Key: sk-gsaohhwdtofontqfo...rolhikfqmy
2025-12-11 14:47:27 - ai_model - DEBUG - ✅ AI模型初始化完成
2025-12-11 14:47:27 - ai_model - DEBUG -    模型: deepseek-ai/DeepSeek-V3
2025-12-11 14:47:27 - ai_model - DEBUG -    Base URL: https://api.siliconflow.cn/v1
2025-12-11 14:47:27 - ai_model - DEBUG -    API Key: sk-gsaohhwdtofontqfo...rolhikfqmy
2025-12-11 14:47:29 - ai_model - DEBUG - ✅ AI模型初始化完成
2025-12-11 14:47:29 - ai_model - DEBUG -    模型: deepseek-ai/DeepSeek-V3
2025-12-11 14:47:29 - ai_model - DEBUG -    Base URL: https://api.siliconflow.cn/v1
2025-12-11 14:47:29 - ai_model - DEBUG -    API Key: sk-gsaohhwdtofontqfo...rolhikfqmy
2025-12-11 14:47:39 - ai_model - DEBUG - ✅ AI模型初始化完成
2025-12-11 14:47:39 - ai_model - DEBUG -    模型: deepseek-ai/DeepSeek-V3
2025-12-11 14:47:39 - ai_model - DEBUG -    Base URL: https://api.siliconflow.cn/v1
2025-12-11 14:47:39 - ai_model - DEBUG -    API Key: sk-gsaohhwdtofontqfo...rolhikfqmy
2025-12-11 14:47:40 - ai_model - DEBUG - ✅ AI模型初始化完成
2025-12-11 14:47:40 - ai_model - DEBUG -    模型: deepseek-ai/DeepSeek-V3
2025-12-11 14:47:40 - ai_model - DEBUG -    Base URL: https://api.siliconflow.cn/v1
2025-12-11 14:47:40 - ai_model - DEBUG -    API Key: sk-gsaohhwdtofontqfo...rolhikfqmy
2025-12-11 14:49:38 - ai_model - DEBUG - ✅ AI模型初始化完成
2025-12-11 14:49:38 - ai_model - DEBUG -    模型: deepseek-ai/DeepSeek-V3
2025-12-11 14:49:38 - ai_model - DEBUG -    Base URL: https://api.siliconflow.cn/v1
2025-12-11 14:49:38 - ai_model - DEBUG -    API Key: sk-gsaohhwdtofontqfo...rolhikfqmy
2025-12-11 14:49:40 - ai_model - DEBUG - ✅ AI模型初始化完成
2025-12-11 14:49:40 - ai_model - DEBUG -    模型: deepseek-ai/DeepSeek-V3
2025-12-11 14:49:40 - ai_model - DEBUG -    Base URL: https://api.siliconflow.cn/v1
2025-12-11 14:49:40 - ai_model - DEBUG -    API Key: sk-gsaohhwdtofontqfo...rolhikfqmy
2025-12-11 14:49:44 - ai_model - DEBUG - ✅ AI模型初始化完成
2025-12-11 14:49:44 - ai_model - DEBUG -    模型: deepseek-ai/DeepSeek-V3
2025-12-11 14:49:44 - ai_model - DEBUG -    Base URL: https://api.siliconflow.cn/v1
2025-12-11 14:49:44 - ai_model - DEBUG -    API Key: sk-gsaohhwdtofontqfo...rolhikfqmy
2025-12-11 14:49:44 - ai_model - DEBUG - ✅ AI模型初始化完成
2025-12-11 14:49:44 - ai_model - DEBUG -    模型: deepseek-ai/DeepSeek-V3
2025-12-11 14:49:44 - ai_model - DEBUG -    Base URL: https://api.siliconflow.cn/v1
2025-12-11 14:49:44 - ai_model - DEBUG -    API Key: sk-gsaohhwdtofontqfo...rolhikfqmy
2025-12-11 14:49:54 - ai_model - DEBUG - ✅ AI模型初始化完成
2025-12-11 14:49:54 - ai_model - DEBUG -    模型: deepseek-ai/DeepSeek-V3
2025-12-11 14:49:54 - ai_model - DEBUG -    Base URL: https://api.siliconflow.cn/v1
2025-12-11 14:49:54 - ai_model - DEBUG -    API Key: sk-gsaohhwdtofontqfo...rolhikfqmy
2025-12-11 14:49:56 - ai_model - DEBUG - ✅ AI模型初始化完成
2025-12-11 14:49:56 - ai_model - DEBUG -    模型: deepseek-ai/DeepSeek-V3
2025-12-11 14:49:56 - ai_model - DEBUG -    Base URL: https://api.siliconflow.cn/v1
2025-12-11 14:49:56 - ai_model - DEBUG -    API Key: sk-gsaohhwdtofontqfo...rolhikfqmy
2025-12-11 14:50:27 - ai_model - DEBUG - ✅ AI模型初始化完成
2025-12-11 14:50:27 - ai_model - DEBUG -    模型: deepseek-ai/DeepSeek-V3
2025-12-11 14:50:27 - ai_model - DEBUG -    Base URL: https://api.siliconflow.cn/v1
2025-12-11 14:50:27 - ai_model - DEBUG -    API Key: sk-gsaohhwdtofontqfo...rolhikfqmy
2025-12-11 14:50:31 - ai_model - DEBUG - ✅ AI模型初始化完成
2025-12-11 14:50:31 - ai_model - DEBUG -    模型: deepseek-ai/DeepSeek-V3
2025-12-11 14:50:31 - ai_model - DEBUG -    Base URL: https://api.siliconflow.cn/v1
2025-12-11 14:50:31 - ai_model - DEBUG -    API Key: sk-gsaohhwdtofontqfo...rolhikfqmy
2025-12-11 14:50:31 - ai_model - DEBUG - ✅ AI模型初始化完成
2025-12-11 14:50:31 - ai_model - DEBUG -    模型: deepseek-ai/DeepSeek-V3
2025-12-11 14:50:31 - ai_model - DEBUG -    Base URL: https://api.siliconflow.cn/v1
2025-12-11 14:50:31 - ai_model - DEBUG -    API Key: sk-gsaohhwdtofontqfo...rolhikfqmy
2025-12-11 14:52:30 - ai_model - DEBUG - ✅ AI模型初始化完成
2025-12-11 14:52:30 - ai_model - DEBUG -    模型: deepseek-ai/DeepSeek-V3
2025-12-11 14:52:30 - ai_model - DEBUG -    Base URL: https://api.siliconflow.cn/v1
2025-12-11 14:52:30 - ai_model - DEBUG -    API Key: sk-gsaohhwdtofontqfo...rolhikfqmy
2025-12-11 14:52:34 - ai_model - DEBUG - ✅ AI模型初始化完成
2025-12-11 14:52:34 - ai_model - DEBUG -    模型: deepseek-ai/DeepSeek-V3
2025-12-11 14:52:34 - ai_model - DEBUG -    Base URL: https://api.siliconflow.cn/v1
2025-12-11 14:52:34 - ai_model - DEBUG -    API Key: sk-gsaohhwdtofontqfo...rolhikfqmy
2025-12-11 14:52:37 - ai_model - DEBUG - ✅ AI模型初始化完成
2025-12-11 14:52:37 - ai_model - DEBUG -    模型: deepseek-ai/DeepSeek-V3
2025-12-11 14:52:37 - ai_model - DEBUG -    Base URL: https://api.siliconflow.cn/v1
2025-12-11 14:52:37 - ai_model - DEBUG -    API Key: sk-gsaohhwdtofontqfo...rolhikfqmy
2025-12-11 14:52:37 - ai_model - DEBUG - ✅ AI模型初始化完成
2025-12-11 14:52:37 - ai_model - DEBUG -    模型: deepseek-ai/DeepSeek-V3
2025-12-11 14:52:37 - ai_model - DEBUG -    Base URL: https://api.siliconflow.cn/v1
2025-12-11 14:52:37 - ai_model - DEBUG -    API Key: sk-gsaohhwdtofontqfo...rolhikfqmy
2025-12-11 14:52:56 - ai_model - DEBUG - ✅ AI模型初始化完成
2025-12-11 14:52:56 - ai_model - DEBUG -    模型: deepseek-ai/DeepSeek-V3
2025-12-11 14:52:56 - ai_model - DEBUG -    Base URL: https://api.siliconflow.cn/v1
2025-12-11 14:52:56 - ai_model - DEBUG -    API Key: sk-gsaohhwdtofontqfo...rolhikfqmy
2025-12-11 14:53:12 - ai_model - DEBUG - ✅ AI模型初始化完成
2025-12-11 14:53:12 - ai_model - DEBUG -    模型: deepseek-ai/DeepSeek-V3
2025-12-11 14:53:12 - ai_model - DEBUG -    Base URL: https://api.siliconflow.cn/v1
2025-12-11 14:53:12 - ai_model - DEBUG -    API Key: sk-gsaohhwdtofontqfo...rolhikfqmy
2025-12-11 14:53:15 - ai_model - DEBUG - ✅ AI模型初始化完成
2025-12-11 14:53:15 - ai_model - DEBUG -    模型: deepseek-ai/DeepSeek-V3
2025-12-11 14:53:15 - ai_model - DEBUG -    Base URL: https://api.siliconflow.cn/v1
2025-12-11 14:53:15 - ai_model - DEBUG -    API Key: sk-gsaohhwdtofontqfo...rolhikfqmy
2025-12-11 14:53:19 - ai_model - DEBUG - ✅ AI模型初始化完成
2025-12-11 14:53:19 - ai_model - DEBUG -    模型: deepseek-ai/DeepSeek-V3
2025-12-11 14:53:19 - ai_model - DEBUG -    Base URL: https://api.siliconflow.cn/v1
2025-12-11 14:53:19 - ai_model - DEBUG -    API Key: sk-gsaohhwdtofontqfo...rolhikfqmy
2025-12-11 14:53:19 - ai_model - DEBUG - ✅ AI模型初始化完成
2025-12-11 14:53:19 - ai_model - DEBUG -    模型: deepseek-ai/DeepSeek-V3
2025-12-11 14:53:19 - ai_model - DEBUG -    Base URL: https://api.siliconflow.cn/v1
2025-12-11 14:53:19 - ai_model - DEBUG -    API Key: sk-gsaohhwdtofontqfo...rolhikfqmy
2025-12-11 14:56:33 - ai_model - DEBUG - ✅ AI模型初始化完成
2025-12-11 14:56:33 - ai_model - DEBUG -    模型: deepseek-ai/DeepSeek-V3
2025-12-11 14:56:33 - ai_model - DEBUG -    Base URL: https://api.siliconflow.cn/v1
2025-12-11 14:56:33 - ai_model - DEBUG -    API Key: sk-gsaohhwdtofontqfo...rolhikfqmy
2025-12-11 14:56:35 - ai_model - DEBUG - ✅ AI模型初始化完成
2025-12-11 14:56:35 - ai_model - DEBUG -    模型: deepseek-ai/DeepSeek-V3
2025-12-11 14:56:35 - ai_model - DEBUG -    Base URL: https://api.siliconflow.cn/v1
2025-12-11 14:56:35 - ai_model - DEBUG -    API Key: sk-gsaohhwdtofontqfo...rolhikfqmy
2025-12-11 14:56:38 - ai_model - DEBUG - ✅ AI模型初始化完成
2025-12-11 14:56:38 - ai_model - DEBUG -    模型: deepseek-ai/DeepSeek-V3
2025-12-11 14:56:38 - ai_model - DEBUG -    Base URL: https://api.siliconflow.cn/v1
2025-12-11 14:56:38 - ai_model - DEBUG -    API Key: sk-gsaohhwdtofontqfo...rolhikfqmy
2025-12-11 14:56:38 - ai_model - DEBUG - ✅ AI模型初始化完成
2025-12-11 14:56:38 - ai_model - DEBUG -    模型: deepseek-ai/DeepSeek-V3
2025-12-11 14:56:38 - ai_model - DEBUG -    Base URL: https://api.siliconflow.cn/v1
2025-12-11 14:56:38 - ai_model - DEBUG -    API Key: sk-gsaohhwdtofontqfo...rolhikfqmy
2025-12-11 14:57:01 - ai_model - DEBUG - ✅ AI模型初始化完成
2025-12-11 14:57:01 - ai_model - DEBUG -    模型: deepseek-ai/DeepSeek-V3
2025-12-11 14:57:01 - ai_model - DEBUG -    Base URL: https://api.siliconflow.cn/v1
2025-12-11 14:57:01 - ai_model - DEBUG -    API Key: sk-gsaohhwdtofontqfo...rolhikfqmy
2025-12-11 14:57:03 - ai_model - DEBUG - ✅ AI模型初始化完成
2025-12-11 14:57:03 - ai_model - DEBUG -    模型: deepseek-ai/DeepSeek-V3
2025-12-11 14:57:03 - ai_model - DEBUG -    Base URL: https://api.siliconflow.cn/v1
2025-12-11 14:57:03 - ai_model - DEBUG -    API Key: sk-gsaohhwdtofontqfo...rolhikfqmy
2025-12-11 14:57:11 - ai_model - DEBUG - ✅ AI模型初始化完成
2025-12-11 14:57:11 - ai_model - DEBUG -    模型: deepseek-ai/DeepSeek-V3
2025-12-11 14:57:11 - ai_model - DEBUG -    Base URL: https://api.siliconflow.cn/v1
2025-12-11 14:57:11 - ai_model - DEBUG -    API Key: sk-gsaohhwdtofontqfo...rolhikfqmy
2025-12-11 14:57:15 - ai_model - DEBUG - ✅ AI模型初始化完成
2025-12-11 14:57:15 - ai_model - DEBUG -    模型: deepseek-ai/DeepSeek-V3
2025-12-11 14:57:15 - ai_model - DEBUG -    Base URL: https://api.siliconflow.cn/v1
2025-12-11 14:57:15 - ai_model - DEBUG -    API Key: sk-gsaohhwdtofontqfo...rolhikfqmy
2025-12-11 14:57:15 - ai_model - DEBUG - ✅ AI模型初始化完成
2025-12-11 14:57:15 - ai_model - DEBUG -    模型: deepseek-ai/DeepSeek-V3
2025-12-11 14:57:15 - ai_model - DEBUG -    Base URL: https://api.siliconflow.cn/v1
2025-12-11 14:57:15 - ai_model - DEBUG -    API Key: sk-gsaohhwdtofontqfo...rolhikfqmy
2025-12-11 14:59:48 - ai_model - DEBUG - ✅ AI模型初始化完成
2025-12-11 14:59:48 - ai_model - DEBUG -    模型: deepseek-ai/DeepSeek-V3
2025-12-11 14:59:48 - ai_model - DEBUG -    Base URL: https://api.siliconflow.cn/v1
2025-12-11 14:59:48 - ai_model - DEBUG -    API Key: sk-gsaohhwdtofontqfo...rolhikfqmy
2025-12-11 14:59:51 - ai_model - DEBUG - ✅ AI模型初始化完成
2025-12-11 14:59:51 - ai_model - DEBUG -    模型: deepseek-ai/DeepSeek-V3
2025-12-11 14:59:51 - ai_model - DEBUG -    Base URL: https://api.siliconflow.cn/v1
2025-12-11 14:59:51 - ai_model - DEBUG -    API Key: sk-gsaohhwdtofontqfo...rolhikfqmy
2025-12-11 14:59:54 - ai_model - DEBUG - ✅ AI模型初始化完成
2025-12-11 14:59:54 - ai_model - DEBUG -    模型: deepseek-ai/DeepSeek-V3
2025-12-11 14:59:54 - ai_model - DEBUG -    Base URL: https://api.siliconflow.cn/v1
2025-12-11 14:59:54 - ai_model - DEBUG -    API Key: sk-gsaohhwdtofontqfo...rolhikfqmy
2025-12-11 14:59:54 - ai_model - DEBUG - ✅ AI模型初始化完成
2025-12-11 14:59:54 - ai_model - DEBUG -    模型: deepseek-ai/DeepSeek-V3
2025-12-11 14:59:54 - ai_model - DEBUG -    Base URL: https://api.siliconflow.cn/v1
2025-12-11 14:59:54 - ai_model - DEBUG -    API Key: sk-gsaohhwdtofontqfo...rolhikfqmy
2025-12-11 15:00:05 - ai_model - DEBUG - ✅ AI模型初始化完成
2025-12-11 15:00:05 - ai_model - DEBUG -    模型: deepseek-ai/DeepSeek-V3
2025-12-11 15:00:05 - ai_model - DEBUG -    Base URL: https://api.siliconflow.cn/v1
2025-12-11 15:00:05 - ai_model - DEBUG -    API Key: sk-gsaohhwdtofontqfo...rolhikfqmy
2025-12-11 15:00:10 - ai_model - DEBUG - ✅ AI模型初始化完成
2025-12-11 15:00:10 - ai_model - DEBUG -    模型: deepseek-ai/DeepSeek-V3
2025-12-11 15:00:10 - ai_model - DEBUG -    Base URL: https://api.siliconflow.cn/v1
2025-12-11 15:00:10 - ai_model - DEBUG -    API Key: sk-gsaohhwdtofontqfo...rolhikfqmy
2025-12-11 15:00:13 - ai_model - DEBUG - ✅ AI模型初始化完成
2025-12-11 15:00:13 - ai_model - DEBUG -    模型: deepseek-ai/DeepSeek-V3
2025-12-11 15:00:13 - ai_model - DEBUG -    Base URL: https://api.siliconflow.cn/v1
2025-12-11 15:00:13 - ai_model - DEBUG -    API Key: sk-gsaohhwdtofontqfo...rolhikfqmy
2025-12-11 15:00:20 - ai_model - DEBUG - ✅ AI模型初始化完成
2025-12-11 15:00:20 - ai_model - DEBUG -    模型: deepseek-ai/DeepSeek-V3
2025-12-11 15:00:20 - ai_model - DEBUG -    Base URL: https://api.siliconflow.cn/v1
2025-12-11 15:00:20 - ai_model - DEBUG -    API Key: sk-gsaohhwdtofontqfo...rolhikfqmy
2025-12-11 15:00:20 - ai_model - DEBUG - ✅ AI模型初始化完成
2025-12-11 15:00:20 - ai_model - DEBUG -    模型: deepseek-ai/DeepSeek-V3
2025-12-11 15:00:20 - ai_model - DEBUG -    Base URL: https://api.siliconflow.cn/v1
2025-12-11 15:00:20 - ai_model - DEBUG -    API Key: sk-gsaohhwdtofontqfo...rolhikfqmy
2025-12-11 17:21:55 - ai_model - DEBUG - ✅ AI模型初始化完成
2025-12-11 17:21:55 - ai_model - DEBUG -    模型: deepseek-ai/DeepSeek-V3
2025-12-11 17:21:55 - ai_model - DEBUG -    Base URL: https://api.siliconflow.cn/v1
2025-12-11 17:21:55 - ai_model - DEBUG -    API Key: sk-gsaohhwdtofontqfo...rolhikfqmy
2025-12-11 17:22:02 - ai_model - DEBUG - ✅ AI模型初始化完成
2025-12-11 17:22:02 - ai_model - DEBUG -    模型: deepseek-ai/DeepSeek-V3
2025-12-11 17:22:02 - ai_model - DEBUG -    Base URL: https://api.siliconflow.cn/v1
2025-12-11 17:22:02 - ai_model - DEBUG -    API Key: sk-gsaohhwdtofontqfo...rolhikfqmy
2025-12-11 17:22:08 - ai_model - DEBUG - ✅ AI模型初始化完成
2025-12-11 17:22:08 - ai_model - DEBUG -    模型: deepseek-ai/DeepSeek-V3
2025-12-11 17:22:08 - ai_model - DEBUG -    Base URL: https://api.siliconflow.cn/v1
2025-12-11 17:22:08 - ai_model - DEBUG -    API Key: sk-gsaohhwdtofontqfo...rolhikfqmy
2025-12-11 17:22:45 - ai_model - DEBUG - ✅ AI模型初始化完成
2025-12-11 17:22:45 - ai_model - DEBUG -    模型: deepseek-ai/DeepSeek-V3
2025-12-11 17:22:45 - ai_model - DEBUG -    Base URL: https://api.siliconflow.cn/v1
2025-12-11 17:22:45 - ai_model - DEBUG -    API Key: sk-gsaohhwdtofontqfo...rolhikfqmy
2025-12-11 17:22:47 - ai_model - DEBUG - ✅ AI模型初始化完成
2025-12-11 17:22:47 - ai_model - DEBUG -    模型: deepseek-ai/DeepSeek-V3
2025-12-11 17:22:47 - ai_model - DEBUG -    Base URL: https://api.siliconflow.cn/v1
2025-12-11 17:22:47 - ai_model - DEBUG -    API Key: sk-gsaohhwdtofontqfo...rolhikfqmy
2025-12-11 17:22:55 - ai_model - DEBUG - ✅ AI模型初始化完成
2025-12-11 17:22:55 - ai_model - DEBUG -    模型: deepseek-ai/DeepSeek-V3
2025-12-11 17:22:55 - ai_model - DEBUG -    Base URL: https://api.siliconflow.cn/v1
2025-12-11 17:22:55 - ai_model - DEBUG -    API Key: sk-gsaohhwdtofontqfo...rolhikfqmy
2025-12-11 17:24:03 - ai_model - DEBUG - ✅ AI模型初始化完成
2025-12-11 17:24:03 - ai_model - DEBUG -    模型: deepseek-ai/DeepSeek-V3
2025-12-11 17:24:03 - ai_model - DEBUG -    Base URL: https://api.siliconflow.cn/v1
2025-12-11 17:24:03 - ai_model - DEBUG -    API Key: sk-gsaohhwdtofontqfo...rolhikfqmy
2025-12-11 17:24:05 - ai_model - DEBUG - ✅ AI模型初始化完成
2025-12-11 17:24:05 - ai_model - DEBUG -    模型: deepseek-ai/DeepSeek-V3
2025-12-11 17:24:05 - ai_model - DEBUG -    Base URL: https://api.siliconflow.cn/v1
2025-12-11 17:24:05 - ai_model - DEBUG -    API Key: sk-gsaohhwdtofontqfo...rolhikfqmy
2025-12-11 17:24:11 - ai_model - DEBUG - ✅ AI模型初始化完成
2025-12-11 17:24:11 - ai_model - DEBUG -    模型: deepseek-ai/DeepSeek-V3
2025-12-11 17:24:11 - ai_model - DEBUG -    Base URL: https://api.siliconflow.cn/v1
2025-12-11 17:24:11 - ai_model - DEBUG -    API Key: sk-gsaohhwdtofontqfo...rolhikfqmy
2025-12-11 17:24:21 - ai_model - DEBUG - ✅ AI模型初始化完成
2025-12-11 17:24:21 - ai_model - DEBUG -    模型: deepseek-ai/DeepSeek-V3
2025-12-11 17:24:21 - ai_model - DEBUG -    Base URL: https://api.siliconflow.cn/v1
2025-12-11 17:24:21 - ai_model - DEBUG -    API Key: sk-gsaohhwdtofontqfo...rolhikfqmy
2025-12-11 17:24:21 - ai_model - DEBUG - ✅ AI模型初始化完成
2025-12-11 17:24:21 - ai_model - DEBUG -    模型: deepseek-ai/DeepSeek-V3
2025-12-11 17:24:21 - ai_model - DEBUG -    Base URL: https://api.siliconflow.cn/v1
2025-12-11 17:24:21 - ai_model - DEBUG -    API Key: sk-gsaohhwdtofontqfo...rolhikfqmy
2025-12-11 17:26:09 - ai_model - DEBUG - ✅ AI模型初始化完成
2025-12-11 17:26:09 - ai_model - DEBUG -    模型: deepseek-ai/DeepSeek-V3
2025-12-11 17:26:09 - ai_model - DEBUG -    Base URL: https://api.siliconflow.cn/v1
2025-12-11 17:26:09 - ai_model - DEBUG -    API Key: sk-gsaohhwdtofontqfo...rolhikfqmy
2025-12-11 17:26:12 - ai_model - DEBUG - ✅ AI模型初始化完成
2025-12-11 17:26:12 - ai_model - DEBUG -    模型: deepseek-ai/DeepSeek-V3
2025-12-11 17:26:12 - ai_model - DEBUG -    Base URL: https://api.siliconflow.cn/v1
2025-12-11 17:26:12 - ai_model - DEBUG -    API Key: sk-gsaohhwdtofontqfo...rolhikfqmy
2025-12-11 17:26:21 - ai_model - DEBUG - ✅ AI模型初始化完成
2025-12-11 17:26:21 - ai_model - DEBUG -    模型: deepseek-ai/DeepSeek-V3
2025-12-11 17:26:21 - ai_model - DEBUG -    Base URL: https://api.siliconflow.cn/v1
2025-12-11 17:26:21 - ai_model - DEBUG -    API Key: sk-gsaohhwdtofontqfo...rolhikfqmy
2025-12-11 17:41:19 - ai_model - DEBUG - ✅ AI模型初始化完成
2025-12-11 17:41:19 - ai_model - DEBUG -    模型: deepseek-ai/DeepSeek-V3
2025-12-11 17:41:19 - ai_model - DEBUG -    Base URL: https://api.siliconflow.cn/v1
2025-12-11 17:41:19 - ai_model - DEBUG -    API Key: sk-gsaohhwdtofontqfo...rolhikfqmy
2025-12-11 17:41:25 - ai_model - DEBUG - ✅ AI模型初始化完成
2025-12-11 17:41:25 - ai_model - DEBUG -    模型: deepseek-ai/DeepSeek-V3
2025-12-11 17:41:25 - ai_model - DEBUG -    Base URL: https://api.siliconflow.cn/v1
2025-12-11 17:41:25 - ai_model - DEBUG -    API Key: sk-gsaohhwdtofontqfo...rolhikfqmy
2025-12-11 17:41:34 - ai_model - DEBUG - ✅ AI模型初始化完成
2025-12-11 17:41:34 - ai_model - DEBUG -    模型: deepseek-ai/DeepSeek-V3
2025-12-11 17:41:34 - ai_model - DEBUG -    Base URL: https://api.siliconflow.cn/v1
2025-12-11 17:41:34 - ai_model - DEBUG -    API Key: sk-gsaohhwdtofontqfo...rolhikfqmy
2025-12-11 17:41:40 - ai_model - DEBUG - ✅ AI模型初始化完成
2025-12-11 17:41:40 - ai_model - DEBUG -    模型: deepseek-ai/DeepSeek-V3
2025-12-11 17:41:40 - ai_model - DEBUG -    Base URL: https://api.siliconflow.cn/v1
2025-12-11 17:41:40 - ai_model - DEBUG -    API Key: sk-gsaohhwdtofontqfo...rolhikfqmy
2025-12-11 17:41:40 - ai_model - DEBUG - ✅ AI模型初始化完成
2025-12-11 17:41:40 - ai_model - DEBUG -    模型: deepseek-ai/DeepSeek-V3
2025-12-11 17:41:40 - ai_model - DEBUG -    Base URL: https://api.siliconflow.cn/v1
2025-12-11 17:41:40 - ai_model - DEBUG -    API Key: sk-gsaohhwdtofontqfo...rolhikfqmy
2025-12-11 17:50:08 - ai_model - DEBUG - ✅ AI模型初始化完成
2025-12-11 17:50:08 - ai_model - DEBUG -    模型: deepseek-ai/DeepSeek-V3
2025-12-11 17:50:08 - ai_model - DEBUG -    Base URL: https://api.siliconflow.cn/v1
2025-12-11 17:50:08 - ai_model - DEBUG -    API Key: sk-gsaohhwdtofontqfo...rolhikfqmy
2025-12-11 17:50:10 - ai_model - DEBUG - ✅ AI模型初始化完成
2025-12-11 17:50:10 - ai_model - DEBUG -    模型: deepseek-ai/DeepSeek-V3
2025-12-11 17:50:10 - ai_model - DEBUG -    Base URL: https://api.siliconflow.cn/v1
2025-12-11 17:50:10 - ai_model - DEBUG -    API Key: sk-gsaohhwdtofontqfo...rolhikfqmy
2025-12-11 17:50:19 - ai_model - DEBUG - ✅ AI模型初始化完成
2025-12-11 17:50:19 - ai_model - DEBUG -    模型: deepseek-ai/DeepSeek-V3
2025-12-11 17:50:19 - ai_model - DEBUG -    Base URL: https://api.siliconflow.cn/v1
2025-12-11 17:50:19 - ai_model - DEBUG -    API Key: sk-gsaohhwdtofontqfo...rolhikfqmy
2025-12-11 17:50:28 - ai_model - DEBUG - ✅ AI模型初始化完成
2025-12-11 17:50:28 - ai_model - DEBUG -    模型: deepseek-ai/DeepSeek-V3
2025-12-11 17:50:28 - ai_model - DEBUG -    Base URL: https://api.siliconflow.cn/v1
2025-12-11 17:50:28 - ai_model - DEBUG -    API Key: sk-gsaohhwdtofontqfo...rolhikfqmy
2025-12-11 17:50:28 - ai_model - DEBUG - ✅ AI模型初始化完成
2025-12-11 17:50:28 - ai_model - DEBUG -    模型: deepseek-ai/DeepSeek-V3
2025-12-11 17:50:28 - ai_model - DEBUG -    Base URL: https://api.siliconflow.cn/v1
2025-12-11 17:50:28 - ai_model - DEBUG -    API Key: sk-gsaohhwdtofontqfo...rolhikfqmy
2025-12-11 17:55:53 - ai_model - DEBUG - ✅ AI模型初始化完成
2025-12-11 17:55:53 - ai_model - DEBUG -    模型: deepseek-ai/DeepSeek-V3
2025-12-11 17:55:53 - ai_model - DEBUG -    Base URL: https://api.siliconflow.cn/v1
2025-12-11 17:55:53 - ai_model - DEBUG -    API Key: sk-gsaohhwdtofontqfo...rolhikfqmy
2025-12-11 17:55:55 - ai_model - DEBUG - ✅ AI模型初始化完成
2025-12-11 17:55:55 - ai_model - DEBUG -    模型: deepseek-ai/DeepSeek-V3
2025-12-11 17:55:55 - ai_model - DEBUG -    Base URL: https://api.siliconflow.cn/v1
2025-12-11 17:55:55 - ai_model - DEBUG -    API Key: sk-gsaohhwdtofontqfo...rolhikfqmy
2025-12-11 17:56:03 - ai_model - DEBUG - ✅ AI模型初始化完成
2025-12-11 17:56:03 - ai_model - DEBUG -    模型: deepseek-ai/DeepSeek-V3
2025-12-11 17:56:03 - ai_model - DEBUG -    Base URL: https://api.siliconflow.cn/v1
2025-12-11 17:56:03 - ai_model - DEBUG -    API Key: sk-gsaohhwdtofontqfo...rolhikfqmy
2025-12-11 17:57:00 - ai_model - DEBUG - ✅ AI模型初始化完成
2025-12-11 17:57:00 - ai_model - DEBUG -    模型: deepseek-ai/DeepSeek-V3
2025-12-11 17:57:00 - ai_model - DEBUG -    Base URL: https://api.siliconflow.cn/v1
2025-12-11 17:57:00 - ai_model - DEBUG -    API Key: sk-gsaohhwdtofontqfo...rolhikfqmy
2025-12-11 17:57:02 - ai_model - DEBUG - ✅ AI模型初始化完成
2025-12-11 17:57:02 - ai_model - DEBUG -    模型: deepseek-ai/DeepSeek-V3
2025-12-11 17:57:02 - ai_model - DEBUG -    Base URL: https://api.siliconflow.cn/v1
2025-12-11 17:57:02 - ai_model - DEBUG -    API Key: sk-gsaohhwdtofontqfo...rolhikfqmy
2025-12-11 17:57:09 - ai_model - DEBUG - ✅ AI模型初始化完成
2025-12-11 17:57:09 - ai_model - DEBUG -    模型: deepseek-ai/DeepSeek-V3
2025-12-11 17:57:09 - ai_model - DEBUG -    Base URL: https://api.siliconflow.cn/v1
2025-12-11 17:57:09 - ai_model - DEBUG -    API Key: sk-gsaohhwdtofontqfo...rolhikfqmy
2025-12-11 17:57:09 - ai_model - DEBUG - ✅ AI模型初始化完成
2025-12-11 17:57:09 - ai_model - DEBUG -    模型: deepseek-ai/DeepSeek-V3
2025-12-11 17:57:09 - ai_model - DEBUG -    Base URL: https://api.siliconflow.cn/v1
2025-12-11 17:57:09 - ai_model - DEBUG -    API Key: sk-gsaohhwdtofontqfo...rolhikfqmy
2025-12-11 17:57:33 - ai_model - DEBUG - ✅ AI模型初始化完成
2025-12-11 17:57:33 - ai_model - DEBUG -    模型: deepseek-ai/DeepSeek-V3
2025-12-11 17:57:33 - ai_model - DEBUG -    Base URL: https://api.siliconflow.cn/v1
2025-12-11 17:57:33 - ai_model - DEBUG -    API Key: sk-gsaohhwdtofontqfo...rolhikfqmy
2025-12-11 17:57:35 - ai_model - DEBUG - ✅ AI模型初始化完成
2025-12-11 17:57:35 - ai_model - DEBUG -    模型: deepseek-ai/DeepSeek-V3
2025-12-11 17:57:35 - ai_model - DEBUG -    Base URL: https://api.siliconflow.cn/v1
2025-12-11 17:57:35 - ai_model - DEBUG -    API Key: sk-gsaohhwdtofontqfo...rolhikfqmy
2025-12-11 17:57:57 - ai_model - DEBUG - ✅ AI模型初始化完成
2025-12-11 17:57:57 - ai_model - DEBUG -    模型: deepseek-ai/DeepSeek-V3
2025-12-11 17:57:57 - ai_model - DEBUG -    Base URL: https://api.siliconflow.cn/v1
2025-12-11 17:57:57 - ai_model - DEBUG -    API Key: sk-gsaohhwdtofontqfo...rolhikfqmy
2025-12-11 17:58:09 - ai_model - DEBUG - ✅ AI模型初始化完成
2025-12-11 17:58:09 - ai_model - DEBUG -    模型: deepseek-ai/DeepSeek-V3
2025-12-11 17:58:09 - ai_model - DEBUG -    Base URL: https://api.siliconflow.cn/v1
2025-12-11 17:58:09 - ai_model - DEBUG -    API Key: sk-gsaohhwdtofontqfo...rolhikfqmy
2025-12-11 17:58:09 - ai_model - DEBUG - ✅ AI模型初始化完成
2025-12-11 17:58:09 - ai_model - DEBUG -    模型: deepseek-ai/DeepSeek-V3
2025-12-11 17:58:09 - ai_model - DEBUG -    Base URL: https://api.siliconflow.cn/v1
2025-12-11 17:58:09 - ai_model - DEBUG -    API Key: sk-gsaohhwdtofontqfo...rolhikfqmy
2025-12-11 18:03:36 - ai_model - DEBUG - ✅ AI模型初始化完成
2025-12-11 18:03:36 - ai_model - DEBUG -    模型: deepseek-ai/DeepSeek-V3
2025-12-11 18:03:36 - ai_model - DEBUG -    Base URL: https://api.siliconflow.cn/v1
2025-12-11 18:03:36 - ai_model - DEBUG -    API Key: sk-gsaohhwdtofontqfo...rolhikfqmy
2025-12-11 18:03:38 - ai_model - DEBUG - ✅ AI模型初始化完成
2025-12-11 18:03:38 - ai_model - DEBUG -    模型: deepseek-ai/DeepSeek-V3
2025-12-11 18:03:38 - ai_model - DEBUG -    Base URL: https://api.siliconflow.cn/v1
2025-12-11 18:03:38 - ai_model - DEBUG -    API Key: sk-gsaohhwdtofontqfo...rolhikfqmy
2025-12-11 18:03:50 - ai_model - DEBUG - ✅ AI模型初始化完成
2025-12-11 18:03:50 - ai_model - DEBUG -    模型: deepseek-ai/DeepSeek-V3
2025-12-11 18:03:50 - ai_model - DEBUG -    Base URL: https://api.siliconflow.cn/v1
2025-12-11 18:03:50 - ai_model - DEBUG -    API Key: sk-gsaohhwdtofontqfo...rolhikfqmy
2025-12-11 18:05:08 - ai_model - DEBUG - ✅ AI模型初始化完成
2025-12-11 18:05:08 - ai_model - DEBUG -    模型: deepseek-ai/DeepSeek-V3
2025-12-11 18:05:08 - ai_model - DEBUG -    Base URL: https://api.siliconflow.cn/v1
2025-12-11 18:05:08 - ai_model - DEBUG -    API Key: sk-gsaohhwdtofontqfo...rolhikfqmy
2025-12-11 18:05:10 - ai_model - DEBUG - ✅ AI模型初始化完成
2025-12-11 18:05:10 - ai_model - DEBUG -    模型: deepseek-ai/DeepSeek-V3
2025-12-11 18:05:10 - ai_model - DEBUG -    Base URL: https://api.siliconflow.cn/v1
2025-12-11 18:05:10 - ai_model - DEBUG -    API Key: sk-gsaohhwdtofontqfo...rolhikfqmy
2025-12-11 18:05:16 - ai_model - DEBUG - ✅ AI模型初始化完成
2025-12-11 18:05:16 - ai_model - DEBUG -    模型: deepseek-ai/DeepSeek-V3
2025-12-11 18:05:16 - ai_model - DEBUG -    Base URL: https://api.siliconflow.cn/v1
2025-12-11 18:05:16 - ai_model - DEBUG -    API Key: sk-gsaohhwdtofontqfo...rolhikfqmy
2025-12-11 18:05:16 - ai_model - DEBUG - ✅ AI模型初始化完成
2025-12-11 18:05:16 - ai_model - DEBUG -    模型: deepseek-ai/DeepSeek-V3
2025-12-11 18:05:16 - ai_model - DEBUG -    Base URL: https://api.siliconflow.cn/v1
2025-12-11 18:05:16 - ai_model - DEBUG -    API Key: sk-gsaohhwdtofontqfo...rolhikfqmy
2025-12-11 18:05:30 - ai_model - DEBUG - ✅ AI模型初始化完成
2025-12-11 18:05:30 - ai_model - DEBUG -    模型: deepseek-ai/DeepSeek-V3
2025-12-11 18:05:30 - ai_model - DEBUG -    Base URL: https://api.siliconflow.cn/v1
2025-12-11 18:05:30 - ai_model - DEBUG -    API Key: sk-gsaohhwdtofontqfo...rolhikfqmy
2025-12-11 18:05:32 - ai_model - DEBUG - ✅ AI模型初始化完成
2025-12-11 18:05:32 - ai_model - DEBUG -    模型: deepseek-ai/DeepSeek-V3
2025-12-11 18:05:32 - ai_model - DEBUG -    Base URL: https://api.siliconflow.cn/v1
2025-12-11 18:05:32 - ai_model - DEBUG -    API Key: sk-gsaohhwdtofontqfo...rolhikfqmy
2025-12-11 18:05:35 - ai_model - DEBUG - ✅ AI模型初始化完成
2025-12-11 18:05:35 - ai_model - DEBUG -    模型: deepseek-ai/DeepSeek-V3
2025-12-11 18:05:35 - ai_model - DEBUG -    Base URL: https://api.siliconflow.cn/v1
2025-12-11 18:05:35 - ai_model - DEBUG -    API Key: sk-gsaohhwdtofontqfo...rolhikfqmy
2025-12-11 18:05:46 - ai_model - DEBUG - ✅ AI模型初始化完成
2025-12-11 18:05:46 - ai_model - DEBUG -    模型: deepseek-ai/DeepSeek-V3
2025-12-11 18:05:46 - ai_model - DEBUG -    Base URL: https://api.siliconflow.cn/v1
2025-12-11 18:05:46 - ai_model - DEBUG -    API Key: sk-gsaohhwdtofontqfo...rolhikfqmy
2025-12-11 18:05:46 - ai_model - DEBUG - ✅ AI模型初始化完成
2025-12-11 18:05:46 - ai_model - DEBUG -    模型: deepseek-ai/DeepSeek-V3
2025-12-11 18:05:46 - ai_model - DEBUG -    Base URL: https://api.siliconflow.cn/v1
2025-12-11 18:05:46 - ai_model - DEBUG -    API Key: sk-gsaohhwdtofontqfo...rolhikfqmy
2025-12-11 18:17:11 - ai_model - DEBUG - ✅ AI模型初始化完成
2025-12-11 18:17:11 - ai_model - DEBUG -    模型: deepseek-ai/DeepSeek-V3
2025-12-11 18:17:11 - ai_model - DEBUG -    Base URL: https://api.siliconflow.cn/v1
2025-12-11 18:17:11 - ai_model - DEBUG -    API Key: sk-gsaohhwdtofontqfo...rolhikfqmy
2025-12-11 18:17:18 - ai_model - DEBUG - ✅ AI模型初始化完成
2025-12-11 18:17:18 - ai_model - DEBUG -    模型: deepseek-ai/DeepSeek-V3
2025-12-11 18:17:18 - ai_model - DEBUG -    Base URL: https://api.siliconflow.cn/v1
2025-12-11 18:17:18 - ai_model - DEBUG -    API Key: sk-gsaohhwdtofontqfo...rolhikfqmy
2025-12-11 18:17:25 - ai_model - DEBUG - ✅ AI模型初始化完成
2025-12-11 18:17:25 - ai_model - DEBUG -    模型: deepseek-ai/DeepSeek-V3
2025-12-11 18:17:25 - ai_model - DEBUG -    Base URL: https://api.siliconflow.cn/v1
2025-12-11 18:17:25 - ai_model - DEBUG -    API Key: sk-gsaohhwdtofontqfo...rolhikfqmy
2025-12-11 18:17:32 - ai_model - DEBUG - ✅ AI模型初始化完成
2025-12-11 18:17:32 - ai_model - DEBUG -    模型: deepseek-ai/DeepSeek-V3
2025-12-11 18:17:32 - ai_model - DEBUG -    Base URL: https://api.siliconflow.cn/v1
2025-12-11 18:17:32 - ai_model - DEBUG -    API Key: sk-gsaohhwdtofontqfo...rolhikfqmy
2025-12-11 18:17:32 - ai_model - DEBUG - ✅ AI模型初始化完成
2025-12-11 18:17:32 - ai_model - DEBUG -    模型: deepseek-ai/DeepSeek-V3
2025-12-11 18:17:32 - ai_model - DEBUG -    Base URL: https://api.siliconflow.cn/v1
2025-12-11 18:17:32 - ai_model - DEBUG -    API Key: sk-gsaohhwdtofontqfo...rolhikfqmy
2025-12-12 10:48:30 - ai_model - DEBUG - ✅ AI模型初始化完成
2025-12-12 10:48:30 - ai_model - DEBUG -    模型: deepseek-ai/DeepSeek-V3
2025-12-12 10:48:30 - ai_model - DEBUG -    Base URL: https://api.siliconflow.cn/v1
2025-12-12 10:48:30 - ai_model - DEBUG -    API Key: sk-gsaohhwdtofontqfo...rolhikfqmy
2025-12-12 10:48:32 - ai_model - DEBUG - ✅ AI模型初始化完成
2025-12-12 10:48:32 - ai_model - DEBUG -    模型: deepseek-ai/DeepSeek-V3
2025-12-12 10:48:32 - ai_model - DEBUG -    Base URL: https://api.siliconflow.cn/v1
2025-12-12 10:48:32 - ai_model - DEBUG -    API Key: sk-gsaohhwdtofontqfo...rolhikfqmy
2025-12-12 10:48:35 - ai_model - DEBUG - ✅ AI模型初始化完成
2025-12-12 10:48:35 - ai_model - DEBUG -    模型: deepseek-ai/DeepSeek-V3
2025-12-12 10:48:35 - ai_model - DEBUG -    Base URL: https://api.siliconflow.cn/v1
2025-12-12 10:48:35 - ai_model - DEBUG -    API Key: sk-gsaohhwdtofontqfo...rolhikfqmy
2025-12-12 10:48:35 - ai_model - DEBUG - ✅ AI模型初始化完成
2025-12-12 10:48:35 - ai_model - DEBUG -    模型: deepseek-ai/DeepSeek-V3
2025-12-12 10:48:35 - ai_model - DEBUG -    Base URL: https://api.siliconflow.cn/v1
2025-12-12 10:48:35 - ai_model - DEBUG -    API Key: sk-gsaohhwdtofontqfo...rolhikfqmy
2025-12-12 10:48:43 - ai_model - DEBUG - ✅ AI模型初始化完成
2025-12-12 10:48:43 - ai_model - DEBUG -    模型: deepseek-ai/DeepSeek-V3
2025-12-12 10:48:43 - ai_model - DEBUG -    Base URL: https://api.siliconflow.cn/v1
2025-12-12 10:48:43 - ai_model - DEBUG -    API Key: sk-gsaohhwdtofontqfo...rolhikfqmy
2025-12-12 10:48:49 - ai_model - DEBUG - ✅ AI模型初始化完成
2025-12-12 10:48:49 - ai_model - DEBUG -    模型: deepseek-ai/DeepSeek-V3
2025-12-12 10:48:49 - ai_model - DEBUG -    Base URL: https://api.siliconflow.cn/v1
2025-12-12 10:48:49 - ai_model - DEBUG -    API Key: sk-gsaohhwdtofontqfo...rolhikfqmy
2025-12-12 10:49:00 - ai_model - DEBUG - ✅ AI模型初始化完成
2025-12-12 10:49:00 - ai_model - DEBUG -    模型: deepseek-ai/DeepSeek-V3
2025-12-12 10:49:00 - ai_model - DEBUG -    Base URL: https://api.siliconflow.cn/v1
2025-12-12 10:49:00 - ai_model - DEBUG -    API Key: sk-gsaohhwdtofontqfo...rolhikfqmy
2025-12-12 10:49:02 - ai_model - DEBUG - ✅ AI模型初始化完成
2025-12-12 10:49:02 - ai_model - DEBUG -    模型: deepseek-ai/DeepSeek-V3
2025-12-12 10:49:02 - ai_model - DEBUG -    Base URL: https://api.siliconflow.cn/v1
2025-12-12 10:49:02 - ai_model - DEBUG -    API Key: sk-gsaohhwdtofontqfo...rolhikfqmy
2025-12-12 10:49:03 - ai_model - DEBUG - ✅ AI模型初始化完成
2025-12-12 10:49:03 - ai_model - DEBUG -    模型: deepseek-ai/DeepSeek-V3
2025-12-12 10:49:03 - ai_model - DEBUG -    Base URL: https://api.siliconflow.cn/v1
2025-12-12 10:49:03 - ai_model - DEBUG -    API Key: sk-gsaohhwdtofontqfo...rolhikfqmy
2025-12-12 10:51:44 - ai_model - DEBUG - ✅ AI模型初始化完成
2025-12-12 10:51:44 - ai_model - DEBUG -    模型: deepseek-ai/DeepSeek-V3
2025-12-12 10:51:44 - ai_model - DEBUG -    Base URL: https://api.siliconflow.cn/v1
2025-12-12 10:51:44 - ai_model - DEBUG -    API Key: sk-gsaohhwdtofontqfo...rolhikfqmy
2025-12-12 10:51:46 - ai_model - DEBUG - ✅ AI模型初始化完成
2025-12-12 10:51:46 - ai_model - DEBUG -    模型: deepseek-ai/DeepSeek-V3
2025-12-12 10:51:46 - ai_model - DEBUG -    Base URL: https://api.siliconflow.cn/v1
2025-12-12 10:51:46 - ai_model - DEBUG -    API Key: sk-gsaohhwdtofontqfo...rolhikfqmy
2025-12-12 10:51:49 - ai_model - DEBUG - ✅ AI模型初始化完成
2025-12-12 10:51:49 - ai_model - DEBUG -    模型: deepseek-ai/DeepSeek-V3
2025-12-12 10:51:49 - ai_model - DEBUG -    Base URL: https://api.siliconflow.cn/v1
2025-12-12 10:51:49 - ai_model - DEBUG -    API Key: sk-gsaohhwdtofontqfo...rolhikfqmy
2025-12-12 10:51:49 - ai_model - DEBUG - ✅ AI模型初始化完成
2025-12-12 10:51:49 - ai_model - DEBUG -    模型: deepseek-ai/DeepSeek-V3
2025-12-12 10:51:49 - ai_model - DEBUG -    Base URL: https://api.siliconflow.cn/v1
2025-12-12 10:51:49 - ai_model - DEBUG -    API Key: sk-gsaohhwdtofontqfo...rolhikfqmy
2025-12-12 10:52:03 - ai_model - DEBUG - ✅ AI模型初始化完成
2025-12-12 10:52:03 - ai_model - DEBUG -    模型: deepseek-ai/DeepSeek-V3
2025-12-12 10:52:03 - ai_model - DEBUG -    Base URL: https://api.siliconflow.cn/v1
2025-12-12 10:52:03 - ai_model - DEBUG -    API Key: sk-gsaohhwdtofontqfo...rolhikfqmy
2025-12-12 10:52:05 - ai_model - DEBUG - ✅ AI模型初始化完成
2025-12-12 10:52:05 - ai_model - DEBUG -    模型: deepseek-ai/DeepSeek-V3
2025-12-12 10:52:05 - ai_model - DEBUG -    Base URL: https://api.siliconflow.cn/v1
2025-12-12 10:52:05 - ai_model - DEBUG -    API Key: sk-gsaohhwdtofontqfo...rolhikfqmy
2025-12-12 10:52:09 - ai_model - DEBUG - ✅ AI模型初始化完成
2025-12-12 10:52:09 - ai_model - DEBUG -    模型: deepseek-ai/DeepSeek-V3
2025-12-12 10:52:09 - ai_model - DEBUG -    Base URL: https://api.siliconflow.cn/v1
2025-12-12 10:52:09 - ai_model - DEBUG -    API Key: sk-gsaohhwdtofontqfo...rolhikfqmy
2025-12-12 10:52:11 - ai_model - DEBUG - ✅ AI模型初始化完成
2025-12-12 10:52:11 - ai_model - DEBUG -    模型: deepseek-ai/DeepSeek-V3
2025-12-12 10:52:11 - ai_model - DEBUG -    Base URL: https://api.siliconflow.cn/v1
2025-12-12 10:52:11 - ai_model - DEBUG -    API Key: sk-gsaohhwdtofontqfo...rolhikfqmy
2025-12-12 10:52:12 - ai_model - DEBUG - ✅ AI模型初始化完成
2025-12-12 10:52:12 - ai_model - DEBUG -    模型: deepseek-ai/DeepSeek-V3
2025-12-12 10:52:12 - ai_model - DEBUG -    Base URL: https://api.siliconflow.cn/v1
2025-12-12 10:52:12 - ai_model - DEBUG -    API Key: sk-gsaohhwdtofontqfo...rolhikfqmy
2025-12-12 10:54:02 - ai_model - DEBUG - ✅ AI模型初始化完成
2025-12-12 10:54:02 - ai_model - DEBUG -    模型: deepseek-ai/DeepSeek-V3
2025-12-12 10:54:02 - ai_model - DEBUG -    Base URL: https://api.siliconflow.cn/v1
2025-12-12 10:54:02 - ai_model - DEBUG -    API Key: sk-gsaohhwdtofontqfo...rolhikfqmy
2025-12-12 10:54:09 - ai_model - DEBUG - ✅ AI模型初始化完成
2025-12-12 10:54:09 - ai_model - DEBUG -    模型: deepseek-ai/DeepSeek-V3
2025-12-12 10:54:09 - ai_model - DEBUG -    Base URL: https://api.siliconflow.cn/v1
2025-12-12 10:54:09 - ai_model - DEBUG -    API Key: sk-gsaohhwdtofontqfo...rolhikfqmy
2025-12-12 10:54:12 - ai_model - DEBUG - ✅ AI模型初始化完成
2025-12-12 10:54:12 - ai_model - DEBUG -    模型: deepseek-ai/DeepSeek-V3
2025-12-12 10:54:12 - ai_model - DEBUG -    Base URL: https://api.siliconflow.cn/v1
2025-12-12 10:54:12 - ai_model - DEBUG -    API Key: sk-gsaohhwdtofontqfo...rolhikfqmy
2025-12-12 10:54:12 - ai_model - DEBUG - ✅ AI模型初始化完成
2025-12-12 10:54:12 - ai_model - DEBUG -    模型: deepseek-ai/DeepSeek-V3
2025-12-12 10:54:12 - ai_model - DEBUG -    Base URL: https://api.siliconflow.cn/v1
2025-12-12 10:54:12 - ai_model - DEBUG -    API Key: sk-gsaohhwdtofontqfo...rolhikfqmy
2025-12-12 10:54:18 - ai_model - DEBUG - ✅ AI模型初始化完成
2025-12-12 10:54:18 - ai_model - DEBUG -    模型: deepseek-ai/DeepSeek-V3
2025-12-12 10:54:18 - ai_model - DEBUG -    Base URL: https://api.siliconflow.cn/v1
2025-12-12 10:54:18 - ai_model - DEBUG -    API Key: sk-gsaohhwdtofontqfo...rolhikfqmy
2025-12-12 10:54:19 - ai_model - DEBUG - ✅ AI模型初始化完成
2025-12-12 10:54:19 - ai_model - DEBUG -    模型: deepseek-ai/DeepSeek-V3
2025-12-12 10:54:19 - ai_model - DEBUG -    Base URL: https://api.siliconflow.cn/v1
2025-12-12 10:54:19 - ai_model - DEBUG -    API Key: sk-gsaohhwdtofontqfo...rolhikfqmy
2025-12-12 10:54:28 - ai_model - DEBUG - ✅ AI模型初始化完成
2025-12-12 10:54:28 - ai_model - DEBUG -    模型: deepseek-ai/DeepSeek-V3
2025-12-12 10:54:28 - ai_model - DEBUG -    Base URL: https://api.siliconflow.cn/v1
2025-12-12 10:54:28 - ai_model - DEBUG -    API Key: sk-gsaohhwdtofontqfo...rolhikfqmy
2025-12-12 10:54:42 - ai_model - DEBUG - ✅ AI模型初始化完成
2025-12-12 10:54:42 - ai_model - DEBUG -    模型: deepseek-ai/DeepSeek-V3
2025-12-12 10:54:42 - ai_model - DEBUG -    Base URL: https://api.siliconflow.cn/v1
2025-12-12 10:54:42 - ai_model - DEBUG -    API Key: sk-gsaohhwdtofontqfo...rolhikfqmy
2025-12-12 10:54:42 - ai_model - DEBUG - ✅ AI模型初始化完成
2025-12-12 10:54:42 - ai_model - DEBUG -    模型: deepseek-ai/DeepSeek-V3
2025-12-12 10:54:42 - ai_model - DEBUG -    Base URL: https://api.siliconflow.cn/v1
2025-12-12 10:54:42 - ai_model - DEBUG -    API Key: sk-gsaohhwdtofontqfo...rolhikfqmy
2025-12-12 10:57:21 - ai_model - DEBUG - ✅ AI模型初始化完成
2025-12-12 10:57:21 - ai_model - DEBUG -    模型: deepseek-ai/DeepSeek-V3
2025-12-12 10:57:21 - ai_model - DEBUG -    Base URL: https://api.siliconflow.cn/v1
2025-12-12 10:57:21 - ai_model - DEBUG -    API Key: sk-gsaohhwdtofontqfo...rolhikfqmy
2025-12-12 10:57:24 - ai_model - DEBUG - ✅ AI模型初始化完成
2025-12-12 10:57:24 - ai_model - DEBUG -    模型: deepseek-ai/DeepSeek-V3
2025-12-12 10:57:24 - ai_model - DEBUG -    Base URL: https://api.siliconflow.cn/v1
2025-12-12 10:57:24 - ai_model - DEBUG -    API Key: sk-gsaohhwdtofontqfo...rolhikfqmy
2025-12-12 10:57:47 - ai_model - DEBUG - ✅ AI模型初始化完成
2025-12-12 10:57:47 - ai_model - DEBUG -    模型: deepseek-ai/DeepSeek-V3
2025-12-12 10:57:47 - ai_model - DEBUG -    Base URL: https://api.siliconflow.cn/v1
2025-12-12 10:57:47 - ai_model - DEBUG -    API Key: sk-gsaohhwdtofontqfo...rolhikfqmy
2025-12-12 10:57:47 - ai_model - DEBUG - ✅ AI模型初始化完成
2025-12-12 10:57:47 - ai_model - DEBUG -    模型: deepseek-ai/DeepSeek-V3
2025-12-12 10:57:47 - ai_model - DEBUG -    Base URL: https://api.siliconflow.cn/v1
2025-12-12 10:57:47 - ai_model - DEBUG -    API Key: sk-gsaohhwdtofontqfo...rolhikfqmy
2025-12-12 10:58:18 - ai_model - DEBUG - ✅ AI模型初始化完成
2025-12-12 10:58:18 - ai_model - DEBUG -    模型: deepseek-ai/DeepSeek-V3
2025-12-12 10:58:18 - ai_model - DEBUG -    Base URL: https://api.siliconflow.cn/v1
2025-12-12 10:58:18 - ai_model - DEBUG -    API Key: sk-gsaohhwdtofontqfo...rolhikfqmy
2025-12-12 10:58:19 - ai_model - DEBUG - ✅ AI模型初始化完成
2025-12-12 10:58:19 - ai_model - DEBUG -    模型: deepseek-ai/DeepSeek-V3
2025-12-12 10:58:19 - ai_model - DEBUG -    Base URL: https://api.siliconflow.cn/v1
2025-12-12 10:58:19 - ai_model - DEBUG -    API Key: sk-gsaohhwdtofontqfo...rolhikfqmy
2025-12-12 10:58:29 - ai_model - DEBUG - ✅ AI模型初始化完成
2025-12-12 10:58:29 - ai_model - DEBUG -    模型: deepseek-ai/DeepSeek-V3
2025-12-12 10:58:29 - ai_model - DEBUG -    Base URL: https://api.siliconflow.cn/v1
2025-12-12 10:58:29 - ai_model - DEBUG -    API Key: sk-gsaohhwdtofontqfo...rolhikfqmy
2025-12-12 10:58:38 - ai_model - DEBUG - ✅ AI模型初始化完成
2025-12-12 10:58:38 - ai_model - DEBUG -    模型: deepseek-ai/DeepSeek-V3
2025-12-12 10:58:38 - ai_model - DEBUG -    Base URL: https://api.siliconflow.cn/v1
2025-12-12 10:58:38 - ai_model - DEBUG -    API Key: sk-gsaohhwdtofontqfo...rolhikfqmy
2025-12-12 10:58:38 - ai_model - DEBUG - ✅ AI模型初始化完成
2025-12-12 10:58:38 - ai_model - DEBUG -    模型: deepseek-ai/DeepSeek-V3
2025-12-12 10:58:38 - ai_model - DEBUG -    Base URL: https://api.siliconflow.cn/v1
2025-12-12 10:58:38 - ai_model - DEBUG -    API Key: sk-gsaohhwdtofontqfo...rolhikfqmy
2025-12-12 11:00:56 - ai_model - DEBUG - ✅ AI模型初始化完成
2025-12-12 11:00:56 - ai_model - DEBUG -    模型: deepseek-ai/DeepSeek-V3
2025-12-12 11:00:56 - ai_model - DEBUG -    Base URL: https://api.siliconflow.cn/v1
2025-12-12 11:00:56 - ai_model - DEBUG -    API Key: sk-gsaohhwdtofontqfo...rolhikfqmy
2025-12-12 11:00:58 - ai_model - DEBUG - ✅ AI模型初始化完成
2025-12-12 11:00:58 - ai_model - DEBUG -    模型: deepseek-ai/DeepSeek-V3
2025-12-12 11:00:58 - ai_model - DEBUG -    Base URL: https://api.siliconflow.cn/v1
2025-12-12 11:00:58 - ai_model - DEBUG -    API Key: sk-gsaohhwdtofontqfo...rolhikfqmy
2025-12-12 11:01:01 - ai_model - DEBUG - ✅ AI模型初始化完成
2025-12-12 11:01:01 - ai_model - DEBUG -    模型: deepseek-ai/DeepSeek-V3
2025-12-12 11:01:01 - ai_model - DEBUG -    Base URL: https://api.siliconflow.cn/v1
2025-12-12 11:01:01 - ai_model - DEBUG -    API Key: sk-gsaohhwdtofontqfo...rolhikfqmy
2025-12-12 11:01:01 - ai_model - DEBUG - ✅ AI模型初始化完成
2025-12-12 11:01:01 - ai_model - DEBUG -    模型: deepseek-ai/DeepSeek-V3
2025-12-12 11:01:01 - ai_model - DEBUG -    Base URL: https://api.siliconflow.cn/v1
2025-12-12 11:01:01 - ai_model - DEBUG -    API Key: sk-gsaohhwdtofontqfo...rolhikfqmy
2025-12-12 11:01:05 - ai_model - DEBUG - ✅ AI模型初始化完成
2025-12-12 11:01:05 - ai_model - DEBUG -    模型: deepseek-ai/DeepSeek-V3
2025-12-12 11:01:05 - ai_model - DEBUG -    Base URL: https://api.siliconflow.cn/v1
2025-12-12 11:01:05 - ai_model - DEBUG -    API Key: sk-gsaohhwdtofontqfo...rolhikfqmy
2025-12-12 11:01:10 - ai_model - DEBUG - ✅ AI模型初始化完成
2025-12-12 11:01:10 - ai_model - DEBUG -    模型: deepseek-ai/DeepSeek-V3
2025-12-12 11:01:10 - ai_model - DEBUG -    Base URL: https://api.siliconflow.cn/v1
2025-12-12 11:01:10 - ai_model - DEBUG -    API Key: sk-gsaohhwdtofontqfo...rolhikfqmy
2025-12-12 11:01:13 - ai_model - DEBUG - ✅ AI模型初始化完成
2025-12-12 11:01:13 - ai_model - DEBUG -    模型: deepseek-ai/DeepSeek-V3
2025-12-12 11:01:13 - ai_model - DEBUG -    Base URL: https://api.siliconflow.cn/v1
2025-12-12 11:01:13 - ai_model - DEBUG -    API Key: sk-gsaohhwdtofontqfo...rolhikfqmy
2025-12-12 11:01:17 - ai_model - DEBUG - ✅ AI模型初始化完成
2025-12-12 11:01:17 - ai_model - DEBUG -    模型: deepseek-ai/DeepSeek-V3
2025-12-12 11:01:17 - ai_model - DEBUG -    Base URL: https://api.siliconflow.cn/v1
2025-12-12 11:01:17 - ai_model - DEBUG -    API Key: sk-gsaohhwdtofontqfo...rolhikfqmy
2025-12-12 11:01:17 - ai_model - DEBUG - ✅ AI模型初始化完成
2025-12-12 11:01:17 - ai_model - DEBUG -    模型: deepseek-ai/DeepSeek-V3
2025-12-12 11:01:17 - ai_model - DEBUG -    Base URL: https://api.siliconflow.cn/v1
2025-12-12 11:01:17 - ai_model - DEBUG -    API Key: sk-gsaohhwdtofontqfo...rolhikfqmy
2025-12-12 11:04:01 - ai_model - DEBUG - ✅ AI模型初始化完成
2025-12-12 11:04:01 - ai_model - DEBUG -    模型: deepseek-ai/DeepSeek-V3
2025-12-12 11:04:01 - ai_model - DEBUG -    Base URL: https://api.siliconflow.cn/v1
2025-12-12 11:04:01 - ai_model - DEBUG -    API Key: sk-gsaohhwdtofontqfo...rolhikfqmy
2025-12-12 11:04:05 - ai_model - DEBUG - ✅ AI模型初始化完成
2025-12-12 11:04:05 - ai_model - DEBUG -    模型: deepseek-ai/DeepSeek-V3
2025-12-12 11:04:05 - ai_model - DEBUG -    Base URL: https://api.siliconflow.cn/v1
2025-12-12 11:04:05 - ai_model - DEBUG -    API Key: sk-gsaohhwdtofontqfo...rolhikfqmy
2025-12-12 11:04:17 - ai_model - DEBUG - ✅ AI模型初始化完成
2025-12-12 11:04:17 - ai_model - DEBUG -    模型: deepseek-ai/DeepSeek-V3
2025-12-12 11:04:17 - ai_model - DEBUG -    Base URL: https://api.siliconflow.cn/v1
2025-12-12 11:04:17 - ai_model - DEBUG -    API Key: sk-gsaohhwdtofontqfo...rolhikfqmy
2025-12-12 11:04:23 - ai_model - DEBUG - ✅ AI模型初始化完成
2025-12-12 11:04:23 - ai_model - DEBUG -    模型: deepseek-ai/DeepSeek-V3
2025-12-12 11:04:23 - ai_model - DEBUG -    Base URL: https://api.siliconflow.cn/v1
2025-12-12 11:04:23 - ai_model - DEBUG -    API Key: sk-gsaohhwdtofontqfo...rolhikfqmy
2025-12-12 11:04:24 - ai_model - DEBUG - ✅ AI模型初始化完成
2025-12-12 11:04:24 - ai_model - DEBUG -    模型: deepseek-ai/DeepSeek-V3
2025-12-12 11:04:24 - ai_model - DEBUG -    Base URL: https://api.siliconflow.cn/v1
2025-12-12 11:04:24 - ai_model - DEBUG -    API Key: sk-gsaohhwdtofontqfo...rolhikfqmy
2025-12-12 11:16:14 - ai_model - DEBUG - ✅ AI模型初始化完成
2025-12-12 11:16:14 - ai_model - DEBUG -    模型: deepseek-ai/DeepSeek-V3
2025-12-12 11:16:14 - ai_model - DEBUG -    Base URL: https://api.siliconflow.cn/v1
2025-12-12 11:16:14 - ai_model - DEBUG -    API Key: sk-gsaohhwdtofontqfo...rolhikfqmy
2025-12-12 11:16:17 - ai_model - DEBUG - ✅ AI模型初始化完成
2025-12-12 11:16:17 - ai_model - DEBUG -    模型: deepseek-ai/DeepSeek-V3
2025-12-12 11:16:17 - ai_model - DEBUG -    Base URL: https://api.siliconflow.cn/v1
2025-12-12 11:16:17 - ai_model - DEBUG -    API Key: sk-gsaohhwdtofontqfo...rolhikfqmy
2025-12-12 11:16:26 - ai_model - DEBUG - ✅ AI模型初始化完成
2025-12-12 11:16:26 - ai_model - DEBUG -    模型: deepseek-ai/DeepSeek-V3
2025-12-12 11:16:26 - ai_model - DEBUG -    Base URL: https://api.siliconflow.cn/v1
2025-12-12 11:16:26 - ai_model - DEBUG -    API Key: sk-gsaohhwdtofontqfo...rolhikfqmy
2025-12-12 11:16:26 - ai_model - DEBUG - ✅ AI模型初始化完成
2025-12-12 11:16:26 - ai_model - DEBUG -    模型: deepseek-ai/DeepSeek-V3
2025-12-12 11:16:26 - ai_model - DEBUG -    Base URL: https://api.siliconflow.cn/v1
2025-12-12 11:16:26 - ai_model - DEBUG -    API Key: sk-gsaohhwdtofontqfo...rolhikfqmy
2025-12-12 11:16:36 - ai_model - DEBUG - ✅ AI模型初始化完成
2025-12-12 11:16:36 - ai_model - DEBUG -    模型: deepseek-ai/DeepSeek-V3
2025-12-12 11:16:36 - ai_model - DEBUG -    Base URL: https://api.siliconflow.cn/v1
2025-12-12 11:16:36 - ai_model - DEBUG -    API Key: sk-gsaohhwdtofontqfo...rolhikfqmy
2025-12-12 11:16:39 - ai_model - DEBUG - ✅ AI模型初始化完成
2025-12-12 11:16:39 - ai_model - DEBUG -    模型: deepseek-ai/DeepSeek-V3
2025-12-12 11:16:39 - ai_model - DEBUG -    Base URL: https://api.siliconflow.cn/v1
2025-12-12 11:16:39 - ai_model - DEBUG -    API Key: sk-gsaohhwdtofontqfo...rolhikfqmy
2025-12-12 11:16:44 - ai_model - DEBUG - ✅ AI模型初始化完成
2025-12-12 11:16:44 - ai_model - DEBUG -    模型: deepseek-ai/DeepSeek-V3
2025-12-12 11:16:44 - ai_model - DEBUG -    Base URL: https://api.siliconflow.cn/v1
2025-12-12 11:16:44 - ai_model - DEBUG -    API Key: sk-gsaohhwdtofontqfo...rolhikfqmy
2025-12-12 11:16:50 - ai_model - DEBUG - ✅ AI模型初始化完成
2025-12-12 11:16:50 - ai_model - DEBUG -    模型: deepseek-ai/DeepSeek-V3
2025-12-12 11:16:50 - ai_model - DEBUG -    Base URL: https://api.siliconflow.cn/v1
2025-12-12 11:16:50 - ai_model - DEBUG -    API Key: sk-gsaohhwdtofontqfo...rolhikfqmy
2025-12-12 11:16:50 - ai_model - DEBUG - ✅ AI模型初始化完成
2025-12-12 11:16:50 - ai_model - DEBUG -    模型: deepseek-ai/DeepSeek-V3
2025-12-12 11:16:50 - ai_model - DEBUG -    Base URL: https://api.siliconflow.cn/v1
2025-12-12 11:16:50 - ai_model - DEBUG -    API Key: sk-gsaohhwdtofontqfo...rolhikfqmy
2025-12-12 11:21:14 - ai_model - DEBUG - ✅ AI模型初始化完成
2025-12-12 11:21:14 - ai_model - DEBUG -    模型: deepseek-ai/DeepSeek-V3
2025-12-12 11:21:14 - ai_model - DEBUG -    Base URL: https://api.siliconflow.cn/v1
2025-12-12 11:21:14 - ai_model - DEBUG -    API Key: sk-gsaohhwdtofontqfo...rolhikfqmy
2025-12-12 11:21:17 - ai_model - DEBUG - ✅ AI模型初始化完成
2025-12-12 11:21:17 - ai_model - DEBUG -    模型: deepseek-ai/DeepSeek-V3
2025-12-12 11:21:17 - ai_model - DEBUG -    Base URL: https://api.siliconflow.cn/v1
2025-12-12 11:21:17 - ai_model - DEBUG -    API Key: sk-gsaohhwdtofontqfo...rolhikfqmy
2025-12-12 11:21:29 - ai_model - DEBUG - ✅ AI模型初始化完成
2025-12-12 11:21:29 - ai_model - DEBUG -    模型: deepseek-ai/DeepSeek-V3
2025-12-12 11:21:29 - ai_model - DEBUG -    Base URL: https://api.siliconflow.cn/v1
2025-12-12 11:21:29 - ai_model - DEBUG -    API Key: sk-gsaohhwdtofontqfo...rolhikfqmy
2025-12-12 11:21:29 - ai_model - DEBUG - ✅ AI模型初始化完成
2025-12-12 11:21:29 - ai_model - DEBUG -    模型: deepseek-ai/DeepSeek-V3
2025-12-12 11:21:29 - ai_model - DEBUG -    Base URL: https://api.siliconflow.cn/v1
2025-12-12 11:21:29 - ai_model - DEBUG -    API Key: sk-gsaohhwdtofontqfo...rolhikfqmy
2025-12-12 11:23:37 - ai_model - DEBUG - ✅ AI模型初始化完成
2025-12-12 11:23:37 - ai_model - DEBUG -    模型: deepseek-ai/DeepSeek-V3
2025-12-12 11:23:37 - ai_model - DEBUG -    Base URL: https://api.siliconflow.cn/v1
2025-12-12 11:23:37 - ai_model - DEBUG -    API Key: sk-gsaohhwdtofontqfo...rolhikfqmy
2025-12-12 11:23:39 - ai_model - DEBUG - ✅ AI模型初始化完成
2025-12-12 11:23:39 - ai_model - DEBUG -    模型: deepseek-ai/DeepSeek-V3
2025-12-12 11:23:39 - ai_model - DEBUG -    Base URL: https://api.siliconflow.cn/v1
2025-12-12 11:23:39 - ai_model - DEBUG -    API Key: sk-gsaohhwdtofontqfo...rolhikfqmy
2025-12-12 11:23:42 - ai_model - DEBUG - ✅ AI模型初始化完成
2025-12-12 11:23:42 - ai_model - DEBUG -    模型: deepseek-ai/DeepSeek-V3
2025-12-12 11:23:42 - ai_model - DEBUG -    Base URL: https://api.siliconflow.cn/v1
2025-12-12 11:23:42 - ai_model - DEBUG -    API Key: sk-gsaohhwdtofontqfo...rolhikfqmy
2025-12-12 11:23:42 - ai_model - DEBUG - ✅ AI模型初始化完成
2025-12-12 11:23:42 - ai_model - DEBUG -    模型: deepseek-ai/DeepSeek-V3
2025-12-12 11:23:42 - ai_model - DEBUG -    Base URL: https://api.siliconflow.cn/v1
2025-12-12 11:23:42 - ai_model - DEBUG -    API Key: sk-gsaohhwdtofontqfo...rolhikfqmy
2025-12-12 11:24:03 - ai_model - DEBUG - ✅ AI模型初始化完成
2025-12-12 11:24:03 - ai_model - DEBUG -    模型: deepseek-ai/DeepSeek-V3
2025-12-12 11:24:03 - ai_model - DEBUG -    Base URL: https://api.siliconflow.cn/v1
2025-12-12 11:24:03 - ai_model - DEBUG -    API Key: sk-gsaohhwdtofontqfo...rolhikfqmy
2025-12-12 11:24:05 - ai_model - DEBUG - ✅ AI模型初始化完成
2025-12-12 11:24:05 - ai_model - DEBUG -    模型: deepseek-ai/DeepSeek-V3
2025-12-12 11:24:05 - ai_model - DEBUG -    Base URL: https://api.siliconflow.cn/v1
2025-12-12 11:24:05 - ai_model - DEBUG -    API Key: sk-gsaohhwdtofontqfo...rolhikfqmy
2025-12-12 11:24:07 - ai_model - DEBUG - ✅ AI模型初始化完成
2025-12-12 11:24:07 - ai_model - DEBUG -    模型: deepseek-ai/DeepSeek-V3
2025-12-12 11:24:07 - ai_model - DEBUG -    Base URL: https://api.siliconflow.cn/v1
2025-12-12 11:24:07 - ai_model - DEBUG -    API Key: sk-gsaohhwdtofontqfo...rolhikfqmy
2025-12-12 11:24:17 - ai_model - DEBUG - ✅ AI模型初始化完成
2025-12-12 11:24:17 - ai_model - DEBUG -    模型: deepseek-ai/DeepSeek-V3
2025-12-12 11:24:17 - ai_model - DEBUG -    Base URL: https://api.siliconflow.cn/v1
2025-12-12 11:24:17 - ai_model - DEBUG -    API Key: sk-gsaohhwdtofontqfo...rolhikfqmy
2025-12-12 11:24:17 - ai_model - DEBUG - ✅ AI模型初始化完成
2025-12-12 11:24:17 - ai_model - DEBUG -    模型: deepseek-ai/DeepSeek-V3
2025-12-12 11:24:17 - ai_model - DEBUG -    Base URL: https://api.siliconflow.cn/v1
2025-12-12 11:24:17 - ai_model - DEBUG -    API Key: sk-gsaohhwdtofontqfo...rolhikfqmy
2025-12-12 11:26:37 - ai_model - DEBUG - ✅ AI模型初始化完成
2025-12-12 11:26:37 - ai_model - DEBUG -    模型: deepseek-ai/DeepSeek-V3
2025-12-12 11:26:37 - ai_model - DEBUG -    Base URL: https://api.siliconflow.cn/v1
2025-12-12 11:26:37 - ai_model - DEBUG -    API Key: sk-gsaohhwdtofontqfo...rolhikfqmy
2025-12-12 11:26:40 - ai_model - DEBUG - ✅ AI模型初始化完成
2025-12-12 11:26:40 - ai_model - DEBUG -    模型: deepseek-ai/DeepSeek-V3
2025-12-12 11:26:40 - ai_model - DEBUG -    Base URL: https://api.siliconflow.cn/v1
2025-12-12 11:26:40 - ai_model - DEBUG -    API Key: sk-gsaohhwdtofontqfo...rolhikfqmy
2025-12-12 11:26:44 - ai_model - DEBUG - ✅ AI模型初始化完成
2025-12-12 11:26:44 - ai_model - DEBUG -    模型: deepseek-ai/DeepSeek-V3
2025-12-12 11:26:44 - ai_model - DEBUG -    Base URL: https://api.siliconflow.cn/v1
2025-12-12 11:26:44 - ai_model - DEBUG -    API Key: sk-gsaohhwdtofontqfo...rolhikfqmy
2025-12-12 11:26:44 - ai_model - DEBUG - ✅ AI模型初始化完成
2025-12-12 11:26:44 - ai_model - DEBUG -    模型: deepseek-ai/DeepSeek-V3
2025-12-12 11:26:44 - ai_model - DEBUG -    Base URL: https://api.siliconflow.cn/v1
2025-12-12 11:26:44 - ai_model - DEBUG -    API Key: sk-gsaohhwdtofontqfo...rolhikfqmy
2025-12-12 11:26:52 - ai_model - DEBUG - ✅ AI模型初始化完成
2025-12-12 11:26:52 - ai_model - DEBUG -    模型: deepseek-ai/DeepSeek-V3
2025-12-12 11:26:52 - ai_model - DEBUG -    Base URL: https://api.siliconflow.cn/v1
2025-12-12 11:26:52 - ai_model - DEBUG -    API Key: sk-gsaohhwdtofontqfo...rolhikfqmy
2025-12-12 11:26:53 - ai_model - DEBUG - ✅ AI模型初始化完成
2025-12-12 11:26:53 - ai_model - DEBUG -    模型: deepseek-ai/DeepSeek-V3
2025-12-12 11:26:53 - ai_model - DEBUG -    Base URL: https://api.siliconflow.cn/v1
2025-12-12 11:26:53 - ai_model - DEBUG -    API Key: sk-gsaohhwdtofontqfo...rolhikfqmy
2025-12-12 11:27:02 - ai_model - DEBUG - ✅ AI模型初始化完成
2025-12-12 11:27:02 - ai_model - DEBUG -    模型: deepseek-ai/DeepSeek-V3
2025-12-12 11:27:02 - ai_model - DEBUG -    Base URL: https://api.siliconflow.cn/v1
2025-12-12 11:27:02 - ai_model - DEBUG -    API Key: sk-gsaohhwdtofontqfo...rolhikfqmy
2025-12-12 11:27:11 - ai_model - DEBUG - ✅ AI模型初始化完成
2025-12-12 11:27:11 - ai_model - DEBUG -    模型: deepseek-ai/DeepSeek-V3
2025-12-12 11:27:11 - ai_model - DEBUG -    Base URL: https://api.siliconflow.cn/v1
2025-12-12 11:27:11 - ai_model - DEBUG -    API Key: sk-gsaohhwdtofontqfo...rolhikfqmy
2025-12-12 11:27:11 - ai_model - DEBUG - ✅ AI模型初始化完成
2025-12-12 11:27:11 - ai_model - DEBUG -    模型: deepseek-ai/DeepSeek-V3
2025-12-12 11:27:11 - ai_model - DEBUG -    Base URL: https://api.siliconflow.cn/v1
2025-12-12 11:27:11 - ai_model - DEBUG -    API Key: sk-gsaohhwdtofontqfo...rolhikfqmy
2025-12-12 11:32:06 - ai_model - DEBUG - ✅ AI模型初始化完成
2025-12-12 11:32:06 - ai_model - DEBUG -    模型: deepseek-ai/DeepSeek-V3
2025-12-12 11:32:06 - ai_model - DEBUG -    Base URL: https://api.siliconflow.cn/v1
2025-12-12 11:32:06 - ai_model - DEBUG -    API Key: sk-gsaohhwdtofontqfo...rolhikfqmy
2025-12-12 11:32:08 - ai_model - DEBUG - ✅ AI模型初始化完成
2025-12-12 11:32:08 - ai_model - DEBUG -    模型: deepseek-ai/DeepSeek-V3
2025-12-12 11:32:08 - ai_model - DEBUG -    Base URL: https://api.siliconflow.cn/v1
2025-12-12 11:32:08 - ai_model - DEBUG -    API Key: sk-gsaohhwdtofontqfo...rolhikfqmy
2025-12-12 11:32:11 - ai_model - DEBUG - ✅ AI模型初始化完成
2025-12-12 11:32:11 - ai_model - DEBUG -    模型: deepseek-ai/DeepSeek-V3
2025-12-12 11:32:11 - ai_model - DEBUG -    Base URL: https://api.siliconflow.cn/v1
2025-12-12 11:32:11 - ai_model - DEBUG -    API Key: sk-gsaohhwdtofontqfo...rolhikfqmy
2025-12-12 11:32:11 - ai_model - DEBUG - ✅ AI模型初始化完成
2025-12-12 11:32:11 - ai_model - DEBUG -    模型: deepseek-ai/DeepSeek-V3
2025-12-12 11:32:11 - ai_model - DEBUG -    Base URL: https://api.siliconflow.cn/v1
2025-12-12 11:32:11 - ai_model - DEBUG -    API Key: sk-gsaohhwdtofontqfo...rolhikfqmy
2025-12-12 11:32:16 - ai_model - DEBUG - ✅ AI模型初始化完成
2025-12-12 11:32:16 - ai_model - DEBUG -    模型: deepseek-ai/DeepSeek-V3
2025-12-12 11:32:16 - ai_model - DEBUG -    Base URL: https://api.siliconflow.cn/v1
2025-12-12 11:32:16 - ai_model - DEBUG -    API Key: sk-gsaohhwdtofontqfo...rolhikfqmy
2025-12-12 11:32:18 - ai_model - DEBUG - ✅ AI模型初始化完成
2025-12-12 11:32:18 - ai_model - DEBUG -    模型: deepseek-ai/DeepSeek-V3
2025-12-12 11:32:18 - ai_model - DEBUG -    Base URL: https://api.siliconflow.cn/v1
2025-12-12 11:32:18 - ai_model - DEBUG -    API Key: sk-gsaohhwdtofontqfo...rolhikfqmy
2025-12-12 11:32:47 - ai_model - DEBUG - ✅ AI模型初始化完成
2025-12-12 11:32:47 - ai_model - DEBUG -    模型: deepseek-ai/DeepSeek-V3
2025-12-12 11:32:47 - ai_model - DEBUG -    Base URL: https://api.siliconflow.cn/v1
2025-12-12 11:32:47 - ai_model - DEBUG -    API Key: sk-gsaohhwdtofontqfo...rolhikfqmy
2025-12-12 11:33:00 - ai_model - DEBUG - ✅ AI模型初始化完成
2025-12-12 11:33:00 - ai_model - DEBUG -    模型: deepseek-ai/DeepSeek-V3
2025-12-12 11:33:00 - ai_model - DEBUG -    Base URL: https://api.siliconflow.cn/v1
2025-12-12 11:33:00 - ai_model - DEBUG -    API Key: sk-gsaohhwdtofontqfo...rolhikfqmy
2025-12-12 11:33:00 - ai_model - DEBUG - ✅ AI模型初始化完成
2025-12-12 11:33:00 - ai_model - DEBUG -    模型: deepseek-ai/DeepSeek-V3
2025-12-12 11:33:00 - ai_model - DEBUG -    Base URL: https://api.siliconflow.cn/v1
2025-12-12 11:33:00 - ai_model - DEBUG -    API Key: sk-gsaohhwdtofontqfo...rolhikfqmy
2025-12-12 11:35:36 - ai_model - DEBUG - ✅ AI模型初始化完成
2025-12-12 11:35:36 - ai_model - DEBUG -    模型: deepseek-ai/DeepSeek-V3
2025-12-12 11:35:36 - ai_model - DEBUG -    Base URL: https://api.siliconflow.cn/v1
2025-12-12 11:35:36 - ai_model - DEBUG -    API Key: sk-gsaohhwdtofontqfo...rolhikfqmy
2025-12-12 11:35:38 - ai_model - DEBUG - ✅ AI模型初始化完成
2025-12-12 11:35:38 - ai_model - DEBUG -    模型: deepseek-ai/DeepSeek-V3
2025-12-12 11:35:38 - ai_model - DEBUG -    Base URL: https://api.siliconflow.cn/v1
2025-12-12 11:35:38 - ai_model - DEBUG -    API Key: sk-gsaohhwdtofontqfo...rolhikfqmy
2025-12-12 11:35:41 - ai_model - DEBUG - ✅ AI模型初始化完成
2025-12-12 11:35:41 - ai_model - DEBUG -    模型: deepseek-ai/DeepSeek-V3
2025-12-12 11:35:41 - ai_model - DEBUG -    Base URL: https://api.siliconflow.cn/v1
2025-12-12 11:35:41 - ai_model - DEBUG -    API Key: sk-gsaohhwdtofontqfo...rolhikfqmy
2025-12-12 11:35:46 - ai_model - DEBUG - ✅ AI模型初始化完成
2025-12-12 11:35:46 - ai_model - DEBUG -    模型: deepseek-ai/DeepSeek-V3
2025-12-12 11:35:46 - ai_model - DEBUG -    Base URL: https://api.siliconflow.cn/v1
2025-12-12 11:35:46 - ai_model - DEBUG -    API Key: sk-gsaohhwdtofontqfo...rolhikfqmy
2025-12-12 11:35:47 - ai_model - DEBUG - ✅ AI模型初始化完成
2025-12-12 11:35:47 - ai_model - DEBUG -    模型: deepseek-ai/DeepSeek-V3
2025-12-12 11:35:47 - ai_model - DEBUG -    Base URL: https://api.siliconflow.cn/v1
2025-12-12 11:35:47 - ai_model - DEBUG -    API Key: sk-gsaohhwdtofontqfo...rolhikfqmy
2025-12-12 13:16:14 - ai_model - DEBUG - ✅ AI模型初始化完成
2025-12-12 13:16:14 - ai_model - DEBUG -    模型: deepseek-ai/DeepSeek-V3
2025-12-12 13:16:14 - ai_model - DEBUG -    Base URL: https://api.siliconflow.cn/v1
2025-12-12 13:16:14 - ai_model - DEBUG -    API Key: sk-gsaohhwdtofontqfo...rolhikfqmy
2025-12-12 13:16:48 - ai_model - DEBUG - ✅ AI模型初始化完成
2025-12-12 13:16:48 - ai_model - DEBUG -    模型: deepseek-ai/DeepSeek-V3
2025-12-12 13:16:48 - ai_model - DEBUG -    Base URL: https://api.siliconflow.cn/v1
2025-12-12 13:16:48 - ai_model - DEBUG -    API Key: sk-gsaohhwdtofontqfo...rolhikfqmy
2025-12-12 13:16:57 - ai_model - DEBUG - ✅ AI模型初始化完成
2025-12-12 13:16:57 - ai_model - DEBUG -    模型: deepseek-ai/DeepSeek-V3
2025-12-12 13:16:57 - ai_model - DEBUG -    Base URL: https://api.siliconflow.cn/v1
2025-12-12 13:16:57 - ai_model - DEBUG -    API Key: sk-gsaohhwdtofontqfo...rolhikfqmy
2025-12-12 13:33:28 - ai_model - DEBUG - ✅ AI模型初始化完成
2025-12-12 13:33:28 - ai_model - DEBUG -    模型: deepseek-ai/DeepSeek-V3
2025-12-12 13:33:28 - ai_model - DEBUG -    Base URL: https://api.siliconflow.cn/v1
2025-12-12 13:33:28 - ai_model - DEBUG -    API Key: sk-gsaohhwdtofontqfo...rolhikfqmy
2025-12-12 13:33:32 - ai_model - DEBUG - ✅ AI模型初始化完成
2025-12-12 13:33:32 - ai_model - DEBUG -    模型: deepseek-ai/DeepSeek-V3
2025-12-12 13:33:32 - ai_model - DEBUG -    Base URL: https://api.siliconflow.cn/v1
2025-12-12 13:33:32 - ai_model - DEBUG -    API Key: sk-gsaohhwdtofontqfo...rolhikfqmy
2025-12-12 13:33:37 - ai_model - DEBUG - ✅ AI模型初始化完成
2025-12-12 13:33:37 - ai_model - DEBUG -    模型: deepseek-ai/DeepSeek-V3
2025-12-12 13:33:37 - ai_model - DEBUG -    Base URL: https://api.siliconflow.cn/v1
2025-12-12 13:33:37 - ai_model - DEBUG -    API Key: sk-gsaohhwdtofontqfo...rolhikfqmy
2025-12-12 13:33:52 - ai_model - DEBUG - ✅ AI模型初始化完成
2025-12-12 13:33:52 - ai_model - DEBUG -    模型: deepseek-ai/DeepSeek-V3
2025-12-12 13:33:52 - ai_model - DEBUG -    Base URL: https://api.siliconflow.cn/v1
2025-12-12 13:33:52 - ai_model - DEBUG -    API Key: sk-gsaohhwdtofontqfo...rolhikfqmy
2025-12-12 13:33:53 - ai_model - DEBUG - ✅ AI模型初始化完成
2025-12-12 13:33:53 - ai_model - DEBUG -    模型: deepseek-ai/DeepSeek-V3
2025-12-12 13:33:53 - ai_model - DEBUG -    Base URL: https://api.siliconflow.cn/v1
2025-12-12 13:33:53 - ai_model - DEBUG -    API Key: sk-gsaohhwdtofontqfo...rolhikfqmy
2025-12-12 13:33:56 - ai_model - DEBUG - ✅ AI模型初始化完成
2025-12-12 13:33:56 - ai_model - DEBUG -    模型: deepseek-ai/DeepSeek-V3
2025-12-12 13:33:56 - ai_model - DEBUG -    Base URL: https://api.siliconflow.cn/v1
2025-12-12 13:33:56 - ai_model - DEBUG -    API Key: sk-gsaohhwdtofontqfo...rolhikfqmy
2025-12-12 13:34:38 - ai_model - DEBUG - ✅ AI模型初始化完成
2025-12-12 13:34:38 - ai_model - DEBUG -    模型: deepseek-ai/DeepSeek-V3
2025-12-12 13:34:38 - ai_model - DEBUG -    Base URL: https://api.siliconflow.cn/v1
2025-12-12 13:34:38 - ai_model - DEBUG -    API Key: sk-gsaohhwdtofontqfo...rolhikfqmy
2025-12-12 13:34:39 - ai_model - DEBUG - ✅ AI模型初始化完成
2025-12-12 13:34:39 - ai_model - DEBUG -    模型: deepseek-ai/DeepSeek-V3
2025-12-12 13:34:39 - ai_model - DEBUG -    Base URL: https://api.siliconflow.cn/v1
2025-12-12 13:34:39 - ai_model - DEBUG -    API Key: sk-gsaohhwdtofontqfo...rolhikfqmy
2025-12-12 13:34:47 - ai_model - DEBUG - ✅ AI模型初始化完成
2025-12-12 13:34:47 - ai_model - DEBUG -    模型: deepseek-ai/DeepSeek-V3
2025-12-12 13:34:47 - ai_model - DEBUG -    Base URL: https://api.siliconflow.cn/v1
2025-12-12 13:34:47 - ai_model - DEBUG -    API Key: sk-gsaohhwdtofontqfo...rolhikfqmy
2025-12-12 13:36:22 - ai_model - DEBUG - ✅ AI模型初始化完成
2025-12-12 13:36:22 - ai_model - DEBUG -    模型: deepseek-ai/DeepSeek-V3
2025-12-12 13:36:22 - ai_model - DEBUG -    Base URL: https://api.siliconflow.cn/v1
2025-12-12 13:36:22 - ai_model - DEBUG -    API Key: sk-gsaohhwdtofontqfo...rolhikfqmy
2025-12-12 13:36:24 - ai_model - DEBUG - ✅ AI模型初始化完成
2025-12-12 13:36:24 - ai_model - DEBUG -    模型: deepseek-ai/DeepSeek-V3
2025-12-12 13:36:24 - ai_model - DEBUG -    Base URL: https://api.siliconflow.cn/v1
2025-12-12 13:36:24 - ai_model - DEBUG -    API Key: sk-gsaohhwdtofontqfo...rolhikfqmy
2025-12-12 13:36:28 - ai_model - DEBUG - ✅ AI模型初始化完成
2025-12-12 13:36:28 - ai_model - DEBUG -    模型: deepseek-ai/DeepSeek-V3
2025-12-12 13:36:28 - ai_model - DEBUG -    Base URL: https://api.siliconflow.cn/v1
2025-12-12 13:36:28 - ai_model - DEBUG -    API Key: sk-gsaohhwdtofontqfo...rolhikfqmy
2025-12-12 13:41:19 - ai_model - DEBUG - ✅ AI模型初始化完成
2025-12-12 13:41:19 - ai_model - DEBUG -    模型: deepseek-ai/DeepSeek-V3
2025-12-12 13:41:19 - ai_model - DEBUG -    Base URL: https://api.siliconflow.cn/v1
2025-12-12 13:41:19 - ai_model - DEBUG -    API Key: sk-gsaohhwdtofontqfo...rolhikfqmy
2025-12-12 13:41:42 - ai_model - DEBUG - ✅ AI模型初始化完成
2025-12-12 13:41:42 - ai_model - DEBUG -    模型: deepseek-ai/DeepSeek-V3
2025-12-12 13:41:42 - ai_model - DEBUG -    Base URL: https://api.siliconflow.cn/v1
2025-12-12 13:41:42 - ai_model - DEBUG -    API Key: sk-gsaohhwdtofontqfo...rolhikfqmy
2025-12-12 13:41:49 - ai_model - DEBUG - ✅ AI模型初始化完成
2025-12-12 13:41:49 - ai_model - DEBUG -    模型: deepseek-ai/DeepSeek-V3
2025-12-12 13:41:49 - ai_model - DEBUG -    Base URL: https://api.siliconflow.cn/v1
2025-12-12 13:41:49 - ai_model - DEBUG -    API Key: sk-gsaohhwdtofontqfo...rolhikfqmy
2025-12-12 13:41:49 - ai_model - DEBUG - ✅ AI模型初始化完成
2025-12-12 13:41:49 - ai_model - DEBUG -    模型: deepseek-ai/DeepSeek-V3
2025-12-12 13:41:49 - ai_model - DEBUG -    Base URL: https://api.siliconflow.cn/v1
2025-12-12 13:41:49 - ai_model - DEBUG -    API Key: sk-gsaohhwdtofontqfo...rolhikfqmy
2025-12-12 13:42:26 - ai_model - DEBUG - ✅ AI模型初始化完成
2025-12-12 13:42:26 - ai_model - DEBUG -    模型: deepseek-ai/DeepSeek-V3
2025-12-12 13:42:26 - ai_model - DEBUG -    Base URL: https://api.siliconflow.cn/v1
2025-12-12 13:42:26 - ai_model - DEBUG -    API Key: sk-gsaohhwdtofontqfo...rolhikfqmy
2025-12-12 13:42:28 - ai_model - DEBUG - ✅ AI模型初始化完成
2025-12-12 13:42:28 - ai_model - DEBUG -    模型: deepseek-ai/DeepSeek-V3
2025-12-12 13:42:28 - ai_model - DEBUG -    Base URL: https://api.siliconflow.cn/v1
2025-12-12 13:42:28 - ai_model - DEBUG -    API Key: sk-gsaohhwdtofontqfo...rolhikfqmy
2025-12-12 13:42:32 - ai_model - DEBUG - ✅ AI模型初始化完成
2025-12-12 13:42:32 - ai_model - DEBUG -    模型: deepseek-ai/DeepSeek-V3
2025-12-12 13:42:32 - ai_model - DEBUG -    Base URL: https://api.siliconflow.cn/v1
2025-12-12 13:42:32 - ai_model - DEBUG -    API Key: sk-gsaohhwdtofontqfo...rolhikfqmy
2025-12-12 13:42:35 - ai_model - DEBUG - ✅ AI模型初始化完成
2025-12-12 13:42:35 - ai_model - DEBUG -    模型: deepseek-ai/DeepSeek-V3
2025-12-12 13:42:35 - ai_model - DEBUG -    Base URL: https://api.siliconflow.cn/v1
2025-12-12 13:42:35 - ai_model - DEBUG -    API Key: sk-gsaohhwdtofontqfo...rolhikfqmy
2025-12-12 13:42:35 - ai_model - DEBUG - ✅ AI模型初始化完成
2025-12-12 13:42:35 - ai_model - DEBUG -    模型: deepseek-ai/DeepSeek-V3
2025-12-12 13:42:35 - ai_model - DEBUG -    Base URL: https://api.siliconflow.cn/v1
2025-12-12 13:42:35 - ai_model - DEBUG -    API Key: sk-gsaohhwdtofontqfo...rolhikfqmy
2025-12-12 14:00:22 - ai_model - DEBUG - ✅ AI模型初始化完成
2025-12-12 14:00:22 - ai_model - DEBUG -    模型: deepseek-ai/DeepSeek-V3
2025-12-12 14:00:22 - ai_model - DEBUG -    Base URL: https://api.siliconflow.cn/v1
2025-12-12 14:00:22 - ai_model - DEBUG -    API Key: sk-gsaohhwdtofontqfo...rolhikfqmy
2025-12-12 14:00:25 - ai_model - DEBUG - ✅ AI模型初始化完成
2025-12-12 14:00:25 - ai_model - DEBUG -    模型: deepseek-ai/DeepSeek-V3
2025-12-12 14:00:25 - ai_model - DEBUG -    Base URL: https://api.siliconflow.cn/v1
2025-12-12 14:00:25 - ai_model - DEBUG -    API Key: sk-gsaohhwdtofontqfo...rolhikfqmy
2025-12-12 14:00:28 - ai_model - DEBUG - ✅ AI模型初始化完成
2025-12-12 14:00:28 - ai_model - DEBUG -    模型: deepseek-ai/DeepSeek-V3
2025-12-12 14:00:28 - ai_model - DEBUG -    Base URL: https://api.siliconflow.cn/v1
2025-12-12 14:00:28 - ai_model - DEBUG -    API Key: sk-gsaohhwdtofontqfo...rolhikfqmy
2025-12-12 14:00:33 - ai_model - DEBUG - ✅ AI模型初始化完成
2025-12-12 14:00:33 - ai_model - DEBUG -    模型: deepseek-ai/DeepSeek-V3
2025-12-12 14:00:33 - ai_model - DEBUG -    Base URL: https://api.siliconflow.cn/v1
2025-12-12 14:00:33 - ai_model - DEBUG -    API Key: sk-gsaohhwdtofontqfo...rolhikfqmy
2025-12-12 14:00:33 - ai_model - DEBUG - ✅ AI模型初始化完成
2025-12-12 14:00:33 - ai_model - DEBUG -    模型: deepseek-ai/DeepSeek-V3
2025-12-12 14:00:33 - ai_model - DEBUG -    Base URL: https://api.siliconflow.cn/v1
2025-12-12 14:00:33 - ai_model - DEBUG -    API Key: sk-gsaohhwdtofontqfo...rolhikfqmy
2025-12-12 14:03:43 - ai_model - DEBUG - ✅ AI模型初始化完成
2025-12-12 14:03:43 - ai_model - DEBUG -    模型: deepseek-ai/DeepSeek-V3
2025-12-12 14:03:43 - ai_model - DEBUG -    Base URL: https://api.siliconflow.cn/v1
2025-12-12 14:03:43 - ai_model - DEBUG -    API Key: sk-gsaohhwdtofontqfo...rolhikfqmy
2025-12-12 14:03:46 - ai_model - DEBUG - ✅ AI模型初始化完成
2025-12-12 14:03:46 - ai_model - DEBUG -    模型: deepseek-ai/DeepSeek-V3
2025-12-12 14:03:46 - ai_model - DEBUG -    Base URL: https://api.siliconflow.cn/v1
2025-12-12 14:03:46 - ai_model - DEBUG -    API Key: sk-gsaohhwdtofontqfo...rolhikfqmy
2025-12-12 14:03:57 - ai_model - DEBUG - ✅ AI模型初始化完成
2025-12-12 14:03:57 - ai_model - DEBUG -    模型: deepseek-ai/DeepSeek-V3
2025-12-12 14:03:57 - ai_model - DEBUG -    Base URL: https://api.siliconflow.cn/v1
2025-12-12 14:03:57 - ai_model - DEBUG -    API Key: sk-gsaohhwdtofontqfo...rolhikfqmy
2025-12-12 14:04:00 - ai_model - DEBUG - ✅ AI模型初始化完成
2025-12-12 14:04:00 - ai_model - DEBUG -    模型: deepseek-ai/DeepSeek-V3
2025-12-12 14:04:00 - ai_model - DEBUG -    Base URL: https://api.siliconflow.cn/v1
2025-12-12 14:04:00 - ai_model - DEBUG -    API Key: sk-gsaohhwdtofontqfo...rolhikfqmy
2025-12-12 14:04:00 - ai_model - DEBUG - ✅ AI模型初始化完成
2025-12-12 14:04:00 - ai_model - DEBUG -    模型: deepseek-ai/DeepSeek-V3
2025-12-12 14:04:00 - ai_model - DEBUG -    Base URL: https://api.siliconflow.cn/v1
2025-12-12 14:04:00 - ai_model - DEBUG -    API Key: sk-gsaohhwdtofontqfo...rolhikfqmy
2025-12-12 14:15:29 - ai_model - DEBUG - ✅ AI模型初始化完成
2025-12-12 14:15:29 - ai_model - DEBUG -    模型: deepseek-ai/DeepSeek-V3
2025-12-12 14:15:29 - ai_model - DEBUG -    Base URL: https://api.siliconflow.cn/v1
2025-12-12 14:15:29 - ai_model - DEBUG -    API Key: sk-gsaohhwdtofontqfo...rolhikfqmy
2025-12-12 14:15:33 - ai_model - DEBUG - ✅ AI模型初始化完成
2025-12-12 14:15:33 - ai_model - DEBUG -    模型: deepseek-ai/DeepSeek-V3
2025-12-12 14:15:33 - ai_model - DEBUG -    Base URL: https://api.siliconflow.cn/v1
2025-12-12 14:15:33 - ai_model - DEBUG -    API Key: sk-gsaohhwdtofontqfo...rolhikfqmy
2025-12-12 14:15:46 - ai_model - DEBUG - ✅ AI模型初始化完成
2025-12-12 14:15:46 - ai_model - DEBUG -    模型: deepseek-ai/DeepSeek-V3
2025-12-12 14:15:46 - ai_model - DEBUG -    Base URL: https://api.siliconflow.cn/v1
2025-12-12 14:15:46 - ai_model - DEBUG -    API Key: sk-gsaohhwdtofontqfo...rolhikfqmy
2025-12-12 14:15:50 - ai_model - DEBUG - ✅ AI模型初始化完成
2025-12-12 14:15:50 - ai_model - DEBUG -    模型: deepseek-ai/DeepSeek-V3
2025-12-12 14:15:50 - ai_model - DEBUG -    Base URL: https://api.siliconflow.cn/v1
2025-12-12 14:15:50 - ai_model - DEBUG -    API Key: sk-gsaohhwdtofontqfo...rolhikfqmy
2025-12-12 14:15:51 - ai_model - DEBUG - ✅ AI模型初始化完成
2025-12-12 14:15:51 - ai_model - DEBUG -    模型: deepseek-ai/DeepSeek-V3
2025-12-12 14:15:51 - ai_model - DEBUG -    Base URL: https://api.siliconflow.cn/v1
2025-12-12 14:15:51 - ai_model - DEBUG -    API Key: sk-gsaohhwdtofontqfo...rolhikfqmy
2025-12-12 14:24:48 - ai_model - DEBUG - ✅ AI模型初始化完成
2025-12-12 14:24:48 - ai_model - DEBUG -    模型: deepseek-ai/DeepSeek-V3
2025-12-12 14:24:48 - ai_model - DEBUG -    Base URL: https://api.siliconflow.cn/v1
2025-12-12 14:24:48 - ai_model - DEBUG -    API Key: sk-gsaohhwdtofontqfo...rolhikfqmy
2025-12-12 14:24:50 - ai_model - DEBUG - ✅ AI模型初始化完成
2025-12-12 14:24:50 - ai_model - DEBUG -    模型: deepseek-ai/DeepSeek-V3
2025-12-12 14:24:50 - ai_model - DEBUG -    Base URL: https://api.siliconflow.cn/v1
2025-12-12 14:24:50 - ai_model - DEBUG -    API Key: sk-gsaohhwdtofontqfo...rolhikfqmy
2025-12-12 14:25:00 - ai_model - DEBUG - ✅ AI模型初始化完成
2025-12-12 14:25:00 - ai_model - DEBUG -    模型: deepseek-ai/DeepSeek-V3
2025-12-12 14:25:00 - ai_model - DEBUG -    Base URL: https://api.siliconflow.cn/v1
2025-12-12 14:25:00 - ai_model - DEBUG -    API Key: sk-gsaohhwdtofontqfo...rolhikfqmy
2025-12-12 14:25:04 - ai_model - DEBUG - ✅ AI模型初始化完成
2025-12-12 14:25:04 - ai_model - DEBUG -    模型: deepseek-ai/DeepSeek-V3
2025-12-12 14:25:04 - ai_model - DEBUG -    Base URL: https://api.siliconflow.cn/v1
2025-12-12 14:25:04 - ai_model - DEBUG -    API Key: sk-gsaohhwdtofontqfo...rolhikfqmy
2025-12-12 14:25:05 - ai_model - DEBUG - ✅ AI模型初始化完成
2025-12-12 14:25:05 - ai_model - DEBUG -    模型: deepseek-ai/DeepSeek-V3
2025-12-12 14:25:05 - ai_model - DEBUG -    Base URL: https://api.siliconflow.cn/v1
2025-12-12 14:25:05 - ai_model - DEBUG -    API Key: sk-gsaohhwdtofontqfo...rolhikfqmy
2025-12-12 14:30:34 - ai_model - DEBUG - ✅ AI模型初始化完成
2025-12-12 14:30:34 - ai_model - DEBUG -    模型: deepseek-ai/DeepSeek-V3
2025-12-12 14:30:34 - ai_model - DEBUG -    Base URL: https://api.siliconflow.cn/v1
2025-12-12 14:30:34 - ai_model - DEBUG -    API Key: sk-gsaohhwdtofontqfo...rolhikfqmy
2025-12-12 14:30:36 - ai_model - DEBUG - ✅ AI模型初始化完成
2025-12-12 14:30:36 - ai_model - DEBUG -    模型: deepseek-ai/DeepSeek-V3
2025-12-12 14:30:36 - ai_model - DEBUG -    Base URL: https://api.siliconflow.cn/v1
2025-12-12 14:30:36 - ai_model - DEBUG -    API Key: sk-gsaohhwdtofontqfo...rolhikfqmy
2025-12-12 14:30:44 - ai_model - DEBUG - ✅ AI模型初始化完成
2025-12-12 14:30:44 - ai_model - DEBUG -    模型: deepseek-ai/DeepSeek-V3
2025-12-12 14:30:44 - ai_model - DEBUG -    Base URL: https://api.siliconflow.cn/v1
2025-12-12 14:30:44 - ai_model - DEBUG -    API Key: sk-gsaohhwdtofontqfo...rolhikfqmy
2025-12-12 14:30:47 - ai_model - DEBUG - ✅ AI模型初始化完成
2025-12-12 14:30:47 - ai_model - DEBUG -    模型: deepseek-ai/DeepSeek-V3
2025-12-12 14:30:47 - ai_model - DEBUG -    Base URL: https://api.siliconflow.cn/v1
2025-12-12 14:30:47 - ai_model - DEBUG -    API Key: sk-gsaohhwdtofontqfo...rolhikfqmy
2025-12-12 14:30:47 - ai_model - DEBUG - ✅ AI模型初始化完成
2025-12-12 14:30:47 - ai_model - DEBUG -    模型: deepseek-ai/DeepSeek-V3
2025-12-12 14:30:47 - ai_model - DEBUG -    Base URL: https://api.siliconflow.cn/v1
2025-12-12 14:30:47 - ai_model - DEBUG -    API Key: sk-gsaohhwdtofontqfo...rolhikfqmy
2025-12-12 14:45:15 - ai_model - DEBUG - ✅ AI模型初始化完成
2025-12-12 14:45:15 - ai_model - DEBUG -    模型: deepseek-ai/DeepSeek-V3
2025-12-12 14:45:15 - ai_model - DEBUG -    Base URL: https://api.siliconflow.cn/v1
2025-12-12 14:45:15 - ai_model - DEBUG -    API Key: sk-gsaohhwdtofontqfo...rolhikfqmy
2025-12-12 14:45:17 - ai_model - DEBUG - ✅ AI模型初始化完成
2025-12-12 14:45:17 - ai_model - DEBUG -    模型: deepseek-ai/DeepSeek-V3
2025-12-12 14:45:17 - ai_model - DEBUG -    Base URL: https://api.siliconflow.cn/v1
2025-12-12 14:45:17 - ai_model - DEBUG -    API Key: sk-gsaohhwdtofontqfo...rolhikfqmy
2025-12-12 14:45:20 - ai_model - DEBUG - ✅ AI模型初始化完成
2025-12-12 14:45:20 - ai_model - DEBUG -    模型: deepseek-ai/DeepSeek-V3
2025-12-12 14:45:20 - ai_model - DEBUG -    Base URL: https://api.siliconflow.cn/v1
2025-12-12 14:45:20 - ai_model - DEBUG -    API Key: sk-gsaohhwdtofontqfo...rolhikfqmy
2025-12-12 14:45:23 - ai_model - DEBUG - ✅ AI模型初始化完成
2025-12-12 14:45:23 - ai_model - DEBUG -    模型: deepseek-ai/DeepSeek-V3
2025-12-12 14:45:23 - ai_model - DEBUG -    Base URL: https://api.siliconflow.cn/v1
2025-12-12 14:45:23 - ai_model - DEBUG -    API Key: sk-gsaohhwdtofontqfo...rolhikfqmy
2025-12-12 14:45:23 - ai_model - DEBUG - ✅ AI模型初始化完成
2025-12-12 14:45:23 - ai_model - DEBUG -    模型: deepseek-ai/DeepSeek-V3
2025-12-12 14:45:23 - ai_model - DEBUG -    Base URL: https://api.siliconflow.cn/v1
2025-12-12 14:45:23 - ai_model - DEBUG -    API Key: sk-gsaohhwdtofontqfo...rolhikfqmy
2025-12-12 15:01:30 - ai_model - DEBUG - ✅ AI模型初始化完成
2025-12-12 15:01:30 - ai_model - DEBUG -    模型: deepseek-ai/DeepSeek-V3
2025-12-12 15:01:30 - ai_model - DEBUG -    Base URL: https://api.siliconflow.cn/v1
2025-12-12 15:01:30 - ai_model - DEBUG -    API Key: sk-gsaohhwdtofontqfo...rolhikfqmy
2025-12-12 15:01:32 - ai_model - DEBUG - ✅ AI模型初始化完成
2025-12-12 15:01:32 - ai_model - DEBUG -    模型: deepseek-ai/DeepSeek-V3
2025-12-12 15:01:32 - ai_model - DEBUG -    Base URL: https://api.siliconflow.cn/v1
2025-12-12 15:01:32 - ai_model - DEBUG -    API Key: sk-gsaohhwdtofontqfo...rolhikfqmy
2025-12-12 15:01:44 - ai_model - DEBUG - ✅ AI模型初始化完成
2025-12-12 15:01:44 - ai_model - DEBUG -    模型: deepseek-ai/DeepSeek-V3
2025-12-12 15:01:44 - ai_model - DEBUG -    Base URL: https://api.siliconflow.cn/v1
2025-12-12 15:01:44 - ai_model - DEBUG -    API Key: sk-gsaohhwdtofontqfo...rolhikfqmy
2025-12-12 15:01:45 - ai_model - DEBUG - ✅ AI模型初始化完成
2025-12-12 15:01:45 - ai_model - DEBUG -    模型: deepseek-ai/DeepSeek-V3
2025-12-12 15:01:45 - ai_model - DEBUG -    Base URL: https://api.siliconflow.cn/v1
2025-12-12 15:01:45 - ai_model - DEBUG -    API Key: sk-gsaohhwdtofontqfo...rolhikfqmy
2025-12-12 15:10:58 - ai_model - DEBUG - ✅ AI模型初始化完成
2025-12-12 15:10:58 - ai_model - DEBUG -    模型: deepseek-ai/DeepSeek-V3
2025-12-12 15:10:58 - ai_model - DEBUG -    Base URL: https://api.siliconflow.cn/v1
2025-12-12 15:10:58 - ai_model - DEBUG -    API Key: sk-gsaohhwdtofontqfo...rolhikfqmy
2025-12-12 15:11:00 - ai_model - DEBUG - ✅ AI模型初始化完成
2025-12-12 15:11:00 - ai_model - DEBUG -    模型: deepseek-ai/DeepSeek-V3
2025-12-12 15:11:00 - ai_model - DEBUG -    Base URL: https://api.siliconflow.cn/v1
2025-12-12 15:11:00 - ai_model - DEBUG -    API Key: sk-gsaohhwdtofontqfo...rolhikfqmy
2025-12-12 15:11:03 - ai_model - DEBUG - ✅ AI模型初始化完成
2025-12-12 15:11:03 - ai_model - DEBUG -    模型: deepseek-ai/DeepSeek-V3
2025-12-12 15:11:03 - ai_model - DEBUG -    Base URL: https://api.siliconflow.cn/v1
2025-12-12 15:11:03 - ai_model - DEBUG -    API Key: sk-gsaohhwdtofontqfo...rolhikfqmy
2025-12-12 15:11:03 - ai_model - DEBUG - ✅ AI模型初始化完成
2025-12-12 15:11:03 - ai_model - DEBUG -    模型: deepseek-ai/DeepSeek-V3
2025-12-12 15:11:03 - ai_model - DEBUG -    Base URL: https://api.siliconflow.cn/v1
2025-12-12 15:11:03 - ai_model - DEBUG -    API Key: sk-gsaohhwdtofontqfo...rolhikfqmy
2025-12-12 15:11:26 - ai_model - DEBUG - ✅ AI模型初始化完成
2025-12-12 15:11:26 - ai_model - DEBUG -    模型: deepseek-ai/DeepSeek-V3
2025-12-12 15:11:26 - ai_model - DEBUG -    Base URL: https://api.siliconflow.cn/v1
2025-12-12 15:11:26 - ai_model - DEBUG -    API Key: sk-gsaohhwdtofontqfo...rolhikfqmy
2025-12-12 15:11:28 - ai_model - DEBUG - ✅ AI模型初始化完成
2025-12-12 15:11:28 - ai_model - DEBUG -    模型: deepseek-ai/DeepSeek-V3
2025-12-12 15:11:28 - ai_model - DEBUG -    Base URL: https://api.siliconflow.cn/v1
2025-12-12 15:11:28 - ai_model - DEBUG -    API Key: sk-gsaohhwdtofontqfo...rolhikfqmy
2025-12-12 15:11:31 - ai_model - DEBUG - ✅ AI模型初始化完成
2025-12-12 15:11:31 - ai_model - DEBUG -    模型: deepseek-ai/DeepSeek-V3
2025-12-12 15:11:31 - ai_model - DEBUG -    Base URL: https://api.siliconflow.cn/v1
2025-12-12 15:11:31 - ai_model - DEBUG -    API Key: sk-gsaohhwdtofontqfo...rolhikfqmy
2025-12-12 15:11:31 - ai_model - DEBUG - ✅ AI模型初始化完成
2025-12-12 15:11:31 - ai_model - DEBUG -    模型: deepseek-ai/DeepSeek-V3
2025-12-12 15:11:31 - ai_model - DEBUG -    Base URL: https://api.siliconflow.cn/v1
2025-12-12 15:11:31 - ai_model - DEBUG -    API Key: sk-gsaohhwdtofontqfo...rolhikfqmy
2025-12-12 15:12:07 - ai_model - DEBUG - ✅ AI模型初始化完成
2025-12-12 15:12:07 - ai_model - DEBUG -    模型: deepseek-ai/DeepSeek-V3
2025-12-12 15:12:07 - ai_model - DEBUG -    Base URL: https://api.siliconflow.cn/v1
2025-12-12 15:12:07 - ai_model - DEBUG -    API Key: sk-gsaohhwdtofontqfo...rolhikfqmy
2025-12-12 15:12:09 - ai_model - DEBUG - ✅ AI模型初始化完成
2025-12-12 15:12:09 - ai_model - DEBUG -    模型: deepseek-ai/DeepSeek-V3
2025-12-12 15:12:09 - ai_model - DEBUG -    Base URL: https://api.siliconflow.cn/v1
2025-12-12 15:12:09 - ai_model - DEBUG -    API Key: sk-gsaohhwdtofontqfo...rolhikfqmy
2025-12-12 15:12:12 - ai_model - DEBUG - ✅ AI模型初始化完成
2025-12-12 15:12:12 - ai_model - DEBUG -    模型: deepseek-ai/DeepSeek-V3
2025-12-12 15:12:12 - ai_model - DEBUG -    Base URL: https://api.siliconflow.cn/v1
2025-12-12 15:12:12 - ai_model - DEBUG -    API Key: sk-gsaohhwdtofontqfo...rolhikfqmy
2025-12-12 15:12:19 - ai_model - DEBUG - ✅ AI模型初始化完成
2025-12-12 15:12:19 - ai_model - DEBUG -    模型: deepseek-ai/DeepSeek-V3
2025-12-12 15:12:19 - ai_model - DEBUG -    Base URL: https://api.siliconflow.cn/v1
2025-12-12 15:12:19 - ai_model - DEBUG -    API Key: sk-gsaohhwdtofontqfo...rolhikfqmy
2025-12-12 15:12:19 - ai_model - DEBUG - ✅ AI模型初始化完成
2025-12-12 15:12:19 - ai_model - DEBUG -    模型: deepseek-ai/DeepSeek-V3
2025-12-12 15:12:19 - ai_model - DEBUG -    Base URL: https://api.siliconflow.cn/v1
2025-12-12 15:12:19 - ai_model - DEBUG -    API Key: sk-gsaohhwdtofontqfo...rolhikfqmy
2025-12-12 15:41:15 - ai_model - DEBUG - ✅ AI模型初始化完成
2025-12-12 15:41:15 - ai_model - DEBUG -    模型: deepseek-ai/DeepSeek-V3
2025-12-12 15:41:15 - ai_model - DEBUG -    Base URL: https://api.siliconflow.cn/v1
2025-12-12 15:41:15 - ai_model - DEBUG -    API Key: sk-gsaohhwdtofontqfo...rolhikfqmy
2025-12-12 15:41:26 - ai_model - DEBUG - ✅ AI模型初始化完成
2025-12-12 15:41:26 - ai_model - DEBUG -    模型: deepseek-ai/DeepSeek-V3
2025-12-12 15:41:26 - ai_model - DEBUG -    Base URL: https://api.siliconflow.cn/v1
2025-12-12 15:41:26 - ai_model - DEBUG -    API Key: sk-gsaohhwdtofontqfo...rolhikfqmy
2025-12-12 15:41:31 - ai_model - DEBUG - ✅ AI模型初始化完成
2025-12-12 15:41:31 - ai_model - DEBUG -    模型: deepseek-ai/DeepSeek-V3
2025-12-12 15:41:31 - ai_model - DEBUG -    Base URL: https://api.siliconflow.cn/v1
2025-12-12 15:41:31 - ai_model - DEBUG -    API Key: sk-gsaohhwdtofontqfo...rolhikfqmy
2025-12-12 15:41:36 - ai_model - DEBUG - ✅ AI模型初始化完成
2025-12-12 15:41:36 - ai_model - DEBUG -    模型: deepseek-ai/DeepSeek-V3
2025-12-12 15:41:36 - ai_model - DEBUG -    Base URL: https://api.siliconflow.cn/v1
2025-12-12 15:41:36 - ai_model - DEBUG -    API Key: sk-gsaohhwdtofontqfo...rolhikfqmy
2025-12-12 15:41:36 - ai_model - DEBUG - ✅ AI模型初始化完成
2025-12-12 15:41:36 - ai_model - DEBUG -    模型: deepseek-ai/DeepSeek-V3
2025-12-12 15:41:36 - ai_model - DEBUG -    Base URL: https://api.siliconflow.cn/v1
2025-12-12 15:41:36 - ai_model - DEBUG -    API Key: sk-gsaohhwdtofontqfo...rolhikfqmy
2025-12-12 15:42:25 - ai_model - DEBUG - ✅ AI模型初始化完成
2025-12-12 15:42:25 - ai_model - DEBUG -    模型: deepseek-ai/DeepSeek-V3
2025-12-12 15:42:25 - ai_model - DEBUG -    Base URL: https://api.siliconflow.cn/v1
2025-12-12 15:42:25 - ai_model - DEBUG -    API Key: sk-gsaohhwdtofontqfo...rolhikfqmy
2025-12-12 15:42:27 - ai_model - DEBUG - ✅ AI模型初始化完成
2025-12-12 15:42:27 - ai_model - DEBUG -    模型: deepseek-ai/DeepSeek-V3
2025-12-12 15:42:27 - ai_model - DEBUG -    Base URL: https://api.siliconflow.cn/v1
2025-12-12 15:42:27 - ai_model - DEBUG -    API Key: sk-gsaohhwdtofontqfo...rolhikfqmy
2025-12-12 15:42:30 - ai_model - DEBUG - ✅ AI模型初始化完成
2025-12-12 15:42:30 - ai_model - DEBUG -    模型: deepseek-ai/DeepSeek-V3
2025-12-12 15:42:30 - ai_model - DEBUG -    Base URL: https://api.siliconflow.cn/v1
2025-12-12 15:42:30 - ai_model - DEBUG -    API Key: sk-gsaohhwdtofontqfo...rolhikfqmy
2025-12-12 15:42:37 - ai_model - DEBUG - ✅ AI模型初始化完成
2025-12-12 15:42:37 - ai_model - DEBUG -    模型: deepseek-ai/DeepSeek-V3
2025-12-12 15:42:37 - ai_model - DEBUG -    Base URL: https://api.siliconflow.cn/v1
2025-12-12 15:42:37 - ai_model - DEBUG -    API Key: sk-gsaohhwdtofontqfo...rolhikfqmy
2025-12-12 15:42:37 - ai_model - DEBUG - ✅ AI模型初始化完成
2025-12-12 15:42:37 - ai_model - DEBUG -    模型: deepseek-ai/DeepSeek-V3
2025-12-12 15:42:37 - ai_model - DEBUG -    Base URL: https://api.siliconflow.cn/v1
2025-12-12 15:42:37 - ai_model - DEBUG -    API Key: sk-gsaohhwdtofontqfo...rolhikfqmy
2025-12-12 15:50:35 - ai_model - DEBUG - ✅ AI模型初始化完成
2025-12-12 15:50:35 - ai_model - DEBUG -    模型: deepseek-ai/DeepSeek-V3
2025-12-12 15:50:35 - ai_model - DEBUG -    Base URL: https://api.siliconflow.cn/v1
2025-12-12 15:50:35 - ai_model - DEBUG -    API Key: sk-gsaohhwdtofontqfo...rolhikfqmy
2025-12-12 15:50:37 - ai_model - DEBUG - ✅ AI模型初始化完成
2025-12-12 15:50:37 - ai_model - DEBUG -    模型: deepseek-ai/DeepSeek-V3
2025-12-12 15:50:37 - ai_model - DEBUG -    Base URL: https://api.siliconflow.cn/v1
2025-12-12 15:50:37 - ai_model - DEBUG -    API Key: sk-gsaohhwdtofontqfo...rolhikfqmy
2025-12-12 15:50:40 - ai_model - DEBUG - ✅ AI模型初始化完成
2025-12-12 15:50:40 - ai_model - DEBUG -    模型: deepseek-ai/DeepSeek-V3
2025-12-12 15:50:40 - ai_model - DEBUG -    Base URL: https://api.siliconflow.cn/v1
2025-12-12 15:50:40 - ai_model - DEBUG -    API Key: sk-gsaohhwdtofontqfo...rolhikfqmy
2025-12-12 15:50:43 - ai_model - DEBUG - ✅ AI模型初始化完成
2025-12-12 15:50:43 - ai_model - DEBUG -    模型: deepseek-ai/DeepSeek-V3
2025-12-12 15:50:43 - ai_model - DEBUG -    Base URL: https://api.siliconflow.cn/v1
2025-12-12 15:50:43 - ai_model - DEBUG -    API Key: sk-gsaohhwdtofontqfo...rolhikfqmy
2025-12-12 15:50:44 - ai_model - DEBUG - ✅ AI模型初始化完成
2025-12-12 15:50:44 - ai_model - DEBUG -    模型: deepseek-ai/DeepSeek-V3
2025-12-12 15:50:44 - ai_model - DEBUG -    Base URL: https://api.siliconflow.cn/v1
2025-12-12 15:50:44 - ai_model - DEBUG -    API Key: sk-gsaohhwdtofontqfo...rolhikfqmy
2025-12-12 16:12:58 - ai_model - DEBUG - ✅ AI模型初始化完成
2025-12-12 16:12:58 - ai_model - DEBUG -    模型: deepseek-ai/DeepSeek-V3
2025-12-12 16:12:58 - ai_model - DEBUG -    Base URL: https://api.siliconflow.cn/v1
2025-12-12 16:12:58 - ai_model - DEBUG -    API Key: sk-gsaohhwdtofontqfo...rolhikfqmy
2025-12-12 16:13:01 - ai_model - DEBUG - ✅ AI模型初始化完成
2025-12-12 16:13:01 - ai_model - DEBUG -    模型: deepseek-ai/DeepSeek-V3
2025-12-12 16:13:01 - ai_model - DEBUG -    Base URL: https://api.siliconflow.cn/v1
2025-12-12 16:13:01 - ai_model - DEBUG -    API Key: sk-gsaohhwdtofontqfo...rolhikfqmy
2025-12-12 16:13:09 - ai_model - DEBUG - ✅ AI模型初始化完成
2025-12-12 16:13:09 - ai_model - DEBUG -    模型: deepseek-ai/DeepSeek-V3
2025-12-12 16:13:09 - ai_model - DEBUG -    Base URL: https://api.siliconflow.cn/v1
2025-12-12 16:13:09 - ai_model - DEBUG -    API Key: sk-gsaohhwdtofontqfo...rolhikfqmy
2025-12-12 16:13:17 - ai_model - DEBUG - ✅ AI模型初始化完成
2025-12-12 16:13:17 - ai_model - DEBUG -    模型: deepseek-ai/DeepSeek-V3
2025-12-12 16:13:17 - ai_model - DEBUG -    Base URL: https://api.siliconflow.cn/v1
2025-12-12 16:13:17 - ai_model - DEBUG -    API Key: sk-gsaohhwdtofontqfo...rolhikfqmy
2025-12-12 16:13:18 - ai_model - DEBUG - ✅ AI模型初始化完成
2025-12-12 16:13:18 - ai_model - DEBUG -    模型: deepseek-ai/DeepSeek-V3
2025-12-12 16:13:18 - ai_model - DEBUG -    Base URL: https://api.siliconflow.cn/v1
2025-12-12 16:13:18 - ai_model - DEBUG -    API Key: sk-gsaohhwdtofontqfo...rolhikfqmy
2025-12-12 16:13:50 - ai_model - DEBUG - ✅ AI模型初始化完成
2025-12-12 16:13:50 - ai_model - DEBUG -    模型: deepseek-ai/DeepSeek-V3
2025-12-12 16:13:50 - ai_model - DEBUG -    Base URL: https://api.siliconflow.cn/v1
2025-12-12 16:13:50 - ai_model - DEBUG -    API Key: sk-gsaohhwdtofontqfo...rolhikfqmy
2025-12-12 16:13:52 - ai_model - DEBUG - ✅ AI模型初始化完成
2025-12-12 16:13:52 - ai_model - DEBUG -    模型: deepseek-ai/DeepSeek-V3
2025-12-12 16:13:52 - ai_model - DEBUG -    Base URL: https://api.siliconflow.cn/v1
2025-12-12 16:13:52 - ai_model - DEBUG -    API Key: sk-gsaohhwdtofontqfo...rolhikfqmy
2025-12-12 16:14:00 - ai_model - DEBUG - ✅ AI模型初始化完成
2025-12-12 16:14:00 - ai_model - DEBUG -    模型: deepseek-ai/DeepSeek-V3
2025-12-12 16:14:00 - ai_model - DEBUG -    Base URL: https://api.siliconflow.cn/v1
2025-12-12 16:14:00 - ai_model - DEBUG -    API Key: sk-gsaohhwdtofontqfo...rolhikfqmy
2025-12-12 16:14:59 - ai_model - DEBUG - ✅ AI模型初始化完成
2025-12-12 16:14:59 - ai_model - DEBUG -    模型: deepseek-ai/DeepSeek-V3
2025-12-12 16:14:59 - ai_model - DEBUG -    Base URL: https://api.siliconflow.cn/v1
2025-12-12 16:14:59 - ai_model - DEBUG -    API Key: sk-gsaohhwdtofontqfo...rolhikfqmy
2025-12-12 16:15:02 - ai_model - DEBUG - ✅ AI模型初始化完成
2025-12-12 16:15:02 - ai_model - DEBUG -    模型: deepseek-ai/DeepSeek-V3
2025-12-12 16:15:02 - ai_model - DEBUG -    Base URL: https://api.siliconflow.cn/v1
2025-12-12 16:15:02 - ai_model - DEBUG -    API Key: sk-gsaohhwdtofontqfo...rolhikfqmy
2025-12-12 16:15:19 - ai_model - DEBUG - ✅ AI模型初始化完成
2025-12-12 16:15:19 - ai_model - DEBUG -    模型: deepseek-ai/DeepSeek-V3
2025-12-12 16:15:19 - ai_model - DEBUG -    Base URL: https://api.siliconflow.cn/v1
2025-12-12 16:15:19 - ai_model - DEBUG -    API Key: sk-gsaohhwdtofontqfo...rolhikfqmy
2025-12-12 16:16:24 - ai_model - DEBUG - ✅ AI模型初始化完成
2025-12-12 16:16:24 - ai_model - DEBUG -    模型: deepseek-ai/DeepSeek-V3
2025-12-12 16:16:24 - ai_model - DEBUG -    Base URL: https://api.siliconflow.cn/v1
2025-12-12 16:16:24 - ai_model - DEBUG -    API Key: sk-gsaohhwdtofontqfo...rolhikfqmy
2025-12-12 16:16:26 - ai_model - DEBUG - ✅ AI模型初始化完成
2025-12-12 16:16:26 - ai_model - DEBUG -    模型: deepseek-ai/DeepSeek-V3
2025-12-12 16:16:26 - ai_model - DEBUG -    Base URL: https://api.siliconflow.cn/v1
2025-12-12 16:16:26 - ai_model - DEBUG -    API Key: sk-gsaohhwdtofontqfo...rolhikfqmy
2025-12-12 16:16:30 - ai_model - DEBUG - ✅ AI模型初始化完成
2025-12-12 16:16:30 - ai_model - DEBUG -    模型: deepseek-ai/DeepSeek-V3
2025-12-12 16:16:30 - ai_model - DEBUG -    Base URL: https://api.siliconflow.cn/v1
2025-12-12 16:16:30 - ai_model - DEBUG -    API Key: sk-gsaohhwdtofontqfo...rolhikfqmy
2025-12-12 16:16:30 - ai_model - DEBUG - ✅ AI模型初始化完成
2025-12-12 16:16:30 - ai_model - DEBUG -    模型: deepseek-ai/DeepSeek-V3
2025-12-12 16:16:30 - ai_model - DEBUG -    Base URL: https://api.siliconflow.cn/v1
2025-12-12 16:16:30 - ai_model - DEBUG -    API Key: sk-gsaohhwdtofontqfo...rolhikfqmy
2025-12-12 16:16:45 - ai_model - DEBUG - ✅ AI模型初始化完成
2025-12-12 16:16:45 - ai_model - DEBUG -    模型: deepseek-ai/DeepSeek-V3
2025-12-12 16:16:45 - ai_model - DEBUG -    Base URL: https://api.siliconflow.cn/v1
2025-12-12 16:16:45 - ai_model - DEBUG -    API Key: sk-gsaohhwdtofontqfo...rolhikfqmy
2025-12-12 16:16:48 - ai_model - DEBUG - ✅ AI模型初始化完成
2025-12-12 16:16:48 - ai_model - DEBUG -    模型: deepseek-ai/DeepSeek-V3
2025-12-12 16:16:48 - ai_model - DEBUG -    Base URL: https://api.siliconflow.cn/v1
2025-12-12 16:16:48 - ai_model - DEBUG -    API Key: sk-gsaohhwdtofontqfo...rolhikfqmy
2025-12-12 16:16:55 - ai_model - DEBUG - ✅ AI模型初始化完成
2025-12-12 16:16:55 - ai_model - DEBUG -    模型: deepseek-ai/DeepSeek-V3
2025-12-12 16:16:55 - ai_model - DEBUG -    Base URL: https://api.siliconflow.cn/v1
2025-12-12 16:16:55 - ai_model - DEBUG -    API Key: sk-gsaohhwdtofontqfo...rolhikfqmy
2025-12-12 16:17:02 - ai_model - DEBUG - ✅ AI模型初始化完成
2025-12-12 16:17:02 - ai_model - DEBUG -    模型: deepseek-ai/DeepSeek-V3
2025-12-12 16:17:02 - ai_model - DEBUG -    Base URL: https://api.siliconflow.cn/v1
2025-12-12 16:17:02 - ai_model - DEBUG -    API Key: sk-gsaohhwdtofontqfo...rolhikfqmy
2025-12-12 16:17:02 - ai_model - DEBUG - ✅ AI模型初始化完成
2025-12-12 16:17:02 - ai_model - DEBUG -    模型: deepseek-ai/DeepSeek-V3
2025-12-12 16:17:02 - ai_model - DEBUG -    Base URL: https://api.siliconflow.cn/v1
2025-12-12 16:17:02 - ai_model - DEBUG -    API Key: sk-gsaohhwdtofontqfo...rolhikfqmy
2025-12-12 16:50:53 - ai_model - DEBUG - ✅ AI模型初始化完成
2025-12-12 16:50:53 - ai_model - DEBUG -    模型: deepseek-ai/DeepSeek-V3
2025-12-12 16:50:53 - ai_model - DEBUG -    Base URL: https://api.siliconflow.cn/v1
2025-12-12 16:50:53 - ai_model - DEBUG -    API Key: sk-gsaohhwdtofontqfo...rolhikfqmy
2025-12-12 16:50:57 - ai_model - DEBUG - ✅ AI模型初始化完成
2025-12-12 16:50:57 - ai_model - DEBUG -    模型: deepseek-ai/DeepSeek-V3
2025-12-12 16:50:57 - ai_model - DEBUG -    Base URL: https://api.siliconflow.cn/v1
2025-12-12 16:50:57 - ai_model - DEBUG -    API Key: sk-gsaohhwdtofontqfo...rolhikfqmy
2025-12-12 16:51:01 - ai_model - DEBUG - ✅ AI模型初始化完成
2025-12-12 16:51:01 - ai_model - DEBUG -    模型: deepseek-ai/DeepSeek-V3
2025-12-12 16:51:01 - ai_model - DEBUG -    Base URL: https://api.siliconflow.cn/v1
2025-12-12 16:51:01 - ai_model - DEBUG -    API Key: sk-gsaohhwdtofontqfo...rolhikfqmy
2025-12-12 16:51:01 - ai_model - DEBUG - ✅ AI模型初始化完成
2025-12-12 16:51:01 - ai_model - DEBUG -    模型: deepseek-ai/DeepSeek-V3
2025-12-12 16:51:01 - ai_model - DEBUG -    Base URL: https://api.siliconflow.cn/v1
2025-12-12 16:51:01 - ai_model - DEBUG -    API Key: sk-gsaohhwdtofontqfo...rolhikfqmy
2025-12-12 16:51:08 - ai_model - DEBUG - ✅ AI模型初始化完成
2025-12-12 16:51:08 - ai_model - DEBUG -    模型: deepseek-ai/DeepSeek-V3
2025-12-12 16:51:08 - ai_model - DEBUG -    Base URL: https://api.siliconflow.cn/v1
2025-12-12 16:51:08 - ai_model - DEBUG -    API Key: sk-gsaohhwdtofontqfo...rolhikfqmy
2025-12-12 16:51:10 - ai_model - DEBUG - ✅ AI模型初始化完成
2025-12-12 16:51:10 - ai_model - DEBUG -    模型: deepseek-ai/DeepSeek-V3
2025-12-12 16:51:10 - ai_model - DEBUG -    Base URL: https://api.siliconflow.cn/v1
2025-12-12 16:51:10 - ai_model - DEBUG -    API Key: sk-gsaohhwdtofontqfo...rolhikfqmy
2025-12-12 16:51:28 - ai_model - DEBUG - ✅ AI模型初始化完成
2025-12-12 16:51:28 - ai_model - DEBUG -    模型: deepseek-ai/DeepSeek-V3
2025-12-12 16:51:28 - ai_model - DEBUG -    Base URL: https://api.siliconflow.cn/v1
2025-12-12 16:51:28 - ai_model - DEBUG -    API Key: sk-gsaohhwdtofontqfo...rolhikfqmy
2025-12-12 16:51:38 - ai_model - DEBUG - ✅ AI模型初始化完成
2025-12-12 16:51:38 - ai_model - DEBUG -    模型: deepseek-ai/DeepSeek-V3
2025-12-12 16:51:38 - ai_model - DEBUG -    Base URL: https://api.siliconflow.cn/v1
2025-12-12 16:51:38 - ai_model - DEBUG -    API Key: sk-gsaohhwdtofontqfo...rolhikfqmy
2025-12-12 16:51:38 - ai_model - DEBUG - ✅ AI模型初始化完成
2025-12-12 16:51:38 - ai_model - DEBUG -    模型: deepseek-ai/DeepSeek-V3
2025-12-12 16:51:38 - ai_model - DEBUG -    Base URL: https://api.siliconflow.cn/v1
2025-12-12 16:51:38 - ai_model - DEBUG -    API Key: sk-gsaohhwdtofontqfo...rolhikfqmy
2025-12-12 17:17:56 - ai_model - DEBUG - ✅ AI模型初始化完成
2025-12-12 17:17:56 - ai_model - DEBUG -    模型: deepseek-ai/DeepSeek-V3
2025-12-12 17:17:56 - ai_model - DEBUG -    Base URL: https://api.siliconflow.cn/v1
2025-12-12 17:17:56 - ai_model - DEBUG -    API Key: sk-gsaohhwdtofontqfo...rolhikfqmy
2025-12-12 17:17:58 - ai_model - DEBUG - ✅ AI模型初始化完成
2025-12-12 17:17:58 - ai_model - DEBUG -    模型: deepseek-ai/DeepSeek-V3
2025-12-12 17:17:58 - ai_model - DEBUG -    Base URL: https://api.siliconflow.cn/v1
2025-12-12 17:17:58 - ai_model - DEBUG -    API Key: sk-gsaohhwdtofontqfo...rolhikfqmy
2025-12-12 17:18:06 - ai_model - DEBUG - ✅ AI模型初始化完成
2025-12-12 17:18:06 - ai_model - DEBUG -    模型: deepseek-ai/DeepSeek-V3
2025-12-12 17:18:06 - ai_model - DEBUG -    Base URL: https://api.siliconflow.cn/v1
2025-12-12 17:18:06 - ai_model - DEBUG -    API Key: sk-gsaohhwdtofontqfo...rolhikfqmy
2025-12-12 18:32:35 - ai_model - DEBUG - ✅ AI模型初始化完成
2025-12-12 18:32:35 - ai_model - DEBUG -    模型: deepseek-ai/DeepSeek-V3
2025-12-12 18:32:35 - ai_model - DEBUG -    Base URL: https://api.siliconflow.cn/v1
2025-12-12 18:32:35 - ai_model - DEBUG -    API Key: sk-gsaohhwdtofontqfo...rolhikfqmy
2025-12-12 18:32:38 - ai_model - DEBUG - ✅ AI模型初始化完成
2025-12-12 18:32:38 - ai_model - DEBUG -    模型: deepseek-ai/DeepSeek-V3
2025-12-12 18:32:38 - ai_model - DEBUG -    Base URL: https://api.siliconflow.cn/v1
2025-12-12 18:32:38 - ai_model - DEBUG -    API Key: sk-gsaohhwdtofontqfo...rolhikfqmy
2025-12-12 18:32:46 - ai_model - DEBUG - ✅ AI模型初始化完成
2025-12-12 18:32:46 - ai_model - DEBUG -    模型: deepseek-ai/DeepSeek-V3
2025-12-12 18:32:46 - ai_model - DEBUG -    Base URL: https://api.siliconflow.cn/v1
2025-12-12 18:32:46 - ai_model - DEBUG -    API Key: sk-gsaohhwdtofontqfo...rolhikfqmy
2025-12-12 18:32:49 - ai_model - DEBUG - ✅ AI模型初始化完成
2025-12-12 18:32:49 - ai_model - DEBUG -    模型: deepseek-ai/DeepSeek-V3
2025-12-12 18:32:49 - ai_model - DEBUG -    Base URL: https://api.siliconflow.cn/v1
2025-12-12 18:32:49 - ai_model - DEBUG -    API Key: sk-gsaohhwdtofontqfo...rolhikfqmy
2025-12-12 18:32:49 - ai_model - DEBUG - ✅ AI模型初始化完成
2025-12-12 18:32:49 - ai_model - DEBUG -    模型: deepseek-ai/DeepSeek-V3
2025-12-12 18:32:49 - ai_model - DEBUG -    Base URL: https://api.siliconflow.cn/v1
2025-12-12 18:32:49 - ai_model - DEBUG -    API Key: sk-gsaohhwdtofontqfo...rolhikfqmy
2025-12-12 18:35:27 - ai_model - DEBUG - ✅ AI模型初始化完成
2025-12-12 18:35:27 - ai_model - DEBUG -    模型: deepseek-ai/DeepSeek-V3
2025-12-12 18:35:27 - ai_model - DEBUG -    Base URL: https://api.siliconflow.cn/v1
2025-12-12 18:35:27 - ai_model - DEBUG -    API Key: sk-gsaohhwdtofontqfo...rolhikfqmy
2025-12-12 18:35:29 - ai_model - DEBUG - ✅ AI模型初始化完成
2025-12-12 18:35:29 - ai_model - DEBUG -    模型: deepseek-ai/DeepSeek-V3
2025-12-12 18:35:29 - ai_model - DEBUG -    Base URL: https://api.siliconflow.cn/v1
2025-12-12 18:35:29 - ai_model - DEBUG -    API Key: sk-gsaohhwdtofontqfo...rolhikfqmy
2025-12-12 18:35:32 - ai_model - DEBUG - ✅ AI模型初始化完成
2025-12-12 18:35:32 - ai_model - DEBUG -    模型: deepseek-ai/DeepSeek-V3
2025-12-12 18:35:32 - ai_model - DEBUG -    Base URL: https://api.siliconflow.cn/v1
2025-12-12 18:35:32 - ai_model - DEBUG -    API Key: sk-gsaohhwdtofontqfo...rolhikfqmy
2025-12-12 18:35:35 - ai_model - DEBUG - ✅ AI模型初始化完成
2025-12-12 18:35:35 - ai_model - DEBUG -    模型: deepseek-ai/DeepSeek-V3
2025-12-12 18:35:35 - ai_model - DEBUG -    Base URL: https://api.siliconflow.cn/v1
2025-12-12 18:35:35 - ai_model - DEBUG -    API Key: sk-gsaohhwdtofontqfo...rolhikfqmy
2025-12-12 18:35:35 - ai_model - DEBUG - ✅ AI模型初始化完成
2025-12-12 18:35:35 - ai_model - DEBUG -    模型: deepseek-ai/DeepSeek-V3
2025-12-12 18:35:35 - ai_model - DEBUG -    Base URL: https://api.siliconflow.cn/v1
2025-12-12 18:35:35 - ai_model - DEBUG -    API Key: sk-gsaohhwdtofontqfo...rolhikfqmy
2025-12-12 18:36:07 - ai_model - DEBUG - ✅ AI模型初始化完成
2025-12-12 18:36:07 - ai_model - DEBUG -    模型: deepseek-ai/DeepSeek-V3
2025-12-12 18:36:07 - ai_model - DEBUG -    Base URL: https://api.siliconflow.cn/v1
2025-12-12 18:36:07 - ai_model - DEBUG -    API Key: sk-gsaohhwdtofontqfo...rolhikfqmy
2025-12-12 18:36:08 - ai_model - DEBUG - ✅ AI模型初始化完成
2025-12-12 18:36:08 - ai_model - DEBUG -    模型: deepseek-ai/DeepSeek-V3
2025-12-12 18:36:08 - ai_model - DEBUG -    Base URL: https://api.siliconflow.cn/v1
2025-12-12 18:36:08 - ai_model - DEBUG -    API Key: sk-gsaohhwdtofontqfo...rolhikfqmy
2025-12-12 18:36:11 - ai_model - DEBUG - ✅ AI模型初始化完成
2025-12-12 18:36:11 - ai_model - DEBUG -    模型: deepseek-ai/DeepSeek-V3
2025-12-12 18:36:11 - ai_model - DEBUG -    Base URL: https://api.siliconflow.cn/v1
2025-12-12 18:36:11 - ai_model - DEBUG -    API Key: sk-gsaohhwdtofontqfo...rolhikfqmy
2025-12-12 18:36:18 - ai_model - DEBUG - ✅ AI模型初始化完成
2025-12-12 18:36:18 - ai_model - DEBUG -    模型: deepseek-ai/DeepSeek-V3
2025-12-12 18:36:18 - ai_model - DEBUG -    Base URL: https://api.siliconflow.cn/v1
2025-12-12 18:36:18 - ai_model - DEBUG -    API Key: sk-gsaohhwdtofontqfo...rolhikfqmy
2025-12-12 18:36:18 - ai_model - DEBUG - ✅ AI模型初始化完成
2025-12-12 18:36:18 - ai_model - DEBUG -    模型: deepseek-ai/DeepSeek-V3
2025-12-12 18:36:18 - ai_model - DEBUG -    Base URL: https://api.siliconflow.cn/v1
2025-12-12 18:36:18 - ai_model - DEBUG -    API Key: sk-gsaohhwdtofontqfo...rolhikfqmy
2025-12-15 16:20:20 - ai_model - DEBUG - ✅ AI模型初始化完成
2025-12-15 16:20:20 - ai_model - DEBUG -    模型: deepseek-ai/DeepSeek-V3
2025-12-15 16:20:20 - ai_model - DEBUG -    Base URL: https://api.siliconflow.cn/v1
2025-12-15 16:20:20 - ai_model - DEBUG -    API Key: sk-gsaohhwdtofontqfo...rolhikfqmy
2025-12-15 16:20:22 - ai_model - DEBUG - ✅ AI模型初始化完成
2025-12-15 16:20:22 - ai_model - DEBUG -    模型: deepseek-ai/DeepSeek-V3
2025-12-15 16:20:22 - ai_model - DEBUG -    Base URL: https://api.siliconflow.cn/v1
2025-12-15 16:20:22 - ai_model - DEBUG -    API Key: sk-gsaohhwdtofontqfo...rolhikfqmy
2025-12-15 16:20:25 - ai_model - DEBUG - ✅ AI模型初始化完成
2025-12-15 16:20:25 - ai_model - DEBUG -    模型: deepseek-ai/DeepSeek-V3
2025-12-15 16:20:25 - ai_model - DEBUG -    Base URL: https://api.siliconflow.cn/v1
2025-12-15 16:20:25 - ai_model - DEBUG -    API Key: sk-gsaohhwdtofontqfo...rolhikfqmy
2025-12-15 16:20:25 - ai_model - DEBUG - ✅ AI模型初始化完成
2025-12-15 16:20:25 - ai_model - DEBUG -    模型: deepseek-ai/DeepSeek-V3
2025-12-15 16:20:25 - ai_model - DEBUG -    Base URL: https://api.siliconflow.cn/v1
2025-12-15 16:20:25 - ai_model - DEBUG -    API Key: sk-gsaohhwdtofontqfo...rolhikfqmy
2025-12-15 16:20:48 - ai_model - DEBUG - ✅ AI模型初始化完成
2025-12-15 16:20:48 - ai_model - DEBUG -    模型: deepseek-ai/DeepSeek-V3
2025-12-15 16:20:48 - ai_model - DEBUG -    Base URL: https://api.siliconflow.cn/v1
2025-12-15 16:20:48 - ai_model - DEBUG -    API Key: sk-gsaohhwdtofontqfo...rolhikfqmy
2025-12-15 16:20:50 - ai_model - DEBUG - ✅ AI模型初始化完成
2025-12-15 16:20:50 - ai_model - DEBUG -    模型: deepseek-ai/DeepSeek-V3
2025-12-15 16:20:50 - ai_model - DEBUG -    Base URL: https://api.siliconflow.cn/v1
2025-12-15 16:20:50 - ai_model - DEBUG -    API Key: sk-gsaohhwdtofontqfo...rolhikfqmy
2025-12-15 16:20:54 - ai_model - DEBUG - ✅ AI模型初始化完成
2025-12-15 16:20:54 - ai_model - DEBUG -    模型: deepseek-ai/DeepSeek-V3
2025-12-15 16:20:54 - ai_model - DEBUG -    Base URL: https://api.siliconflow.cn/v1
2025-12-15 16:20:54 - ai_model - DEBUG -    API Key: sk-gsaohhwdtofontqfo...rolhikfqmy
2025-12-15 16:21:10 - ai_model - DEBUG - ✅ AI模型初始化完成
2025-12-15 16:21:10 - ai_model - DEBUG -    模型: deepseek-ai/DeepSeek-V3
2025-12-15 16:21:10 - ai_model - DEBUG -    Base URL: https://api.siliconflow.cn/v1
2025-12-15 16:21:10 - ai_model - DEBUG -    API Key: sk-gsaohhwdtofontqfo...rolhikfqmy
2025-12-15 16:21:10 - ai_model - DEBUG - ✅ AI模型初始化完成
2025-12-15 16:21:10 - ai_model - DEBUG -    模型: deepseek-ai/DeepSeek-V3
2025-12-15 16:21:10 - ai_model - DEBUG -    Base URL: https://api.siliconflow.cn/v1
2025-12-15 16:21:10 - ai_model - DEBUG -    API Key: sk-gsaohhwdtofontqfo...rolhikfqmy
2025-12-15 16:22:55 - ai_model - DEBUG - ✅ AI模型初始化完成
2025-12-15 16:22:55 - ai_model - DEBUG -    模型: deepseek-ai/DeepSeek-V3
2025-12-15 16:22:55 - ai_model - DEBUG -    Base URL: https://api.siliconflow.cn/v1
2025-12-15 16:22:55 - ai_model - DEBUG -    API Key: sk-gsaohhwdtofontqfo...rolhikfqmy
2025-12-15 16:22:57 - ai_model - DEBUG - ✅ AI模型初始化完成
2025-12-15 16:22:57 - ai_model - DEBUG -    模型: deepseek-ai/DeepSeek-V3
2025-12-15 16:22:57 - ai_model - DEBUG -    Base URL: https://api.siliconflow.cn/v1
2025-12-15 16:22:57 - ai_model - DEBUG -    API Key: sk-gsaohhwdtofontqfo...rolhikfqmy
2025-12-15 16:23:02 - ai_model - DEBUG - ✅ AI模型初始化完成
2025-12-15 16:23:02 - ai_model - DEBUG -    模型: deepseek-ai/DeepSeek-V3
2025-12-15 16:23:02 - ai_model - DEBUG -    Base URL: https://api.siliconflow.cn/v1
2025-12-15 16:23:02 - ai_model - DEBUG -    API Key: sk-gsaohhwdtofontqfo...rolhikfqmy
2025-12-15 16:23:08 - ai_model - DEBUG - ✅ AI模型初始化完成
2025-12-15 16:23:08 - ai_model - DEBUG -    模型: deepseek-ai/DeepSeek-V3
2025-12-15 16:23:08 - ai_model - DEBUG -    Base URL: https://api.siliconflow.cn/v1
2025-12-15 16:23:08 - ai_model - DEBUG -    API Key: sk-gsaohhwdtofontqfo...rolhikfqmy
2025-12-15 16:23:09 - ai_model - DEBUG - ✅ AI模型初始化完成
2025-12-15 16:23:09 - ai_model - DEBUG -    模型: deepseek-ai/DeepSeek-V3
2025-12-15 16:23:09 - ai_model - DEBUG -    Base URL: https://api.siliconflow.cn/v1
2025-12-15 16:23:09 - ai_model - DEBUG -    API Key: sk-gsaohhwdtofontqfo...rolhikfqmy
2025-12-15 16:30:40 - ai_model - DEBUG - ✅ AI模型初始化完成
2025-12-15 16:30:40 - ai_model - DEBUG -    模型: deepseek-ai/DeepSeek-V3
2025-12-15 16:30:40 - ai_model - DEBUG -    Base URL: https://api.siliconflow.cn/v1
2025-12-15 16:30:40 - ai_model - DEBUG -    API Key: sk-gsaohhwdtofontqfo...rolhikfqmy
2025-12-15 16:30:43 - ai_model - DEBUG - ✅ AI模型初始化完成
2025-12-15 16:30:43 - ai_model - DEBUG -    模型: deepseek-ai/DeepSeek-V3
2025-12-15 16:30:43 - ai_model - DEBUG -    Base URL: https://api.siliconflow.cn/v1
2025-12-15 16:30:43 - ai_model - DEBUG -    API Key: sk-gsaohhwdtofontqfo...rolhikfqmy
2025-12-15 16:30:47 - ai_model - DEBUG - ✅ AI模型初始化完成
2025-12-15 16:30:47 - ai_model - DEBUG -    模型: deepseek-ai/DeepSeek-V3
2025-12-15 16:30:47 - ai_model - DEBUG -    Base URL: https://api.siliconflow.cn/v1
2025-12-15 16:30:47 - ai_model - DEBUG -    API Key: sk-gsaohhwdtofontqfo...rolhikfqmy
2025-12-15 16:30:47 - ai_model - DEBUG - ✅ AI模型初始化完成
2025-12-15 16:30:47 - ai_model - DEBUG -    模型: deepseek-ai/DeepSeek-V3
2025-12-15 16:30:47 - ai_model - DEBUG -    Base URL: https://api.siliconflow.cn/v1
2025-12-15 16:30:47 - ai_model - DEBUG -    API Key: sk-gsaohhwdtofontqfo...rolhikfqmy
2025-12-15 16:31:38 - ai_model - DEBUG - ✅ AI模型初始化完成
2025-12-15 16:31:38 - ai_model - DEBUG -    模型: deepseek-ai/DeepSeek-V3
2025-12-15 16:31:38 - ai_model - DEBUG -    Base URL: https://api.siliconflow.cn/v1
2025-12-15 16:31:38 - ai_model - DEBUG -    API Key: sk-gsaohhwdtofontqfo...rolhikfqmy
2025-12-15 16:31:41 - ai_model - DEBUG - ✅ AI模型初始化完成
2025-12-15 16:31:41 - ai_model - DEBUG -    模型: deepseek-ai/DeepSeek-V3
2025-12-15 16:31:41 - ai_model - DEBUG -    Base URL: https://api.siliconflow.cn/v1
2025-12-15 16:31:41 - ai_model - DEBUG -    API Key: sk-gsaohhwdtofontqfo...rolhikfqmy
2025-12-15 16:31:45 - ai_model - DEBUG - ✅ AI模型初始化完成
2025-12-15 16:31:45 - ai_model - DEBUG -    模型: deepseek-ai/DeepSeek-V3
2025-12-15 16:31:45 - ai_model - DEBUG -    Base URL: https://api.siliconflow.cn/v1
2025-12-15 16:31:45 - ai_model - DEBUG -    API Key: sk-gsaohhwdtofontqfo...rolhikfqmy
2025-12-15 16:31:45 - ai_model - DEBUG - ✅ AI模型初始化完成
2025-12-15 16:31:45 - ai_model - DEBUG -    模型: deepseek-ai/DeepSeek-V3
2025-12-15 16:31:45 - ai_model - DEBUG -    Base URL: https://api.siliconflow.cn/v1
2025-12-15 16:31:45 - ai_model - DEBUG -    API Key: sk-gsaohhwdtofontqfo...rolhikfqmy
2025-12-15 16:33:19 - ai_model - DEBUG - ✅ AI模型初始化完成
2025-12-15 16:33:19 - ai_model - DEBUG -    模型: deepseek-ai/DeepSeek-V3
2025-12-15 16:33:19 - ai_model - DEBUG -    Base URL: https://api.siliconflow.cn/v1
2025-12-15 16:33:19 - ai_model - DEBUG -    API Key: sk-gsaohhwdtofontqfo...rolhikfqmy
2025-12-15 16:33:22 - ai_model - DEBUG - ✅ AI模型初始化完成
2025-12-15 16:33:22 - ai_model - DEBUG -    模型: deepseek-ai/DeepSeek-V3
2025-12-15 16:33:22 - ai_model - DEBUG -    Base URL: https://api.siliconflow.cn/v1
2025-12-15 16:33:22 - ai_model - DEBUG -    API Key: sk-gsaohhwdtofontqfo...rolhikfqmy
2025-12-15 16:33:31 - ai_model - DEBUG - ✅ AI模型初始化完成
2025-12-15 16:33:31 - ai_model - DEBUG -    模型: deepseek-ai/DeepSeek-V3
2025-12-15 16:33:31 - ai_model - DEBUG -    Base URL: https://api.siliconflow.cn/v1
2025-12-15 16:33:31 - ai_model - DEBUG -    API Key: sk-gsaohhwdtofontqfo...rolhikfqmy
2025-12-15 16:34:00 - ai_model - DEBUG - ✅ AI模型初始化完成
2025-12-15 16:34:00 - ai_model - DEBUG -    模型: deepseek-ai/DeepSeek-V3
2025-12-15 16:34:00 - ai_model - DEBUG -    Base URL: https://api.siliconflow.cn/v1
2025-12-15 16:34:00 - ai_model - DEBUG -    API Key: sk-gsaohhwdtofontqfo...rolhikfqmy
2025-12-15 16:34:00 - ai_model - DEBUG - ✅ AI模型初始化完成
2025-12-15 16:34:00 - ai_model - DEBUG -    模型: deepseek-ai/DeepSeek-V3
2025-12-15 16:34:00 - ai_model - DEBUG -    Base URL: https://api.siliconflow.cn/v1
2025-12-15 16:34:00 - ai_model - DEBUG -    API Key: sk-gsaohhwdtofontqfo...rolhikfqmy
2025-12-15 16:40:38 - ai_model - DEBUG - ✅ AI模型初始化完成
2025-12-15 16:40:38 - ai_model - DEBUG -    模型: deepseek-ai/DeepSeek-V3
2025-12-15 16:40:38 - ai_model - DEBUG -    Base URL: https://api.siliconflow.cn/v1
2025-12-15 16:40:38 - ai_model - DEBUG -    API Key: sk-gsaohhwdtofontqfo...rolhikfqmy
2025-12-15 16:40:43 - ai_model - DEBUG - ✅ AI模型初始化完成
2025-12-15 16:40:43 - ai_model - DEBUG -    模型: deepseek-ai/DeepSeek-V3
2025-12-15 16:40:43 - ai_model - DEBUG -    Base URL: https://api.siliconflow.cn/v1
2025-12-15 16:40:43 - ai_model - DEBUG -    API Key: sk-gsaohhwdtofontqfo...rolhikfqmy
2025-12-15 16:40:47 - ai_model - DEBUG - ✅ AI模型初始化完成
2025-12-15 16:40:47 - ai_model - DEBUG -    模型: deepseek-ai/DeepSeek-V3
2025-12-15 16:40:47 - ai_model - DEBUG -    Base URL: https://api.siliconflow.cn/v1
2025-12-15 16:40:47 - ai_model - DEBUG -    API Key: sk-gsaohhwdtofontqfo...rolhikfqmy
2025-12-15 16:41:01 - ai_model - DEBUG - ✅ AI模型初始化完成
2025-12-15 16:41:01 - ai_model - DEBUG -    模型: deepseek-ai/DeepSeek-V3
2025-12-15 16:41:01 - ai_model - DEBUG -    Base URL: https://api.siliconflow.cn/v1
2025-12-15 16:41:01 - ai_model - DEBUG -    API Key: sk-gsaohhwdtofontqfo...rolhikfqmy
2025-12-15 16:41:02 - ai_model - DEBUG - ✅ AI模型初始化完成
2025-12-15 16:41:02 - ai_model - DEBUG -    模型: deepseek-ai/DeepSeek-V3
2025-12-15 16:41:02 - ai_model - DEBUG -    Base URL: https://api.siliconflow.cn/v1
2025-12-15 16:41:02 - ai_model - DEBUG -    API Key: sk-gsaohhwdtofontqfo...rolhikfqmy
